2.394293
347, 7772
452, 6870
546, 882
919, 4516
1261, 7939
1391, 3969
1796, 5217
3715, 8603
4926, 9260
5190, 6126
5723, 8618
5942, 8724
7572, 8400
30, 8466
713, 5448
758, 4204
993, 2071
1203, 2038
1643, 2150
1656, 7231
2265, 7715
2367, 3435
3877, 8384
3885, 7545
4162, 8287
4382, 4620
4455, 7280
4501, 8266
4824, 7388
5044, 9119
5217, 7023
5344, 9908
5500, 7927
5566, 9831
5703, 8299
5827, 7859
6460, 7737
6974, 9152
7716, 9158
8102, 8372
9045, 9221
17, 8228
111, 293
315, 7988
330, 5715
525, 2917
716, 1631
791, 2780
913, 5858
1021, 9709
1775, 4870
2450, 8289
2643, 4203
2643, 8016
2892, 6793
3067, 5307
4409, 6674
4474, 9391
4885, 8863
5041, 9981
5584, 8918
6003, 7591
6391, 9090
6454, 6558
22, 9196
38, 674
43, 9688
195, 3406
309, 7309
654, 9446
702, 6928
758, 6952
1444, 7767
2120, 2921
2168, 3474
2542, 5574
2690, 3532
2951, 6155
3122, 8568
3161, 4156
3265, 8717
3373, 5342
4300, 9851
4499, 9990
4783, 7460
4940, 6882
5234, 6586
7124, 9904
8924, 9060
9250, 9254
85, 5091
120, 1107
217, 2700
374, 7878
497, 5321
604, 2939
1403, 8508
1409, 3130
1513, 6825
1533, 7205
1745, 3876
1970, 3756
2151, 7463
2172, 3604
2271, 3004
3237, 6528
3257, 4536
4384, 5791
4793, 8794
5016, 7364
5465, 7983
5748, 7378
5950, 7954
6109, 7469
6878, 7897
65, 1565
261, 7385
552, 6151
844, 9819
1024, 1094
1265, 7978
1375, 9012
1449, 8482
2233, 9862
3043, 5406
3127, 6507
3187, 6379
3833, 5412
4108, 4763
4255, 8485
4295, 6693
4307, 8938
4690, 5223
5009, 5372
7086, 8721
7224, 8084
7651, 9806
368, 4174
472, 3913
912, 3655
1358, 4842
1750, 8213
2448, 7935
3343, 6976
3381, 6045
3430, 4252
3520, 5999
3692, 6236
4707, 6830
4791, 8922
5289, 6114
5446, 6952
5550, 6424
7108, 8588
9436, 9484
161, 6027
305, 3272
317, 8617
361, 5832
428, 1658
496, 9946
507, 7532
674, 8892
886, 5420
943, 5330
1184, 2715
1683, 2651
2351, 3788
2418, 7352
2623, 9599
2675, 8926
2951, 7051
3684, 7748
3706, 8293
3800, 4422
3923, 6993
4690, 6645
5726, 6803
6195, 6508
7295, 7536
7977, 8104
16, 3061
460, 8926
514, 7508
732, 6573
1085, 1714
1109, 6770
1159, 8838
2397, 3292
2711, 5174
2860, 8796
3056, 7191
3198, 6403
3385, 7204
3440, 5544
3507, 7693
3980, 6092
4154, 7581
4198, 5538
4335, 8511
4512, 9571
5140, 8554
5893, 6885
6726, 8423
41, 8805
606, 4701
871, 2208
933, 4701
1240, 9258
1243, 7668
1415, 4923
1610, 7317
1921, 9296
2788, 7954
3011, 9708
3429, 7258
3700, 6450
3861, 4885
3892, 7862
4800, 6752
4903, 6812
5095, 6806
5101, 5730
5842, 9669
5858, 9033
6754, 6851
7437, 9177
7593, 8691
8766, 8805
397, 7434
1097, 8575
1752, 3479
1896, 3817
1937, 6452
1948, 7978
2081, 9705
2174, 9590
2504, 5259
2958, 3513
3322, 9184
3520, 4487
3599, 5591
3792, 8263
3886, 4979
4110, 5978
4136, 7801
4387, 4732
4873, 9291
6084, 7862
6171, 6369
8432, 9040
203, 9304
246, 2853
910, 1978
1026, 2076
1420, 8740
1604, 3653
1606, 7470
1861, 3215
2150, 2278
2234, 5425
2564, 3334
2831, 7785
2885, 9437
3146, 6174
3209, 4987
3397, 8490
3473, 8296
3501, 3551
3531, 7536
3833, 4218
3950, 7900
4403, 5017
4407, 8573
4485, 9158
5240, 5612
5421, 7977
5918, 7583
6296, 6827
6492, 6714
7500, 9353
8294, 9270
8875, 9082
455, 3835
655, 2712
696, 7229
763, 2607
827, 7845
1042, 5518
1155, 9602
1607, 8524
1743, 2233
1798, 7571
1912, 3569
2070, 7388
2334, 9990
3048, 7196
3095, 3875
3233, 9701
3275, 8772
3312, 9654
3337, 4278
3470, 5936
3590, 8805
3661, 4845
4224, 7065
4259, 7822
4565, 9886
7035, 8134
17, 5076
366, 5152
774, 1210
951, 8405
1065, 2540
1093, 9453
1331, 3401
1510, 9815
1571, 7851
2424, 9555
4252, 4730
4347, 4639
6038, 6808
6356, 9223
7782, 8819
8459, 9337
55, 1366
70, 7873
179, 9518
404, 4224
555, 9424
590, 9588
655, 4809
681, 2996
955, 7411
1067, 7234
1102, 9542
1428, 7210
1796, 2025
1811, 9069
2432, 3436
3510, 7319
4185, 6821
5006, 9384
5062, 8230
5833, 9302
5838, 9599
5989, 6735
6044, 6283
6435, 7748
7213, 7998
7520, 7523
8197, 8261
8288, 9361
210, 7994
422, 2566
686, 745
1041, 6651
1241, 4549
1261, 2063
1346, 2509
1463, 9897
2057, 2688
2087, 9587
2382, 6545
2383, 2507
2408, 7601
2662, 5791
2819, 9341
3015, 4223
3092, 6283
3561, 3816
3939, 5536
4706, 9393
4790, 9045
6184, 7607
6293, 8531
6557, 6918
6637, 8266
311, 8020
312, 4667
634, 6711
1124, 9996
1721, 7258
2231, 7485
2254, 6549
2335, 9477
3649, 6802
3706, 6366
4762, 7162
5131, 7863
5622, 8458
5802, 6534
6934, 8950
6935, 8959
6949, 7508
7393, 9425
7804, 9355
8719, 9455
21, 1208
404, 4967
409, 2876
479, 3356
591, 853
1222, 7024
1385, 4585
1445, 3752
1870, 9899
2102, 3481
2216, 8969
2402, 8817
2431, 9095
3475, 9787
3916, 5014
5030, 9468
6158, 9371
8305, 8398
72, 5822
145, 8100
1119, 9706
1267, 4632
1283, 6161
1465, 6303
1540, 4671
2081, 9138
2168, 3659
2275, 7762
2313, 9057
3637, 5348
3746, 4271
3768, 9746
4329, 8905
4436, 9314
4776, 5816
4945, 6606
5192, 6884
6140, 8135
6140, 8952
6185, 6298
6381, 6776
6721, 7953
6879, 9121
6943, 7065
8172, 9001
9148, 9660
9550, 9858
41, 1909
1368, 8802
1472, 6759
1567, 9505
2375, 2738
2843, 4506
3157, 5262
3220, 6244
3302, 6766
3459, 4360
3764, 7280
3894, 6775
4039, 6598
5203, 6321
5309, 9556
5449, 9190
5531, 9550
5676, 9893
6151, 7476
6157, 6225
6202, 6363
6358, 9044
7421, 8201
8583, 9383
7, 9054
618, 1107
807, 1055
830, 9553
957, 6971
1379, 8780
1531, 2762
1534, 1746
1753, 3210
1886, 6950
2068, 9299
2298, 5609
2497, 3622
2744, 9585
3771, 7623
4778, 7542
5722, 7940
7084, 8094
7425, 9045
7471, 9432
47, 7404
49, 6796
290, 397
450, 9963
462, 9825
791, 9227
1058, 1073
1353, 6040
1449, 2390
1511, 4289
1924, 9663
2336, 2980
2903, 3300
3548, 8003
3722, 6017
4213, 7933
4949, 6828
5497, 5975
5739, 8117
5809, 8025
5937, 6831
6206, 8786
6550, 7377
6807, 9474
8149, 8274
9215, 9314
54, 2257
69, 5260
587, 5335
594, 4093
623, 9825
746, 3063
779, 7410
1252, 2396
1272, 6657
1308, 9173
1434, 2936
1486, 4535
1497, 8212
1743, 4005
2230, 5598
2263, 6376
2484, 7396
2528, 6436
2583, 8543
2666, 6694
2715, 9723
2852, 6597
3104, 3302
3477, 9303
3630, 4818
4164, 8895
4193, 6252
4548, 5310
4678, 9312
4991, 8762
5113, 9231
5177, 7937
5494, 8130
5741, 5993
5878, 6706
6674, 8028
6909, 8116
8032, 8350
8215, 9611
103, 5453
154, 4393
299, 7320
607, 5409
1174, 2315
1588, 1627
1952, 3635
2124, 9759
2817, 4308
3311, 6482
3518, 7505
4060, 8610
4329, 8200
4366, 6113
4485, 5511
5155, 9865
5298, 9161
5683, 6387
6013, 6311
6693, 8677
89, 1174
89, 3920
1178, 7205
1205, 3332
1555, 5186
1744, 3281
1844, 8430
1945, 8007
2069, 2342
2537, 5856
2658, 6999
2714, 4396
2868, 6779
3586, 4997
3774, 8533
4740, 8911
5704, 6732
6339, 9259
6461, 8849
6635, 8919
7138, 8473
7202, 8547
7679, 9602
6, 1405
315, 6295
339, 4841
443, 2432
530, 3049
817, 3857
897, 8068
1094, 5588
1194, 6374
1674, 4462
2711, 5119
3245, 9277
3617, 3793
3832, 8136
3852, 9610
4121, 8162
4343, 9421
4383, 9721
4407, 6877
4851, 9989
5011, 9728
5405, 6188
5725, 6096
6302, 6704
6579, 7377
7220, 9696
827, 5508
1982, 2813
2191, 3040
2986, 4198
3056, 3104
3063, 9153
3234, 7972
3680, 4135
3743, 4535
4005, 8096
4355, 4711
4796, 8628
5466, 5480
9, 9303
119, 6178
489, 9016
1131, 9154
1450, 9376
1585, 8033
1681, 4027
1943, 9796
2245, 9513
2262, 4909
2756, 5815
3219, 7293
3459, 9177
3578, 7917
3603, 4566
3770, 5001
3779, 9718
4262, 7753
4415, 9416
4835, 8168
5264, 7149
5797, 7463
5974, 6823
6482, 9500
6682, 6751
7260, 7480
8364, 8888
74, 3646
120, 7880
415, 568
479, 4454
519, 4268
519, 4825
682, 5912
839, 3069
1100, 2572
1163, 3417
1164, 9302
1509, 1547
1541, 7287
2011, 6564
2388, 8992
2396, 3902
3073, 7067
3109, 4377
3957, 6664
4036, 7137
4275, 6741
4558, 7317
4855, 7528
6069, 8554
6170, 8321
6247, 8026
6911, 6925
83, 7534
289, 4765
540, 1384
769, 9745
837, 7951
933, 6370
1272, 5454
1555, 2043
1693, 8299
1722, 3992
1788, 4006
1897, 7234
2057, 8008
2086, 7507
2181, 6864
2297, 6889
2372, 7345
2624, 8898
3129, 8539
3405, 3544
4437, 9262
5538, 6695
6342, 8963
6802, 9786
7179, 9022
9266, 9922
190, 3900
524, 1566
595, 2991
684, 7320
1581, 8203
1621, 3094
1841, 7203
1972, 5913
2358, 5801
2569, 3012
2730, 4026
3168, 9950
3373, 9465
4187, 9541
4466, 6487
4793, 9312
5390, 9642
5538, 8619
5562, 8104
5978, 7550
7442, 8532
8050, 9771
8400, 8941
89, 7616
710, 7587
868, 4918
1200, 4655
1407, 1576
2156, 2602
2841, 7857
3070, 7501
3123, 8579
3917, 3971
4299, 8373
4564, 9164
4781, 8896
4807, 7870
4869, 7555
5039, 5344
5317, 7322
5354, 6047
6478, 9667
6784, 8150
8093, 8344
8311, 9455
8973, 9575
9170, 9452
60, 3769
409, 9826
525, 828
621, 2802
788, 7428
951, 7643
1023, 4051
1313, 9631
1381, 7039
1575, 2124
1850, 2777
2058, 5954
2170, 2366
2270, 7979
2551, 7129
2720, 5496
3043, 6808
3905, 6132
4038, 7608
4076, 6621
4211, 5248
4491, 8112
5059, 8065
5370, 6310
6419, 7154
7058, 8236
7477, 8599
8596, 9953
8599, 9625
9118, 9554
183, 4974
422, 5161
479, 7378
483, 3279
517, 5517
657, 2020
744, 9959
1083, 4641
1866, 9129
2118, 2195
2444, 9869
2642, 8422
2780, 7358
3069, 9428
3087, 6252
4014, 7329
4131, 4495
4464, 7044
5367, 5678
6340, 9747
7102, 7492
9085, 9357
9276, 9841
316, 831
332, 3440
729, 4761
880, 4003
897, 2271
913, 1365
1120, 8776
1198, 6589
1231, 1893
1529, 7974
1587, 8153
1639, 9638
1709, 3220
1841, 6718
2031, 7365
2188, 5847
2458, 2738
2503, 7378
2629, 9367
3131, 5448
5677, 6205
5792, 9712
5820, 6161
6060, 9914
7312, 7491
8738, 9567
8784, 9089
388, 6111
968, 2317
1315, 3113
1428, 3512
1557, 4511
1992, 3346
2256, 6791
2377, 6090
2423, 8917
4163, 7480
4934, 6304
5895, 6008
6066, 7130
7014, 7862
7411, 7886
9050, 9145
204, 3844
1139, 8220
1311, 7876
1465, 7084
1634, 8187
1646, 2082
1807, 6392
2130, 6429
2266, 8527
2283, 2541
2923, 6405
2947, 3438
3064, 8413
3857, 8201
4449, 7205
4601, 8854
5429, 9161
6611, 9677
7632, 9424
31, 1299
80, 7409
279, 5186
304, 2704
522, 9639
948, 1939
977, 7900
1530, 5598
1698, 8639
2028, 7121
2320, 9334
2528, 5651
2988, 7582
3148, 5270
3275, 7618
3436, 8512
3812, 8142
3821, 9898
3842, 5454
4072, 8277
4358, 9058
4550, 6074
4862, 9945
4989, 8656
5706, 6625
6083, 8877
6203, 8398
6478, 8519
7091, 8593
7680, 8101
8526, 9966
8564, 9178
42, 9911
165, 7652
403, 5482
437, 2813
667, 9347
681, 3839
1105, 1567
1814, 6391
1834, 3163
3275, 8420
3375, 6114
3497, 9441
3555, 7515
3668, 9573
4029, 8575
4137, 9023
4431, 6997
4456, 9916
5659, 7079
5869, 8150
6338, 9570
6629, 8538
7578, 9296
7995, 8060
8391, 8755
106, 7187
203, 2213
213, 5823
697, 2252
903, 5960
987, 1134
998, 7864
1013, 2113
1475, 2540
1890, 1951
2114, 5878
2264, 7706
2360, 9060
2445, 9127
2534, 6466
2565, 5854
2585, 7340
3255, 3333
3443, 7440
3709, 9879
4042, 5997
4126, 9972
4919, 4957
5585, 9528
6437, 8301
7252, 9206
221, 8719
1068, 6624
1427, 2805
2067, 3658
2950, 9584
3046, 7228
3137, 6108
3182, 8182
3270, 8828
3815, 7461
4491, 6359
4931, 9621
5111, 5525
5745, 5914
6125, 7221
6191, 9475
6552, 9896
7200, 9733
8025, 8428
8295, 9798
9251, 9392
28, 2902
71, 1304
693, 3975
730, 5898
1652, 4717
1907, 5910
2307, 6169
2417, 7079
2635, 4222
3249, 9889
3864, 7594
4014, 5356
4135, 9097
4174, 6198
4532, 7168
4672, 6507
5091, 6460
5564, 9996
5585, 8284
6310, 9400
6945, 7493
8801, 9651
235, 512
517, 4514
747, 6393
909, 8409
1010, 9325
1375, 4208
1684, 5276
1773, 8970
1883, 9415
1884, 5753
1930, 4178
2027, 4369
2041, 6209
2123, 7737
2124, 4983
2392, 8452
2474, 6898
2555, 3260
2934, 2996
2939, 8619
4417, 4908
5092, 7645
5350, 6994
5498, 6132
5653, 6426
5836, 6541
9117, 9623
15, 2629
56, 5583
1000, 7924
1159, 9054
1516, 8885
1980, 2263
2084, 2480
2087, 8531
2390, 2580
2427, 2730
2434, 5151
2613, 5663
2811, 2859
2974, 7459
3152, 6448
3333, 5621
3711, 5772
4633, 9182
4863, 9138
5347, 9756
5367, 9486
5393, 6899
5446, 5692
6575, 7836
6820, 7924
6889, 9995
7064, 7889
6, 4347
55, 9442
453, 1525
649, 4787
825, 7155
1348, 4574
1821, 6478
1882, 5178
2114, 4055
2169, 3788
2659, 6145
2703, 6551
2759, 3169
2924, 9522
3717, 4128
3958, 8826
4672, 5439
5130, 5488
6556, 8544
7221, 9885
7542, 8048
357, 9168
554, 4505
2036, 3684
2642, 5955
3038, 5582
3234, 7869
3351, 4853
3386, 5190
3966, 5196
4429, 9994
4989, 5592
5107, 5269
5284, 5290
5478, 7393
5754, 9421
5928, 9114
6365, 9657
7081, 9068
7349, 9172
7526, 8307
8630, 9253
16, 4486
192, 2438
458, 1793
528, 1449
599, 5689
799, 3947
842, 8854
1032, 7997
1209, 6426
1229, 2296
1558, 8612
1769, 3420
2354, 5428
2423, 5811
2591, 7515
3994, 6974
4079, 8185
5125, 8683
5346, 8796
5886, 9184
6695, 6741
8545, 9013
8926, 9391
9062, 9597
19, 9034
64, 743
325, 3634
379, 4405
650, 6275
791, 2380
900, 8264
910, 8992
1052, 1067
1309, 7928
1603, 7868
1683, 3874
1689, 5015
1773, 9586
1934, 5509
2372, 8719
2534, 4395
4022, 8572
4824, 8012
4830, 5551
5458, 5848
5695, 7666
7306, 9782
7606, 8738
8447, 9121
39, 3389
196, 5561
228, 772
432, 3827
554, 2484
561, 3632
607, 9061
717, 3937
1176, 7844
1388, 8406
1557, 1843
1641, 8422
1646, 6721
1797, 8437
2198, 6747
3245, 4769
3544, 3740
4549, 8259
5423, 9896
5696, 9786
6242, 6529
6545, 7170
8181, 8907
8741, 8977
121, 1097
226, 5797
467, 2386
1245, 4453
1300, 4150
1423, 7428
1433, 6425
1526, 5435
1700, 5335
2339, 4607
2904, 4106
2995, 8255
3569, 6100
3845, 5661
3860, 8315
4301, 7565
5926, 9005
6577, 9805
6827, 8691
7824, 7897
73, 5912
458, 1644
660, 3940
681, 8246
693, 1685
1897, 8997
1916, 5211
1936, 3425
2273, 7707
2289, 9610
2365, 6032
4385, 8148
4576, 6939
4583, 9661
4727, 9232
5290, 9424
5384, 6829
5832, 6419
8634, 9877
110, 4115
315, 2142
722, 6330
793, 8749
873, 6190
1154, 1535
1161, 6055
1825, 6051
1885, 3724
2010, 7891
2032, 9049
2225, 4945
2313, 6099
2695, 8534
2869, 3511
3280, 3702
3526, 5939
3546, 4017
3628, 9989
3631, 5205
3772, 6759
3818, 5638
3881, 8977
4036, 8392
4163, 7070
4291, 6691
4454, 5050
4727, 7582
5083, 7986
5510, 7379
5664, 9730
5900, 9203
6107, 7085
6114, 7361
7038, 9227
7349, 8051
8372, 9684
22, 4766
214, 4011
240, 4395
334, 2148
686, 1402
720, 6175
751, 4269
977, 7215
1355, 7648
1486, 1746
1615, 6336
1647, 5162
1704, 9384
1925, 9870
1977, 2130
2296, 7132
2978, 7954
3321, 9854
3778, 4527
4027, 5604
4624, 5620
4699, 6904
5471, 9903
6638, 9224
6853, 9567
8025, 9875
322, 7378
485, 5073
498, 7061
562, 3230
1038, 4983
1409, 9044
1474, 3365
1615, 7589
2011, 2213
2022, 8544
2080, 4181
2526, 3853
2616, 9387
2891, 9014
2928, 7781
3050, 9661
3110, 3318
3165, 9130
3255, 9854
3727, 3951
4544, 9570
4975, 6779
5264, 8026
5469, 7949
6762, 8913
8402, 9259
185, 4504
577, 7448
697, 3476
826, 6360
924, 7066
1049, 3082
1494, 7539
1736, 6205
2253, 2752
2308, 3867
2695, 9414
3004, 5238
3205, 6093
3480, 4106
4067, 9514
4084, 6185
4526, 5915
4652, 6018
4770, 5887
5148, 8766
5680, 6115
6399, 7089
6631, 9554
6642, 8218
7658, 7891
7999, 8264
8603, 9171
183, 5622
235, 391
311, 1868
585, 956
894, 5194
1024, 3864
1286, 8758
1420, 5274
1562, 4843
1568, 6828
2103, 9656
2157, 3384
3331, 8826
3709, 6783
4685, 9090
4933, 8747
5504, 6160
7617, 9137
8531, 9627
9340, 9943
356, 8258
493, 4284
1417, 9756
1530, 7710
1557, 1684
1799, 1819
2211, 3721
2315, 7474
2360, 4929
3317, 8524
3397, 8280
3448, 6872
4195, 6093
4314, 5890
4393, 9953
4702, 5274
4807, 5344
6310, 7823
6649, 9794
6969, 7704
7814, 9674
66, 687
416, 5739
627, 6846
677, 5121
843, 4768
888, 3579
997, 8847
1445, 2622
1487, 7703
2005, 9663
2429, 3428
2463, 3388
2522, 6850
2770, 5274
3120, 9786
3203, 3427
3413, 9409
3554, 5235
3757, 3807
3990, 7288
4602, 9008
4980, 7096
5333, 9838
7092, 8922
8029, 8672
8583, 9556
81, 8397
232, 2314
357, 9660
565, 8403
1498, 7119
1577, 8575
1803, 9909
1900, 4752
2296, 3070
2353, 7790
2700, 3417
3023, 6705
3074, 3633
3118, 4163
3314, 9506
3428, 4680
3482, 8814
3522, 6151
4046, 8995
6101, 8605
6795, 7415
7501, 7895
7580, 9958
8286, 9968
8645, 9701
109, 2838
125, 534
804, 3381
936, 5310
1203, 1363
1212, 3047
1606, 8755
1828, 3686
2021, 4716
2423, 6619
3050, 3602
3278, 7989
5999, 9627
8307, 8433
8386, 9391
25, 2529
73, 2018
413, 7294
514, 809
930, 1148
1102, 4995
1252, 3009
1406, 7814
1491, 2959
1529, 8149
1552, 2195
2187, 8221
2850, 3996
3162, 7029
3178, 7896
3427, 5687
3602, 8006
3964, 9593
4492, 9411
4559, 9196
4564, 6187
4599, 6205
5252, 5437
5829, 6003
716, 2956
1011, 4557
1119, 3235
1136, 2369
1182, 3062
1199, 5970
1779, 4848
1834, 7482
2596, 5445
3261, 4866
3643, 6317
4050, 9089
4177, 7094
4260, 7349
4372, 5425
4598, 8659
4865, 5847
5662, 8827
6627, 6864
7602, 7813
38, 6787
335, 5565
364, 1778
536, 1263
604, 7516
608, 8408
691, 7401
811, 8210
935, 4018
1092, 8291
1238, 2009
1390, 5781
1448, 2683
1451, 8123
1798, 4887
1840, 2561
2009, 7244
2943, 5426
3730, 9237
3869, 5036
3974, 9127
5339, 7204
5703, 7640
5774, 7949
6406, 8124
6608, 7454
8760, 8933
36, 4974
125, 2523
336, 6661
551, 6730
695, 4277
1337, 4175
1337, 8052
1353, 3708
1362, 6986
1633, 1940
2077, 5005
2367, 5484
3096, 5157
3510, 6451
3843, 5203
4352, 5790
4359, 4483
4418, 8014
5154, 8929
5264, 6549
5448, 5995
6217, 6321
342, 4611
806, 1964
830, 6647
1857, 4305
2936, 5964
3317, 9054
3564, 6801
3650, 4487
4191, 9097
4371, 5589
4496, 6199
5267, 6103
5476, 6286
5592, 6844
5614, 9307
5681, 6802
6787, 7632
7225, 7894
7331, 9112
9010, 9925
662, 6667
1162, 1289
1339, 6388
1429, 4865
1547, 4472
1839, 6474
1849, 6418
2046, 9365
2159, 4713
2471, 8193
2806, 7602
2824, 8811
3136, 4028
3211, 4981
3512, 4757
3832, 7707
4263, 6680
4377, 8717
4828, 9525
5687, 8437
6420, 7432
6493, 8896
7005, 7804
7388, 8396
8468, 8832
350, 6782
640, 2154
653, 7530
743, 5284
1208, 9609
1274, 2614
1283, 4002
1292, 1840
1367, 3523
1413, 4649
1788, 2804
1917, 4213
2021, 9305
2022, 9240
2830, 4342
3235, 8078
3614, 7735
3698, 7665
3776, 3892
3939, 5002
4051, 4937
4109, 5350
4367, 5857
4703, 6696
5084, 6491
5150, 5516
5244, 8059
5316, 8194
5385, 9527
5727, 9468
6483, 8699
7281, 9669
7865, 8921
9102, 9340
279, 8170
672, 3128
932, 9666
977, 6534
1177, 3495
1723, 6416
1730, 1979
1751, 9638
2261, 7953
2359, 3450
3184, 7307
3337, 4937
3385, 3812
3629, 9227
3961, 6216
4430, 9224
4441, 9194
4705, 6804
5007, 8994
5022, 5063
6114, 6939
6321, 9439
6598, 7164
6863, 6961
7754, 9634
8945, 8990
88, 9838
109, 3611
125, 6441
702, 4547
1003, 7971
1078, 3513
1184, 3631
1192, 3399
1419, 6714
1900, 5538
2016, 9419
2365, 9459
2589, 2743
2926, 4384
3117, 4140
3351, 9699
3955, 7168
4606, 9054
4686, 8473
6344, 7293
6353, 9262
6382, 8099
6923, 7294
6955, 9378
6963, 7353
7695, 8520
146, 1876
517, 4161
592, 9527
789, 4069
1006, 9397
1536, 4049
1574, 4496
1655, 9178
1701, 5325
2543, 5108
2711, 7826
2979, 6782
2995, 4692
3250, 3457
3692, 6543
3784, 8829
4371, 8466
4536, 8219
6138, 9257
7223, 8642
7757, 8055
8188, 9923
13, 8974
34, 5754
489, 8788
620, 3765
730, 8077
770, 1107
925, 1448
1117, 3572
1526, 1610
2103, 3229
3243, 8753
3689, 8853
3715, 6259
4207, 5478
4342, 6979
5040, 6545
5156, 5478
5536, 7455
6999, 7954
8854, 9294
319, 8168
485, 7058
735, 1561
915, 6554
1341, 4175
1475, 9545
2007, 2038
2027, 9407
2057, 6128
2066, 4258
2187, 9473
2464, 3634
2504, 5351
2887, 8306
3360, 6868
3476, 3925
3504, 7374
3604, 7413
3727, 6067
3747, 7691
3763, 7843
4026, 4120
4078, 8032
4104, 5394
4289, 5784
4390, 6323
5089, 9116
5451, 6745
5827, 8274
5912, 8021
5952, 8597
5999, 6088
6196, 6386
6286, 7132
6873, 6954
6890, 7763
8050, 8176
8125, 8981
109, 4344
577, 8539
664, 7477
749, 8161
841, 9568
859, 8616
1134, 3744
1886, 3452
2544, 3965
2544, 7832
2649, 3565
2797, 6073
3290, 9258
3887, 8668
4602, 7671
6476, 7853
7717, 9164
152, 3308
399, 623
443, 1608
538, 9612
1292, 9040
1400, 3556
1625, 9750
1660, 4270
1972, 7996
2229, 9938
2428, 7130
2464, 3137
2489, 5321
2533, 5621
2938, 4093
3068, 7676
3102, 7931
3198, 6730
3223, 8806
3574, 7755
3628, 4567
4226, 6995
4659, 4700
5567, 9445
6023, 9020
6464, 7183
8266, 9700
141, 733
246, 4222
1013, 8398
1197, 6992
1767, 6863
2027, 9009
2219, 9687
2351, 6359
2411, 7593
2516, 7450
2581, 5109
2866, 5356
3195, 6344
3626, 6275
3690, 9537
4846, 9108
5521, 5772
5564, 8010
5592, 8777
6770, 9534
7930, 8707
130, 9694
198, 6500
326, 4913
848, 3913
946, 8143
958, 6870
1037, 6077
1065, 3102
1345, 4559
1381, 4710
2263, 7606
2416, 8805
2611, 3288
3012, 3746
3225, 9588
3263, 9918
3271, 9036
3277, 3857
3804, 8748
3885, 4606
3990, 6261
4009, 5125
4528, 7172
4753, 6440
5027, 7712
5140, 8401
5598, 6994
6184, 9446
7215, 9632
7396, 8737
7508, 9409
8033, 9039
8345, 9698
9678, 9888
13, 5275
51, 1599
299, 2899
352, 9143
484, 7758
513, 5243
513, 7173
542, 6886
1078, 6144
1147, 1656
1230, 9740
1296, 2227
1548, 4988
1561, 2556
1731, 3950
1812, 5968
1908, 6308
2075, 2313
2211, 2848
2409, 3718
3090, 5129
3694, 4401
3725, 8299
4672, 6138
4717, 6244
5026, 9008
6332, 7582
7146, 9309
7417, 7437
7865, 9583
8074, 9499
120, 2510
180, 4077
269, 357
634, 2014
637, 5787
1139, 3053
1324, 1809
1358, 4601
1850, 9938
2178, 7617
2575, 7750
4392, 5676
4493, 7469
4648, 5613
4812, 6085
5421, 6733
5755, 9004
6463, 7067
6500, 9368
7312, 9274
8213, 8904
162, 6492
790, 8297
851, 8463
985, 9861
1008, 3871
1388, 9012
1514, 2065
1720, 5433
1746, 2526
1924, 3737
2615, 6599
2801, 6288
3141, 7169
3404, 6457
3759, 9969
3979, 7800
4918, 7515
5346, 6621
5833, 8578
5925, 6844
6031, 9120
6677, 7531
6829, 9955
7940, 9913
56, 5417
93, 4112
274, 2915
1093, 5630
1271, 8895
1284, 5789
1770, 5893
1801, 4637
2324, 6956
2592, 6354
2598, 4563
3109, 9206
3142, 8661
3459, 9783
4954, 7373
5011, 5308
5255, 6560
5370, 9630
5743, 6745
6550, 7435
6838, 7517
7798, 9000
7848, 7879
8052, 9748
247, 3410
274, 3111
359, 1829
423, 3871
532, 7355
984, 1267
1577, 5104
1598, 7256
2622, 5507
2819, 7744
2874, 7645
3170, 6692
3315, 7394
4131, 5815
4895, 9250
4955, 8064
5878, 8629
6360, 6876
6760, 8702
6894, 8798
7318, 8360
7520, 9951
7643, 9358
106, 4359
346, 7114
473, 3688
609, 6421
709, 4795
1118, 2192
1545, 9509
2616, 6825
2667, 8677
3054, 5403
3351, 6593
3606, 5783
3654, 7233
4854, 9804
5010, 8646
5659, 5887
5693, 9602
6242, 8511
6656, 7189
6661, 8594
7637, 8710
7646, 9050
686, 4459
906, 1914
967, 1623
1023, 3333
1668, 5301
1698, 8808
1952, 7446
2307, 8851
2364, 5779
2365, 3383
2433, 7981
2857, 3124
2911, 8923
3191, 8667
3200, 9980
3483, 3855
3594, 8284
3628, 4836
3705, 7862
3751, 4895
3841, 4529
4345, 5090
4724, 7478
4783, 9170
4792, 5772
4961, 7072
5991, 6691
6173, 7237
6837, 7852
8197, 8542
47, 2963
122, 6158
350, 7665
466, 512
533, 1404
602, 2669
641, 9182
745, 6498
838, 2732
1016, 5262
1414, 4368
1448, 5165
1694, 4834
2386, 5556
3123, 8886
3240, 7034
3310, 9415
3778, 7425
3873, 6142
3946, 6057
4588, 7883
4594, 8656
5299, 5421
7997, 8580
8099, 8588
8816, 9749
9262, 9984
212, 8058
503, 9301
545, 656
600, 9135
962, 8133
1297, 7135
1435, 2122
1762, 7844
1873, 4269
1954, 9423
2076, 8441
2194, 6571
2440, 4552
2506, 5446
2696, 6017
2738, 8336
2823, 9397
3196, 6665
3369, 9136
4087, 7687
4240, 7397
4332, 7159
5834, 7998
5852, 6927
5926, 7577
6563, 6878
7169, 9335
50, 6130
433, 3893
714, 7935
760, 7467
915, 1793
987, 3907
1421, 5154
1482, 5702
1544, 6442
1822, 9704
2376, 5329
2381, 3855
2384, 9472
2394, 8328
2414, 4417
2527, 6953
2675, 5134
3344, 4050
4369, 9740
4529, 5401
4774, 4893
5160, 8424
5327, 8294
5626, 7636
5658, 9482
5781, 6819
6234, 9032
6509, 7223
6766, 9182
8238, 8425
8415, 8416
9040, 9167
310, 1163
323, 1772
815, 6810
946, 7993
1107, 9388
1269, 9375
1451, 4564
1561, 2189
1642, 5131
1951, 2436
2047, 7352
2148, 6313
2413, 2571
2576, 4727
2614, 6079
2887, 7092
2987, 5127
3121, 3833
3129, 8404
3395, 8469
3433, 3731
4037, 7931
4077, 7679
4391, 9456
4875, 9220
5251, 8057
5366, 5601
5498, 8282
5547, 7743
239, 9000
342, 7207
425, 7589
872, 9697
1373, 7880
1847, 2440
1957, 2043
2117, 5929
2126, 4350
2548, 3451
2700, 5505
3187, 6949
3256, 5174
3389, 5350
3480, 8701
3789, 8139
3961, 4772
5657, 7421
5769, 9195
5906, 8384
6168, 9437
6246, 8656
6805, 8289
6942, 9920
6976, 7778
126, 3625
127, 2800
230, 6885
491, 1499
656, 2670
1213, 7302
1593, 2201
1655, 4379
2305, 7975
3048, 4993
3319, 6568
3362, 8584
4460, 9114
5140, 9192
5837, 7179
5974, 9541
8758, 9439
8795, 9114
31, 3080
717, 1378
954, 5616
1074, 5297
1603, 4663
1633, 3113
1657, 3539
2567, 4372
2779, 7892
2932, 7805
3432, 3592
3883, 6402
4207, 8160
4769, 5883
5145, 7699
5629, 9249
6304, 7383
6680, 9731
188, 8802
465, 6072
1037, 4835
1094, 8007
1213, 8358
1409, 1817
1882, 4416
1987, 8561
2012, 6501
2148, 6593
4516, 7715
4903, 5848
756, 8071
1058, 6203
1123, 8045
1229, 1668
1272, 6617
1506, 6950
1804, 3679
1903, 4786
2029, 2611
2439, 7576
2637, 4717
2693, 4117
3512, 6068
4356, 8576
4360, 6832
4548, 5449
4804, 5183
5516, 9857
6362, 7811
7158, 8430
391, 3387
530, 4082
586, 1443
962, 3341
1426, 6990
1621, 8170
2133, 4255
2512, 7521
2682, 9325
2836, 7483
2903, 9636
3022, 4691
4256, 5869
4436, 9183
5081, 5252
5249, 6299
5616, 9993
6078, 9447
6581, 9710
6948, 7820
7959, 9757
8127, 9824
113, 3266
121, 3419
153, 3081
322, 3161
482, 1862
647, 3240
1116, 2919
1170, 8509
1192, 2731
1518, 6243
1529, 8303
1728, 7567
2507, 7988
2563, 2939
2567, 7548
2670, 5578
3140, 3772
3235, 5951
3313, 4287
3359, 4554
3891, 6436
3990, 6001
4599, 7382
4843, 9693
4957, 9171
5128, 5555
5325, 9746
5335, 8131
6285, 8539
7012, 7075
7116, 7455
7513, 9069
7810, 8392
8282, 8419
8546, 9830
0, 2003
832, 7011
1350, 3071
1398, 3748
1613, 3346
1756, 5861
1850, 5613
1882, 4818
2007, 2383
2347, 4672
2380, 6686
2718, 9242
2906, 3448
3052, 3149
3053, 7012
3585, 6095
4279, 9199
4296, 7438
4518, 7554
4763, 5245
4819, 8627
4859, 7179
5136, 8576
5346, 5695
5744, 7773
5801, 5970
5936, 7104
6792, 9015
9285, 9310
6, 1934
697, 2878
887, 3928
898, 7631
1019, 4326
1684, 6432
1904, 3255
1970, 6095
2082, 5060
2164, 6377
2734, 3182
2839, 6707
3104, 5116
3319, 8711
3347, 8762
3734, 8228
4433, 8512
4966, 8067
5116, 5690
5860, 9591
6314, 8434
6538, 9704
6714, 6770
223, 2809
473, 7961
554, 3301
597, 5381
685, 3210
1151, 7388
1241, 5325
1304, 3667
1389, 9475
2044, 2454
2251, 4644
2861, 7252
2873, 8454
3340, 9599
4066, 8229
4378, 8839
5101, 7442
5643, 7058
5654, 9192
5738, 9186
59, 4514
783, 1168
859, 1939
878, 4094
1001, 2001
1356, 3278
1466, 7166
1743, 6436
1776, 2539
1804, 2273
2092, 5561
2608, 2906
2910, 3874
3452, 8175
4331, 6076
4979, 6424
5104, 7112
5376, 8759
5891, 6176
7247, 8274
7795, 9260
8708, 9045
298, 8253
368, 2355
511, 9277
580, 1393
1148, 1189
1903, 9226
1911, 9171
2119, 4472
2168, 2252
2307, 8584
2498, 8656
2552, 9714
2697, 3652
3079, 9011
3478, 9275
3542, 3878
3767, 4372
3782, 6348
3991, 6532
4114, 4744
4331, 8317
4934, 6365
5029, 7000
5842, 9998
7037, 9778
7092, 7820
7273, 8549
7507, 8262
7753, 8223
7921, 9370
193, 9294
395, 8909
936, 6433
1052, 9697
1107, 4529
1269, 9972
1468, 1832
1619, 7798
2439, 3852
2465, 7412
2484, 5970
2506, 5355
2666, 7353
2809, 9519
2870, 9043
3179, 5191
3585, 7204
3734, 9021
3986, 5105
5243, 8123
5268, 8275
5806, 7620
5955, 7046
6028, 6212
6113, 6706
144, 7373
981, 8838
1542, 8025
1719, 8415
1773, 6291
1841, 6214
1859, 3102
1956, 2828
2219, 4296
2251, 5648
2436, 3441
2491, 4911
2501, 5316
2961, 9667
3053, 6641
3272, 7638
4236, 4332
4810, 6218
5517, 9132
5894, 8823
6093, 9074
7148, 7652
7334, 7713
7785, 9717
74, 9581
498, 3440
734, 7997
864, 4613
1053, 1310
1159, 3126
1651, 4100
2031, 6040
2206, 2997
2494, 5369
3030, 6471
3516, 9252
3658, 7563
3817, 9668
4196, 9162
4292, 9588
4712, 8410
6299, 6380
6926, 8459
8342, 8504
26, 6234
328, 1456
459, 3738
651, 1300
665, 5413
752, 7433
1016, 3935
1309, 2579
1564, 5185
1704, 9114
1739, 4222
1868, 9061
1886, 9121
2003, 4465
2102, 5076
2238, 5560
2422, 3638
3526, 3533
4022, 8979
4300, 6532
4487, 5144
4746, 8293
4876, 8241
5587, 5878
5640, 7656
5990, 9255
6583, 8920
6600, 8289
7439, 8419
7901, 9518
8102, 9507
8325, 8880
8778, 9876
92, 480
194, 1540
196, 1735
419, 8574
1165, 2156
1357, 2868
1806, 5985
2917, 3109
3130, 6883
3358, 3988
4262, 4412
4700, 6176
5462, 8601
6688, 8036
9057, 9208
9151, 9893
321, 2477
540, 8671
658, 2237
824, 4455
993, 7067
1704, 3352
1815, 7315
1945, 5330
1975, 7415
2775, 3933
3164, 9346
3411, 5330
3653, 8044
3829, 3982
4022, 6432
4169, 6601
5008, 6781
5204, 5937
5921, 6876
5975, 9952
6104, 7013
72, 7985
84, 2994
201, 6069
210, 6861
1110, 4446
1188, 4694
1288, 3577
2360, 9937
2534, 6649
2631, 5481
2718, 3877
2890, 4175
2935, 5049
3300, 3585
3787, 5791
3893, 8528
3951, 6221
4962, 7761
5279, 7065
5366, 8235
5389, 8578
6179, 7777
6259, 6663
13, 4789
27, 8423
171, 8162
223, 632
319, 4617
876, 8163
1033, 2818
1211, 1354
1752, 3048
2578, 3963
2804, 8980
3089, 6615
3485, 3961
3706, 7668
3940, 4065
4055, 6387
4087, 8027
4804, 9189
4956, 5580
4971, 6205
5065, 6152
5465, 7107
5791, 6225
5955, 9449
5964, 9267
6739, 8796
6885, 9453
7046, 8762
7300, 7798
7459, 9293
8131, 9731
9302, 9913
4, 5345
287, 5678
1151, 2262
1156, 7968
1762, 4474
1785, 2463
2216, 7870
2351, 2598
2377, 3080
2425, 6875
2715, 9152
3158, 9440
3415, 8575
3439, 6268
4197, 6289
4420, 6693
4718, 8438
5334, 9782
5575, 8056
6111, 6340
6151, 8415
6538, 7317
7263, 7814
7561, 9536
8990, 9910
24, 5257
151, 6099
199, 840
211, 754
442, 7858
954, 6995
962, 3618
1107, 7648
1120, 2511
1376, 2690
1998, 8957
2328, 2533
2999, 8813
3339, 9627
3393, 5466
3438, 9494
3544, 8605
3558, 6622
3879, 8330
3920, 7512
4463, 6095
4648, 4896
4898, 6703
5176, 7035
5869, 9597
6154, 7915
6692, 7952
6788, 9649
7255, 9633
286, 460
356, 7955
545, 4172
887, 6514
921, 8050
1043, 5109
1215, 5366
1895, 2730
2654, 4668
2672, 8556
2755, 9469
3221, 6823
3652, 9422
3653, 7467
3668, 7977
3707, 5004
3864, 5075
4050, 6858
4285, 8763
4621, 8814
5019, 8415
5292, 9239
6397, 7572
6410, 8314
6438, 7865
7074, 9852
7304, 7498
52, 5034
352, 5800
580, 7470
1029, 5285
1175, 8559
1220, 4690
1326, 6094
1536, 5932
1618, 4468
1779, 2340
2398, 4910
2561, 3634
2589, 6267
2657, 3890
2898, 3966
3237, 8864
3331, 4814
3469, 9925
3728, 3733
4549, 7955
4738, 9107
5125, 8404
5388, 6235
5423, 7980
5524, 6816
6454, 9517
6941, 8954
7702, 9292
8076, 8179
0, 5301
174, 6494
188, 6326
302, 2379
621, 3005
783, 6226
808, 5251
900, 6401
1044, 6381
1167, 6795
1227, 3532
1725, 2527
1855, 9612
1972, 9521
2125, 4446
2827, 3804
3231, 9222
3265, 7247
3461, 9622
3672, 6400
3810, 7971
6136, 7071
6619, 9483
7385, 8877
8047, 8683
8477, 9747
380, 531
487, 3395
557, 2441
814, 2242
841, 2118
894, 2954
924, 9528
1390, 2375
1672, 5155
1809, 2584
1926, 9959
2067, 9316
2204, 2293
2359, 9364
2373, 2994
2380, 6410
2546, 3723
2977, 9240
3245, 4395
3312, 6209
3810, 8360
4333, 6042
4465, 6104
4857, 8444
5030, 5980
5933, 9892
6739, 9796
7357, 9403
7755, 8167
85, 2856
431, 730
449, 4970
812, 6804
1406, 7518
1668, 8614
1881, 6874
1951, 7805
2319, 5518
2679, 4246
2711, 4961
2880, 4758
3117, 7348
3134, 4793
3527, 6362
3890, 4112
4178, 8463
4704, 5748
5303, 8049
5577, 8704
5693, 6434
7067, 9635
7266, 9686
7592, 9373
476, 8488
529, 3785
563, 1726
945, 6738
2531, 6416
2830, 9544
2869, 9833
3298, 5474
4114, 7988
4131, 7953
4426, 9000
4920, 7770
5183, 9031
5451, 8203
5741, 9632
6253, 7557
6259, 8681
7194, 8970
7299, 8100
7636, 8759
7899, 9719
7916, 9071
8032, 8063
8473, 8659
40, 5191
610, 9328
779, 4345
877, 2236
996, 4079
1030, 6952
1043, 7621
1060, 8245
1307, 5566
1682, 3780
1709, 3017
3632, 9876
3901, 9267
4134, 9458
4192, 4512
4503, 5363
4574, 5139
4658, 7821
4819, 8976
5741, 6481
5980, 7578
6137, 7053
6902, 9333
7262, 7603
7397, 8695
8322, 8335
45, 146
286, 7579
602, 3659
660, 954
1397, 1468
1405, 3176
1715, 5368
2309, 5474
2484, 7209
2507, 8384
2957, 5538
3249, 3694
4081, 4303
4175, 8924
4194, 6279
4703, 5296
5090, 8993
5388, 8463
5597, 6170
5715, 8634
6012, 9459
6257, 6747
6874, 7838
8055, 8399
8386, 9741
9078, 9978
344, 3857
504, 6251
802, 2752
839, 4226
865, 2327
1441, 7841
1627, 6066
1635, 5468
1666, 3848
1842, 4063
1972, 8988
2477, 5218
2518, 8424
2632, 5609
2757, 4455
3122, 7802
3278, 4682
3867, 7769
4201, 7845
4338, 6874
4423, 5361
4507, 8355
4784, 9567
6320, 7031
7287, 9663
7358, 9858
8224, 9637
562, 8698
687, 5721
850, 1784
906, 6665
1091, 7866
1599, 8691
1602, 5844
1894, 4225
2729, 2804
3209, 6208
3230, 6156
3290, 5873
3597, 4653
3641, 4330
4005, 9838
4046, 7712
4056, 4836
4718, 6265
5456, 8431
7378, 7398
252, 4461
488, 683
643, 6454
806, 3767
1672, 6105
1701, 2572
1794, 3210
1965, 9643
1984, 4562
2759, 9979
3169, 9985
3783, 8525
3862, 9195
4198, 4431
4333, 5446
4351, 9157
4603, 8948
5071, 8995
5469, 5572
5581, 6337
6323, 8589
6332, 6420
6708, 8810
7356, 7647
7837, 8669
104, 1353
455, 1140
648, 3372
1204, 4034
1490, 6418
2421, 9421
2540, 4713
2677, 7613
2694, 9310
3289, 9535
3360, 5737
3538, 9633
3632, 7413
3646, 8973
3685, 8969
3870, 5148
4260, 6083
4301, 4524
4597, 7818
4646, 7808
4724, 8799
5206, 9231
6180, 7413
6190, 6192
8919, 9771
142, 8963
224, 2445
1056, 3459
1223, 6629
1258, 6319
1364, 8455
1443, 8261
1577, 4405
1904, 5953
2053, 3271
2362, 8415
2620, 9898
3050, 6043
3451, 4850
3667, 7032
3704, 7545
4253, 4868
4408, 6608
4564, 6055
4699, 7206
4772, 9003
4877, 8154
5868, 6215
6334, 6948
6648, 7783
7046, 8554
7252, 9858
8960, 9332
315, 566
350, 6661
595, 1224
812, 5107
1039, 5618
1215, 3407
1583, 6363
1634, 8218
2201, 3249
3183, 9869
3196, 9384
3338, 8083
4370, 9294
4997, 9766
5116, 6712
5456, 9598
5640, 7745
5839, 8582
7291, 9580
7644, 9196
9412, 9724
278, 4380
633, 2388
761, 1034
1630, 3094
1814, 8278
1952, 5989
2028, 8959
2188, 5777
2399, 8307
3737, 9914
3900, 8230
4406, 5808
4414, 8718
4563, 6257
4737, 5707
4910, 8080
5692, 6416
8812, 9538
9754, 9945
67, 2973
149, 5465
211, 2603
528, 3828
1091, 9959
1230, 8727
1476, 3937
1582, 2645
1583, 2958
1717, 5499
1923, 5468
1939, 2926
2360, 2455
2912, 3675
2938, 6458
3002, 8782
3266, 8836
3657, 8235
4192, 7970
4234, 5881
4605, 7083
7150, 8781
7347, 8526
212, 2329
472, 5919
733, 7284
757, 4725
774, 9946
809, 2319
875, 9726
1071, 7738
1142, 4524
1460, 9722
1847, 7056
1972, 4696
2091, 2412
2247, 2636
2347, 3582
2437, 3257
3224, 8187
3264, 4091
3469, 4381
4163, 5546
4974, 7661
5003, 9345
5298, 9913
5358, 6539
5381, 8748
5408, 8376
5530, 7879
6165, 6895
6193, 7863
7263, 8305
161, 4087
261, 5552
348, 9831
446, 929
643, 3849
679, 5982
766, 6451
907, 2273
1179, 9680
1233, 3372
1853, 2393
1926, 8062
1970, 8915
2204, 2910
2885, 5119
3126, 5885
3531, 6646
3822, 8841
4095, 9745
4452, 7962
4636, 8440
4850, 9828
5282, 7761
5776, 8778
5940, 6337
6384, 7633
7825, 9669
8328, 9033
204, 3020
534, 9289
557, 7153
882, 5496
1226, 3528
1306, 2371
1309, 9098
1415, 9691
1619, 7657
1711, 2913
2196, 5353
2335, 9152
3584, 7038
3766, 7524
3869, 7518
4429, 6115
4859, 5730
5185, 8794
5238, 9556
6222, 7711
7466, 9339
7640, 8097
7787, 7833
8197, 8931
9302, 9622
9556, 9800
202, 4702
323, 1633
515, 5046
556, 7588
716, 3712
740, 2858
751, 5450
1035, 2568
1857, 1913
1862, 3489
1880, 9454
1893, 3241
2096, 8946
2184, 9285
2842, 6549
2975, 9657
3013, 6723
3039, 7268
3370, 9146
3849, 7423
4058, 9979
4293, 9367
4405, 6714
4657, 6656
5539, 7922
5661, 8609
6429, 8474
6478, 7837
6682, 9730
7578, 8352
8084, 9913
7, 4130
308, 3834
386, 3045
518, 9321
930, 4532
1022, 2190
1089, 2790
1305, 2735
1754, 3620
1853, 7455
2060, 8330
2137, 6411
2266, 8570
2592, 4880
3119, 5244
3614, 4648
3825, 6991
3879, 8551
4132, 5771
5059, 7237
5156, 9635
6202, 7617
6300, 6827
6965, 9079
7300, 8896
7351, 9301
8972, 9777
9408, 9492
109, 680
128, 1240
537, 889
897, 2141
928, 9771
1305, 6949
1319, 1891
1891, 8485
2444, 8165
2890, 7322
2938, 4772
3102, 6459
3267, 6248
3314, 8087
3393, 8393
3520, 6136
3523, 3916
3660, 5893
4000, 7520
4402, 4616
4930, 5753
5022, 9872
5175, 8985
5971, 7433
6058, 9879
6245, 8154
6587, 6802
6715, 8871
8661, 9837
8749, 8947
9094, 9833
31, 3546
41, 9775
477, 2578
483, 4734
579, 7466
849, 4367
1045, 4361
1072, 4729
1106, 2430
1413, 4683
1919, 7630
2331, 5962
2526, 7774
2748, 8438
3505, 3717
3586, 3827
4184, 7169
4265, 9569
4363, 6885
4610, 6921
5401, 5908
5651, 9527
5970, 7029
6048, 9018
7303, 7512
8013, 9096
8187, 9489
360, 8670
512, 7344
875, 3482
1296, 9520
1481, 4989
1678, 4141
1763, 8567
2089, 8251
3695, 3891
3727, 4570
3743, 7467
4568, 9020
4986, 6265
5035, 5429
5156, 5280
5183, 8647
5732, 8315
5984, 6423
6815, 9037
6890, 8994
7178, 9820
7258, 9862
17, 144
82, 5933
449, 1330
498, 5453
735, 9309
1002, 7795
1051, 7524
1363, 3536
1389, 6948
1458, 3216
1919, 7163
1995, 3424
2138, 7505
2357, 7005
2385, 8946
2664, 5543
2742, 9893
3025, 4940
3203, 4392
3856, 5665
3924, 4542
4084, 5322
4560, 5320
4576, 8923
4592, 8800
5265, 9392
8941, 9069
41, 3255
105, 6928
125, 5814
281, 5645
705, 870
1238, 7828
1510, 2668
1539, 7464
2279, 2342
2313, 8032
2758, 9020
2779, 7425
2833, 6476
2863, 3039
3085, 5171
3139, 5419
3269, 8912
3356, 9986
3698, 5183
3928, 8858
4039, 4632
4798, 8393
5200, 6203
5212, 6091
5258, 5643
5826, 6458
6633, 9854
6983, 8247
6989, 7778
7689, 9993
8876, 9768
8, 7176
19, 7199
23, 4375
41, 5401
257, 2663
675, 9876
696, 974
847, 3035
1257, 7376
1716, 6277
2107, 5837
2232, 5766
2330, 5415
2383, 3905
2420, 7534
2877, 6148
4036, 5642
4121, 4218
4140, 6406
4242, 7866
4556, 6528
4581, 6784
4609, 8095
5283, 8866
5297, 5528
5453, 7922
6216, 7424
7067, 8032
7114, 7119
7121, 8175
8859, 9364
155, 605
718, 2571
924, 7439
1162, 6650
1226, 9503
1340, 1618
1451, 8623
2452, 5890
2818, 9702
3153, 9983
3168, 5124
3323, 9937
3659, 6983
3844, 5427
4509, 5111
4733, 4826
5157, 7961
6318, 6516
7247, 9309
202, 1627
215, 4995
461, 2050
521, 7888
529, 9412
710, 6797
752, 5624
1147, 1559
1189, 5309
1219, 6390
1351, 2066
1506, 4707
1552, 7248
1803, 2346
1807, 4206
2003, 6636
2078, 3856
2183, 3693
2252, 3025
2346, 2762
2523, 5901
2652, 8443
3533, 9544
3742, 9124
3757, 5985
3997, 6277
4044, 6576
4347, 5680
4518, 4834
5834, 6706
6433, 6754
7438, 9546
619, 8638
721, 4126
855, 8179
893, 1981
1204, 2071
1456, 6489
1549, 6213
1606, 6580
1650, 4775
1747, 6305
2005, 6079
2099, 7705
2197, 4030
2462, 4879
2499, 3873
2572, 8768
2610, 6050
2641, 8990
2654, 7786
2842, 5326
2856, 6261
3068, 9355
3675, 3791
4117, 5993
4293, 6688
4573, 8350
4820, 5338
4820, 6423
5125, 9754
6007, 6203
6183, 9426
6183, 9528
6222, 7722
6674, 7670
7558, 8658
8193, 9357
8967, 9245
101, 4888
286, 5686
448, 2601
553, 2716
929, 1248
1981, 4116
2064, 3996
2080, 7517
2255, 5677
2265, 6007
2693, 8606
2781, 3897
3460, 9791
4162, 6145
4338, 5460
4824, 5708
4865, 9343
4882, 6024
5607, 6431
6090, 7826
6369, 7117
6471, 9221
6835, 9616
7055, 7985
122, 301
142, 1866
434, 9989
633, 9008
657, 9518
664, 3102
909, 5476
914, 4370
1144, 4283
1453, 8536
1529, 6781
1545, 7449
1582, 9935
1801, 6342
1854, 3517
1991, 9456
2062, 5020
2680, 3288
2718, 6896
3209, 8268
3229, 7008
3295, 5122
5064, 9528
5077, 5498
5110, 7725
5965, 6642
6010, 9835
6741, 7309
7147, 8757
8720, 8813
113, 7157
343, 8168
1018, 4566
1156, 7941
1273, 3504
1528, 8339
2045, 2635
2384, 5144
2766, 8662
3502, 4943
3946, 4568
3950, 5466
4151, 4200
4407, 9904
4658, 7021
4914, 6009
5305, 6994
5922, 9619
6574, 7051
114, 4386
140, 6222
501, 8148
832, 8647
1014, 9439
1063, 4946
1364, 8205
1371, 4764
1372, 6843
1427, 2102
1944, 2284
2048, 3641
2337, 4342
2598, 6040
2695, 7642
2863, 7859
2865, 9923
2964, 8307
3393, 6589
3489, 9835
3629, 6902
4265, 5720
4472, 8614
6056, 6086
6311, 8106
6340, 7819
6515, 9687
6946, 8860
7123, 7166
9319, 9575
89, 563
333, 5959
354, 9285
633, 9468
642, 3280
706, 8963
1134, 4494
1192, 2889
1421, 2605
1870, 6282
1921, 5587
1950, 2575
2539, 8069
2551, 4388
3974, 7005
4902, 5968
5369, 8634
5669, 9930
6266, 9325
6363, 9284
6513, 9459
7024, 7743
7316, 9505
7327, 9016
7464, 8402
7560, 9467
7581, 9630
33, 3020
170, 2616
204, 9083
210, 7826
283, 6726
359, 9842
468, 2017
778, 3759
1044, 9214
1178, 5238
1268, 7121
1327, 5522
1603, 7404
2024, 2517
2241, 8189
2369, 4990
2575, 2621
2726, 3030
2894, 4477
2945, 6205
2973, 9762
3032, 8085
3523, 8141
4030, 9780
4746, 8511
5069, 8433
5493, 5967
5985, 9368
7088, 7256
7337, 9903
9081, 9696
122, 4938
135, 9178
174, 4904
563, 1777
758, 2791
789, 7835
1640, 8348
1743, 7494
1749, 3407
1779, 5185
1782, 5326
1802, 6718
1991, 7292
2487, 9534
3148, 3543
3161, 6883
3163, 3256
3448, 3752
3653, 4693
3670, 9978
3784, 4653
3875, 5936
4529, 5664
4811, 6884
4827, 9487
5882, 7508
6331, 7687
6649, 7351
7655, 9270
378, 4224
455, 3044
473, 6751
550, 1270
618, 1943
883, 4358
1006, 5016
1252, 9090
1363, 4461
1699, 9698
1891, 5643
2352, 5071
2421, 9443
3160, 5184
3348, 4306
3372, 8897
3415, 5949
3615, 7203
3706, 7370
4250, 5423
4408, 7294
4566, 6664
4578, 9826
4869, 5115
5368, 9868
5483, 9646
5660, 9525
6182, 8075
6231, 8030
7716, 8341
7859, 8567
7929, 8367
8540, 8899
146, 4984
175, 5526
320, 4940
362, 9970
372, 9262
465, 7549
625, 4777
676, 5764
860, 4095
865, 8036
884, 4964
915, 8066
1007, 1298
1141, 4270
1229, 5885
1572, 5194
1777, 8604
2109, 4194
2491, 6675
2608, 5946
2623, 7892
2788, 3411
3324, 9425
3463, 7533
3488, 4842
3519, 8155
3556, 6457
3580, 3619
3886, 9896
3986, 4576
4012, 7958
4384, 5240
4545, 4791
4642, 6509
4682, 7216
4829, 8334
5139, 9262
6602, 9593
6609, 7505
7401, 7932
7489, 9446
291, 696
536, 2553
596, 4915
970, 1757
1118, 3924
1234, 4109
1479, 6796
1624, 3604
2056, 4902
2171, 8106
2205, 7791
2871, 6831
3012, 9202
3439, 4609
3524, 4005
3857, 8969
3884, 4283
4046, 7726
4391, 4767
4485, 7455
5311, 9244
5574, 6241
5737, 9556
5873, 7945
5945, 7265
6540, 7005
6709, 9200
7494, 7699
7726, 9350
8162, 9141
94, 9081
180, 7058
625, 2141
757, 4383
1208, 3871
1862, 9670
1866, 2698
2053, 8802
2095, 8916
2260, 5414
2473, 9606
2495, 9645
2958, 8029
3333, 8845
3451, 9430
4133, 8377
4708, 4716
4748, 9462
5184, 7735
5694, 9572
5837, 9075
6886, 8737
6899, 7518
7069, 9729
7871, 9055
8433, 8630
9392, 9584
36, 3608
59, 9991
285, 1552
542, 861
932, 4947
956, 4934
982, 1415
999, 8034
1074, 5597
1405, 2789
1584, 6856
1676, 3537
1733, 8325
1837, 9992
2014, 8152
2295, 2604
2884, 9641
2903, 6094
3534, 5991
4139, 6856
4570, 8959
4735, 9657
4838, 4904
5596, 5873
5825, 5956
6361, 8814
6696, 9317
6993, 8360
7356, 9722
7684, 8740
8346, 9403
265, 1573
288, 9456
1152, 3950
1258, 1660
1272, 2092
1281, 3412
1556, 2739
1990, 2867
2010, 4581
2024, 2477
2105, 3065
2305, 4622
2723, 8147
2854, 3138
2997, 8345
3144, 6488
3410, 4021
3421, 6226
3607, 9865
3851, 6750
4370, 7381
5262, 7822
7534, 9696
146, 8725
584, 1956
1313, 5039
1723, 2324
2093, 6932
2348, 8302
2370, 9795
2381, 9606
2676, 4491
2691, 7217
2787, 7067
2825, 8505
2877, 7629
3575, 7021
4088, 9085
4933, 8968
5063, 5343
5312, 6724
5918, 7892
5963, 7224
6109, 6807
6880, 8872
6935, 7158
7779, 8608
7941, 9850
99, 7780
191, 4216
253, 6999
504, 5028
681, 7159
707, 2344
865, 7334
928, 1299
1072, 1773
1131, 6217
1543, 3364
1607, 9568
3404, 5164
3832, 7336
6204, 8587
6483, 9329
7626, 7865
37, 6957
212, 8125
693, 9921
864, 8918
1114, 1742
1253, 4678
1308, 9350
1564, 1681
1734, 2610
1900, 6790
2097, 9554
2742, 7015
3465, 8879
4200, 7564
4247, 6805
4474, 4491
5619, 7228
5719, 9912
5926, 7018
6599, 6627
6694, 7875
6884, 9122
7244, 9777
8414, 8473
8813, 9357
8831, 9640
90, 7929
133, 5082
907, 6912
1090, 9832
1252, 7267
1676, 3274
1787, 8929
2363, 7145
3086, 6751
3159, 4443
3174, 9370
3301, 9195
3536, 3757
3936, 4725
4168, 4750
4989, 9751
6016, 9414
6699, 7872
7378, 9693
7553, 8298
1203, 6547
1215, 7659
1437, 4157
1477, 3782
1515, 8756
1800, 3027
2157, 8381
2896, 6559
3138, 6387
3197, 3712
3789, 8770
4252, 7731
4281, 6695
4375, 5785
4528, 7518
4843, 9004
6344, 7754
6635, 8082
6815, 9602
7255, 9255
7576, 7835
322, 516
1823, 2919
1826, 2219
1839, 4356
2915, 5365
3444, 6519
3465, 8860
3855, 4440
4049, 5856
4257, 9426
4536, 9506
4856, 5025
5019, 8584
5319, 9833
5586, 6821
5680, 7420
7353, 9726
7749, 9568
151, 7407
436, 6516
707, 9729
742, 5917
809, 4144
1021, 5246
1378, 2514
1615, 8564
1622, 3905
1678, 5801
1734, 4394
2327, 6830
2543, 3238
2829, 5926
2917, 4410
3153, 3710
3268, 3419
3438, 4942
3481, 8601
4343, 6074
4506, 6334
5217, 9115
5739, 8808
5946, 8375
6007, 6928
6065, 7142
6141, 7304
6226, 8723
7528, 9750
9049, 9212
9128, 9839
53, 148
128, 2863
457, 9163
553, 8019
1824, 3945
1866, 2683
2000, 2958
2189, 2888
2901, 3947
2948, 6088
3288, 3979
3303, 8710
3753, 4273
5038, 9965
5368, 6625
6054, 6891
6264, 6947
7089, 7526
130, 319
371, 3343
1360, 6959
1457, 2774
1526, 5591
2060, 7937
2111, 6844
2316, 2887
2357, 9657
2649, 4255
3530, 9645
3624, 8027
4153, 8646
4373, 6609
4411, 9880
4414, 7586
4710, 7653
4724, 8902
5463, 7212
5655, 9788
5931, 9591
6045, 6198
6527, 8893
6779, 9630
8039, 9027
316, 2514
876, 6181
1328, 8877
1450, 4678
1451, 5066
1739, 7997
1818, 7109
1900, 3279
1946, 3553
2643, 8101
2731, 8284
3116, 5831
3182, 6146
3187, 3929
3248, 7152
4664, 5272
4726, 7523
5103, 5108
5403, 6661
6536, 7509
7756, 8193
9326, 9856
23, 9160
74, 4977
309, 1728
557, 4883
850, 8245
1390, 3652
1468, 9686
1550, 8692
1886, 6298
2033, 2131
2190, 7816
2382, 9315
2399, 9606
2471, 6621
2562, 7191
2602, 6795
2793, 3391
2819, 9541
3658, 4377
3764, 8127
4421, 7634
4801, 7280
5351, 9687
5394, 6218
5527, 9599
6633, 9738
7234, 8543
600, 4937
629, 7214
1184, 6313
1299, 2944
1480, 3406
1502, 3208
1615, 3317
1792, 4019
1793, 9461
3119, 7299
3294, 8408
3925, 8493
4096, 4111
4831, 9219
4837, 8624
5701, 6027
5708, 7731
5717, 7963
6148, 6371
6259, 9234
6432, 8756
6675, 8510
36, 9947
64, 7992
159, 9177
800, 2039
880, 1780
966, 4718
1096, 6655
1177, 3364
1251, 8573
1268, 2191
1437, 5418
1656, 2424
1803, 3393
2178, 6693
2192, 3198
2263, 8246
2414, 6519
2469, 7564
2728, 4769
3081, 9639
3487, 8154
4475, 7669
4869, 6508
5124, 6729
5833, 9591
6297, 6661
6624, 7529
9137, 9861
65, 7813
689, 5818
1232, 3161
1506, 4648
1515, 3182
1582, 2559
2061, 6518
2169, 4090
2474, 9071
2659, 7310
3036, 9903
3433, 6548
4018, 4772
4095, 4302
4163, 6603
4287, 7421
4357, 4384
4409, 5147
4629, 8472
4948, 8547
5848, 8475
7151, 7276
7767, 8891
8898, 9535
415, 3540
453, 1699
622, 5957
1296, 5743
1589, 3119
1743, 5619
1751, 4221
1915, 8573
1981, 6347
3549, 3554
3576, 9214
3754, 8782
3811, 6263
3862, 5516
3863, 9786
4080, 5964
4595, 9192
4823, 9642
4951, 9105
5162, 9001
5186, 9234
5824, 8771
6807, 9709
7123, 8526
7677, 9363
7768, 8946
8530, 8645
8669, 9188
175, 3888
629, 7370
910, 3295
929, 6141
1024, 3098
1120, 7869
1237, 7843
1293, 9737
1785, 8155
1872, 2073
2035, 7868
2174, 2402
2207, 7472
2758, 7400
3114, 9046
3366, 6074
4251, 5726
4758, 7642
4872, 6868
5135, 5239
5687, 7929
7060, 7918
7545, 8829
7931, 9789
8919, 8931
63, 1073
111, 2811
349, 7549
1053, 6126
1086, 5416
1243, 2210
1295, 6503
1565, 8772
1682, 4420
1747, 2370
1854, 8662
2556, 8359
2770, 5779
3007, 8564
3034, 4072
3277, 7650
4187, 6512
4202, 6786
5377, 7836
5652, 7433
6152, 9257
6459, 9096
6923, 7560
6944, 9980
8140, 8742
289, 7734
304, 5433
467, 3918
503, 8835
804, 3612
905, 8661
1457, 6959
1782, 1984
1785, 3765
1859, 4860
1872, 6864
2486, 8627
2764, 3244
2991, 4982
3746, 4591
3920, 9127
4149, 7610
4267, 4963
4407, 5360
5919, 6734
6251, 6944
6613, 9389
7583, 8902
8664, 8777
4, 9563
65, 9048
150, 261
327, 4328
568, 1922
647, 6343
737, 9443
769, 4920
959, 9251
1179, 1568
1245, 5095
1251, 9429
1266, 9118
1368, 4483
1369, 3875
1520, 2608
1584, 2126
1720, 5563
1961, 9074
1977, 3361
1980, 7618
2227, 4935
2232, 7129
2286, 3358
2434, 9182
2454, 4312
2562, 8024
2737, 3516
3475, 7179
3745, 5056
3963, 7044
4151, 7707
4690, 6722
5367, 6537
5397, 7708
5948, 8895
6027, 7313
8122, 8143
536, 4956
1109, 9960
1125, 7740
1251, 4740
1315, 9634
1714, 2352
1936, 4299
2035, 2337
2344, 9103
2359, 7311
2572, 6239
2584, 9099
3257, 4258
3445, 7108
3511, 3865
3679, 4338
4114, 9861
4719, 9230
5966, 8031
6554, 6611
9268, 9798
338, 8756
634, 8322
924, 4491
1115, 2620
1348, 2099
1931, 2399
2134, 9406
2324, 4317
2328, 4007
2415, 8902
2444, 8601
3672, 8598
3846, 9996
4045, 9501
4138, 9498
4771, 7386
5451, 7243
5542, 8897
6796, 8134
1224, 2347
1330, 3195
1389, 1506
1547, 4940
1559, 7204
1726, 2848
1823, 6739
2286, 3416
2478, 4348
3615, 9980
3713, 4234
3974, 9879
4060, 4315
4125, 5323
4146, 7795
6184, 9580
6883, 8423
8010, 8544
42, 5377
368, 3683
458, 1896
587, 1945
639, 1122
1387, 2344
1392, 3177
1659, 2151
1863, 7966
1910, 3944
2471, 2508
2497, 4027
2699, 3922
2809, 2821
2932, 5961
2985, 9978
3641, 7156
3867, 4154
4111, 4201
4638, 8739
4676, 6553
4782, 9481
5014, 7377
5487, 6227
5862, 9132
6724, 8266
6796, 7272
7205, 7406
7332, 9470
320, 3149
630, 3379
891, 9769
918, 5419
1011, 8225
1451, 8568
1680, 8635
2328, 9699
3166, 8769
4936, 8579
5794, 6176
5845, 7549
6790, 8521
8227, 9953
8414, 8927
8425, 9463
325, 6028
370, 4783
449, 7766
1036, 8931
1071, 5313
1284, 7944
1366, 3091
1456, 8271
1927, 4344
2208, 6589
2510, 7007
3168, 6440
3385, 7294
3749, 8685
4034, 6640
5062, 9443
5261, 8198
6281, 9687
7227, 8051
8353, 8830
8763, 9795
9327, 9806
662, 7981
902, 2702
955, 6652
1038, 8489
1067, 3420
1132, 4893
1599, 6258
1811, 2047
3027, 9934
3478, 7816
3952, 3989
4280, 9347
4639, 8332
5200, 6101
5322, 6054
5885, 7872
6073, 8938
6230, 8303
7099, 7954
7395, 9327
8682, 8779
104, 3347
131, 6836
707, 8246
840, 7712
1446, 3835
1711, 6350
1748, 7686
1811, 7965
2536, 3506
3231, 3911
3763, 9701
4003, 7966
4397, 9183
5376, 8991
6205, 8608
6704, 6760
8079, 9088
8603, 8770
9014, 9111
59, 7426
101, 4637
174, 4810
240, 7185
342, 4930
423, 5414
690, 1440
691, 5557
692, 8795
858, 4328
874, 5014
884, 2289
1118, 2056
1246, 6952
1432, 4584
1739, 4973
2198, 7290
2317, 4524
2355, 6220
2532, 3227
2784, 5731
2918, 4587
2986, 8217
3362, 8384
3397, 5958
3475, 5435
3540, 7735
3704, 9881
3756, 9662
3815, 4791
4132, 5558
4313, 9664
4436, 8547
4871, 9932
6962, 9309
7052, 8841
7355, 9937
7512, 7940
7636, 8828
7778, 9653
116, 9014
210, 542
917, 9733
988, 1185
1112, 8464
1149, 3190
1243, 5344
1418, 6069
1503, 8326
1800, 2824
1906, 3675
2041, 6518
2433, 3296
2571, 5617
2750, 7341
3015, 6720
3415, 8743
3890, 9706
3915, 9447
4547, 8304
4965, 9620
5483, 5905
5549, 5977
5688, 9714
6715, 8701
7444, 8958
7483, 9387
7600, 8730
498, 6983
524, 3044
728, 745
876, 3978
936, 8451
1218, 7257
1312, 3550
1550, 7300
1572, 7493
1952, 3648
2085, 5560
2090, 6737
2280, 8721
2413, 4215
2732, 8189
2800, 6811
2940, 8954
3100, 4203
3186, 5452
3303, 8287
4062, 6423
4155, 9259
4237, 5078
4358, 8207
5051, 6813
5085, 9530
5364, 8118
6391, 9986
6541, 9133
6618, 8219
131, 2537
145, 213
240, 8221
280, 6685
957, 4720
2359, 2899
2441, 2760
2472, 3235
2581, 8957
2901, 3607
2987, 4997
3420, 9025
3564, 5268
3808, 9695
4195, 9476
4255, 9194
4772, 5748
5446, 6319
5608, 8951
5740, 9911
6892, 8722
7643, 9689
8153, 9065
889, 3460
1050, 4921
1355, 3781
1388, 8263
1632, 9066
2067, 7486
2130, 2744
2377, 8493
2459, 8722
2553, 8930
2836, 5520
3639, 6380
3753, 8063
4106, 4290
4156, 9496
4492, 9888
4695, 6076
5765, 7677
6346, 9312
6738, 8605
7299, 8736
7304, 8758
7972, 8520
8574, 9142
126, 3296
212, 1611
324, 601
423, 3651
900, 4018
962, 4377
1645, 4473
1741, 2959
2404, 3514
2516, 3683
2717, 9474
2793, 5498
3122, 7020
3599, 6720
3980, 9178
4648, 9645
4791, 7507
5054, 5275
6197, 7378
6384, 8302
7479, 9841
7723, 8781
8454, 8868
207, 2114
391, 9971
447, 2194
949, 2362
1274, 6994
1411, 6041
1809, 3141
1812, 3683
1991, 3593
2219, 7101
2402, 9613
2591, 5653
2859, 6736
2887, 6205
2924, 6509
2985, 8282
4044, 8514
4044, 8709
4235, 5583
4461, 7615
4927, 7085
5169, 7892
5468, 5787
6153, 8321
6794, 7266
7150, 9626
8066, 8467
8433, 9011
30, 2505
255, 1350
287, 5565
348, 6243
661, 1740
702, 4116
735, 6378
930, 6931
1136, 2685
1968, 4181
2198, 4990
2260, 9166
2846, 6031
3259, 9634
3353, 7860
3709, 7095
4160, 5345
4398, 8218
4523, 9623
4598, 7060
4798, 9154
4852, 7942
4890, 5601
5321, 9464
5648, 6854
6041, 8203
6086, 8881
6555, 8253
6576, 9994
7192, 7898
7316, 9230
7632, 9882
7821, 8962
225, 9524
273, 6845
470, 4601
1296, 3690
2128, 7169
2165, 6771
2975, 3888
3493, 4557
3642, 5828
4522, 7523
4999, 7808
5169, 6608
5200, 7152
5382, 5666
5783, 7950
6046, 9026
6258, 7355
8269, 9764
9637, 9669
64, 1378
210, 5426
222, 694
315, 1842
468, 3039
605, 957
754, 8469
1177, 5995
1210, 4604
1670, 8361
1954, 7618
2014, 8006
2172, 7614
2416, 9197
2592, 9321
2599, 7556
2902, 6911
3549, 9065
4327, 5180
4356, 8696
4892, 5355
4901, 8898
5632, 7532
5645, 7452
5679, 7631
5932, 7734
6695, 8938
6832, 7590
6933, 7411
7691, 9466
24, 2140
193, 9439
282, 5116
336, 8047
516, 3757
924, 9981
1322, 1990
1726, 6176
1795, 4273
1815, 8419
1977, 4717
2177, 4765
2639, 8126
3487, 8211
3564, 4466
4313, 5918
5696, 7215
5793, 8549
6912, 7879
7759, 9280
8365, 8686
8914, 9956
9932, 9961
521, 2930
585, 3146
630, 823
666, 8839
694, 3431
728, 4152
890, 2663
1041, 1209
1205, 5374
1259, 5338
1315, 7348
1464, 3805
1471, 1912
1865, 7358
2077, 5165
2167, 3276
2336, 9619
2377, 2730
2416, 8765
2448, 6197
2676, 3397
3115, 6032
3291, 9539
3961, 7196
4134, 7775
4587, 5114
5483, 8554
6339, 9619
6385, 6596
7575, 8484
7976, 8898
8708, 9380
9361, 9785
113, 3360
146, 2171
695, 7667
779, 4280
890, 7989
1098, 3256
1706, 6023
1783, 5551
1890, 9544
2111, 9691
3397, 9831
3605, 6418
3858, 6932
3915, 6201
4006, 8279
4007, 7175
4605, 6883
4853, 9077
5040, 8882
6026, 6239
6668, 7250
8002, 8116
8300, 8857
6, 442
248, 886
284, 6785
383, 778
424, 2262
809, 1869
846, 7921
877, 4185
1315, 8851
1607, 2370
1825, 7219
2414, 3480
2689, 3351
2740, 5468
2948, 5619
3048, 8098
3451, 4543
4127, 5057
4472, 8515
4616, 5934
4683, 5022
4843, 9220
5459, 7067
5701, 6256
6392, 8246
6583, 6872
7278, 7363
435, 5570
524, 7216
700, 3739
787, 6497
971, 8702
1118, 1466
1462, 7603
1590, 6293
1613, 3910
1698, 2501
1859, 3222
1892, 2530
1974, 7734
2210, 4718
2236, 2938
2439, 3376
2492, 5359
2776, 4939
3238, 7842
3388, 8355
7365, 8771
8056, 9851
9047, 9727
140, 571
165, 4891
259, 2689
1131, 5364
1172, 9455
1191, 7402
1286, 2897
1435, 7334
1484, 9403
1639, 3418
1646, 3962
1801, 8705
1953, 9272
2649, 9923
3073, 4978
3410, 4641
3539, 6472
3579, 9565
3616, 7378
3775, 6961
3957, 8916
4208, 8506
5242, 9221
5325, 6215
5701, 6960
6084, 8622
6261, 6766
6836, 7405
7259, 7984
7259, 8316
9061, 9144
65, 6962
1771, 6817
2568, 4202
2695, 2997
2885, 7880
2892, 8373
3044, 5328
3064, 6246
3084, 6121
3400, 8648
3858, 4540
3870, 4388
3892, 7439
3919, 3929
4264, 6228
4396, 8137
4491, 5668
5153, 9173
5886, 9571
6347, 7184
6856, 9474
8738, 9531
524, 3734
637, 1579
764, 1145
812, 1151
1273, 5096
1317, 2806
1393, 6496
1561, 5811
1888, 4465
2036, 8882
2131, 2153
2521, 5905
3177, 3363
4139, 4817
4698, 6797
5337, 6643
5742, 7864
5755, 8324
6055, 6515
8493, 9073
357, 8723
590, 7689
628, 4848
751, 1125
1266, 4274
1297, 6247
1511, 6039
1597, 9496
1691, 5154
1891, 4152
1894, 2827
1947, 9945
2072, 7357
2736, 3192
2915, 5416
3076, 5393
3237, 6150
3629, 4011
4095, 9225
4591, 8362
4908, 9850
5765, 5935
6084, 7265
6184, 9998
6757, 8823
7262, 9564
96, 7386
178, 753
459, 1125
568, 3083
594, 5384
1382, 6833
1423, 9051
1471, 6721
2037, 5201
2236, 2641
2466, 9670
2546, 7158
3001, 4150
3398, 9518
5376, 9732
5866, 6001
6066, 9900
6210, 7985
6210, 9100
6414, 7201
6969, 7066
7378, 8796
9057, 9831
9417, 9972
313, 5444
596, 5545
915, 7613
1085, 7477
1131, 4262
1838, 6165
2068, 4080
2158, 6114
2308, 6095
2408, 7058
2729, 8426
2815, 5205
2820, 6937
2872, 6435
3057, 6598
3172, 3894
3923, 6397
4400, 9549
5054, 7028
5593, 5706
6441, 6643
6496, 9382
6529, 9042
6873, 8356
7404, 9726
28, 5309
292, 8301
536, 3963
601, 5363
712, 3629
785, 826
821, 6290
1031, 1266
1211, 3903
1301, 2564
1643, 8031
1922, 8631
2128, 6413
2435, 4671
3825, 8418
3971, 7933
4178, 8973
4436, 8234
4601, 6569
5231, 6854
5577, 6974
5822, 8903
6407, 9670
7187, 8768
9194, 9378
165, 1519
273, 7040
416, 5828
438, 2046
558, 9478
592, 5826
1855, 7469
1856, 6228
1911, 8319
2124, 3411
2166, 8777
3569, 7653
4798, 4969
5130, 5394
5155, 5829
5345, 8884
8899, 9574
533, 5200
640, 2973
807, 8327
953, 1800
1130, 7971
1768, 7058
2327, 4734
3143, 6994
3534, 4550
3805, 5427
3955, 4323
4007, 4401
4044, 9501
4804, 9202
4850, 7192
4897, 6737
5347, 7370
5673, 9139
6045, 6275
6128, 9493
6895, 7324
8299, 8739
345, 2212
364, 7941
609, 843
630, 7545
791, 7093
1056, 2851
1702, 5059
1838, 8472
2295, 9550
2775, 6223
3208, 8517
3538, 4839
3558, 6734
3751, 8755
3901, 8231
4160, 8907
5036, 7254
5474, 8355
5747, 6286
6956, 9773
7230, 9060
91, 5511
214, 4077
255, 1969
347, 8697
780, 7754
929, 6384
1002, 7210
1702, 2817
1767, 5202
2104, 5108
2209, 9690
2364, 6399
2922, 9657
3188, 6718
3421, 4387
3589, 4262
3689, 6192
3739, 8944
3925, 4160
5258, 7976
5603, 7875
6331, 9106
6369, 9884
6762, 8183
8454, 9644
387, 6024
450, 1098
593, 1816
607, 9730
627, 5763
770, 5816
796, 1442
1244, 2809
1293, 5010
1373, 6565
1613, 4654
2052, 7660
2943, 3903
3314, 6574
3477, 5991
4288, 8655
4309, 8428
5065, 5405
5633, 8017
5800, 5823
6159, 9240
6866, 8986
79, 1142
506, 7373
684, 7945
739, 9743
1088, 7301
1128, 1752
1613, 3766
1763, 4516
1866, 3386
2084, 5905
2130, 7572
2344, 3083
2420, 4318
3462, 6681
4070, 7505
4519, 6932
4558, 8175
4702, 5664
4791, 7703
4998, 5532
5218, 9712
5323, 9008
6149, 8833
6309, 6561
6404, 7706
7959, 8016
408, 8689
665, 3081
714, 980
773, 5068
1190, 5155
1551, 6345
1616, 1864
1670, 4148
1931, 7187
2058, 6454
2208, 8142
2474, 3552
2543, 9791
2549, 6831
2611, 9817
2753, 5604
2945, 4714
3170, 9462
3729, 7819
3812, 6479
4041, 6637
5223, 8273
5822, 7634
6013, 7466
6388, 9070
7742, 9230
8567, 8668
8937, 9960
9293, 9990
133, 7116
165, 9539
168, 9621
285, 5610
796, 1022
920, 4453
1039, 3634
1330, 8134
1595, 9640
1735, 4387
2184, 8689
2918, 5627
3484, 9473
3496, 9580
3695, 8804
3731, 4218
3749, 7874
3763, 7956
3978, 4391
4162, 7052
4582, 7136
4778, 5760
5105, 6571
5548, 6554
7965, 8027
8510, 9379
95, 1431
97, 9977
281, 8039
294, 4773
428, 8084
429, 1677
501, 3982
726, 7328
853, 8219
1031, 5527
1070, 3899
1099, 1216
1491, 9556
1728, 9069
1872, 5554
1929, 4451
1989, 5572
3528, 9755
3766, 8417
7340, 8949
7388, 8341
46, 700
539, 8755
963, 1918
1461, 3755
1763, 2001
1794, 5626
1993, 6712
2390, 4041
3597, 8375
4108, 5606
4462, 9675
5690, 9987
5769, 9424
5835, 8501
6107, 6195
6136, 7708
6621, 8694
7089, 7767
7409, 7799
7974, 8948
9585, 9772
78, 7742
163, 4652
888, 2569
1088, 2201
1237, 5442
1253, 3279
1640, 3558
1692, 6200
1740, 3902
1846, 3019
2086, 2835
2137, 2238
2270, 5992
2301, 2784
2496, 8791
2650, 5826
3453, 7279
3724, 7568
4528, 8852
4992, 9377
5190, 8533
5379, 8581
5531, 6707
6104, 9358
6278, 8236
6798, 7851
6858, 8265
7431, 8501
7603, 8610
313, 8916
951, 7416
1087, 1300
1496, 2713
1504, 5902
1669, 7758
1687, 7743
2107, 6889
2271, 7817
2613, 3292
2824, 5609
3129, 6082
3534, 4576
3597, 7603
4219, 6906
4280, 6963
4542, 5944
4624, 5648
6764, 7994
6836, 8490
7369, 9826
8743, 9569
443, 3711
670, 1235
751, 9609
760, 2903
920, 3769
1070, 1165
1335, 8307
1350, 3981
1608, 4834
1658, 2809
1884, 7609
2069, 3401
2087, 7774
2618, 8372
3028, 5293
3990, 9210
4213, 5789
5452, 9574
5930, 9825
6455, 9719
6785, 9311
37, 238
121, 6420
158, 7751
618, 5382
1129, 7138
1212, 5630
1266, 2171
1272, 6384
1529, 8132
1660, 3784
1677, 6029
1908, 8769
1910, 4065
2391, 7151
2466, 5971
2553, 2743
2895, 9347
3063, 7385
3329, 5509
3329, 7748
3360, 9872
3416, 7253
3523, 7118
3772, 9469
3831, 8153
4670, 9882
4675, 6468
5289, 8039
5911, 8281
6218, 6238
6919, 9631
8108, 9686
8199, 8489
8837, 9308
215, 1878
275, 6294
944, 5350
1259, 2653
1581, 7283
2118, 6818
2332, 9306
2976, 9145
3172, 8023
3940, 7322
4396, 4438
5298, 7833
5306, 9660
5565, 6872
5923, 7507
6019, 7521
7229, 7833
7248, 7488
8113, 8272
8361, 9099
9258, 9672
16, 6172
86, 9673
97, 3680
262, 8745
275, 2307
434, 8564
532, 9354
589, 7611
610, 3447
614, 9072
687, 7697
865, 8260
904, 4801
1223, 5124
1637, 3795
1840, 8220
1870, 9863
2084, 9237
2115, 4563
2386, 9627
3356, 7242
3524, 4023
4073, 9699
4404, 7118
4760, 6977
5464, 9999
5581, 6742
5708, 9223
7814, 9852
8179, 9458
97, 8269
543, 2431
698, 1610
836, 6170
880, 4222
1611, 7255
1717, 6463
1769, 6780
1803, 9920
1977, 8944
2372, 7287
2565, 3203
2622, 3988
2947, 3183
2991, 9855
3655, 5164
3708, 4074
4454, 7946
4759, 7848
5207, 5603
5663, 8815
5770, 8404
5937, 9184
6758, 9202
6873, 8441
7007, 8274
7831, 8189
9957, 9987
73, 9160
504, 1182
570, 8304
1508, 9055
1543, 1976
2819, 3776
3174, 8752
3426, 3917
3668, 8184
3736, 6922
5534, 5980
5639, 7064
5976, 6687
6397, 6423
6512, 7237
8744, 8845
1, 8931
125, 9933
297, 2723
1233, 1259
1240, 4452
1411, 7291
1468, 9596
1674, 8483
1822, 7624
3050, 9933
3917, 6362
3991, 7170
4182, 5258
4313, 6536
4720, 9818
5208, 7273
5441, 7056
6209, 7984
6761, 8976
6843, 8722
7109, 8951
7681, 9810
8085, 9041
8289, 9019
133, 3152
297, 9388
415, 3744
1564, 8875
1921, 3853
2527, 9733
3019, 8334
3165, 7497
3607, 8592
4549, 6270
4999, 7436
5330, 6629
5341, 6199
6165, 6963
6774, 7034
7335, 9237
7741, 9897
8185, 9148
8220, 9980
8283, 8342
14, 9110
337, 3417
1078, 9150
1101, 3713
1313, 5954
1323, 3541
1884, 9832
2623, 6579
2959, 7032
2980, 4994
3112, 6470
3288, 8837
3648, 6766
3671, 3773
4977, 8400
6391, 8162
7805, 7861
15, 9865
140, 9973
145, 4766
299, 1618
432, 5733
1168, 2890
1260, 1783
1754, 5533
2266, 6039
2855, 8116
3306, 7787
3341, 9218
3461, 7621
3989, 9873
4001, 7271
4432, 7762
4578, 7410
5102, 5352
5187, 6957
5389, 9630
5556, 6910
5926, 7722
6508, 7620
6679, 7813
7255, 7494
7379, 8031
7774, 8270
16, 9023
761, 6993
1184, 9240
1462, 2314
1568, 1891
2710, 8724
2965, 5300
3166, 4303
3182, 8745
3257, 7849
3342, 9438
3544, 7973
3615, 3695
4186, 7805
4436, 5802
4526, 6431
4561, 5015
5094, 7160
5135, 5810
5166, 5593
5250, 7688
5330, 6176
5820, 6071
6569, 7451
6817, 7219
7752, 8892
302, 2761
396, 4889
709, 2391
757, 6817
853, 8239
976, 7780
1270, 1420
1535, 2287
1817, 4382
1866, 3015
2269, 8591
2588, 3136
2603, 4324
3005, 5136
3436, 6684
3848, 7630
7236, 9749
7923, 9938
8094, 8804
108, 3720
268, 600
299, 7831
327, 8306
403, 2837
566, 5607
831, 4418
3296, 8629
3808, 8010
3831, 8470
4110, 9310
4135, 8664
4582, 6944
4915, 9700
5407, 8474
6214, 6497
7043, 7223
8624, 9916
9638, 9827
498, 8373
1280, 4042
1433, 2563
1590, 5434
1592, 5253
2408, 7471
3135, 5969
3321, 9691
4489, 5090
5732, 7257
6522, 9633
6865, 8491
7889, 8904
8002, 9613
197, 9829
782, 825
899, 2753
1153, 6650
1702, 9727
2076, 7029
2535, 8045
2730, 3531
2737, 3046
3550, 5877
3586, 5586
3697, 5924
3861, 5751
3877, 8367
4434, 6317
4917, 7128
5489, 5998
6030, 6120
6123, 9951
7278, 9472
9109, 9271
9239, 9429
81, 3916
105, 9739
167, 2983
380, 7583
818, 7341
959, 5200
977, 2630
1471, 4550
1630, 4266
1637, 7319
1787, 2145
2152, 8052
2705, 7970
2768, 5383
2769, 3879
2841, 5092
2859, 3242
3280, 5640
3778, 8832
3797, 7189
3816, 6825
3942, 9938
3996, 6128
4284, 5409
4466, 5007
4662, 5180
4805, 5497
4827, 7618
5341, 7033
5412, 6249
5632, 5954
6000, 7289
6893, 8349
7396, 7626
7469, 7669
7666, 8874
7781, 8433
7889, 9517
8396, 8941
8749, 9119
9262, 9660
93, 8374
573, 8691
599, 2851
1066, 3482
1087, 1382
1514, 1796
1552, 8026
1999, 8705
2101, 7432
2180, 3731
2289, 8570
2405, 2929
2465, 5747
2692, 4664
3160, 5702
3230, 4920
3398, 8240
3818, 3890
3877, 5248
3881, 8774
4012, 4800
5324, 9217
6566, 8523
7743, 9174
8517, 9684
245, 3754
389, 8692
392, 8876
475, 7206
1045, 7786
1099, 1645
1126, 8007
1903, 7530
2053, 5381
2343, 8722
2750, 4826
2889, 9463
2921, 7577
3879, 4610
3967, 4571
4345, 8609
4385, 8848
4884, 6458
5131, 9807
5319, 5590
5574, 7341
6663, 8019
6964, 7262
7227, 8891
8849, 8977
324, 5119
328, 7235
611, 9510
757, 7599
965, 6453
1349, 3481
1657, 9246
1741, 5149
2082, 2412
2089, 4435
2315, 4674
2689, 7857
2820, 6986
2851, 3133
3003, 3223
3021, 9551
3271, 4850
4194, 6781
4308, 5195
4918, 7880
5337, 7118
5973, 8112
6303, 7157
7884, 9706
108, 9973
195, 655
222, 751
281, 8698
383, 4268
558, 2992
560, 7492
940, 8884
957, 4463
995, 7258
1213, 4002
1295, 8534
1687, 3395
1690, 1863
1774, 2679
1973, 7532
2004, 2541
2279, 3188
3621, 7977
3793, 4971
4320, 4483
4537, 5843
4802, 9170
5415, 5798
5433, 7637
5742, 9051
5870, 6871
5881, 6398
5910, 6319
6074, 7542
6121, 6334
7914, 9452
8439, 8572
491, 8878
575, 6596
604, 4982
618, 1587
659, 8064
741, 5590
760, 2407
1682, 1926
1962, 7557
2064, 5663
2860, 4220
3319, 3960
3561, 5756
4183, 9098
4347, 6814
4396, 9302
4421, 5839
4774, 8980
4801, 8981
4991, 6345
5637, 9267
5640, 6661
6043, 8295
6067, 6220
6872, 9823
7478, 9514
7805, 9421
425, 1200
636, 7598
741, 7076
889, 4081
948, 3906
1035, 9248
1095, 2448
1162, 6028
1343, 8659
1493, 2499
1854, 8953
2073, 3062
2326, 4118
2527, 5883
2620, 6119
2716, 9644
3500, 4017
3529, 4153
3754, 6876
3864, 9666
5047, 8955
5430, 8135
5565, 6038
5643, 6184
5695, 6638
6386, 9616
6705, 8504
7352, 7613
7441, 7846
8774, 9365
9500, 9553
192, 2711
270, 4051
710, 5246
1011, 7970
1077, 3681
2047, 4495
2367, 3328
2450, 3788
2694, 4293
3129, 6900
3488, 6851
4339, 8620
4369, 8522
4726, 7547
5872, 9333
6057, 7711
6255, 9496
6343, 9307
7036, 8388
7187, 8046
7771, 8142
8229, 9766
142, 4686
223, 5929
799, 9742
1185, 4224
1464, 3004
1637, 1851
2591, 6189
2732, 3952
2832, 3753
2923, 6140
3143, 3826
3305, 4064
3555, 7665
3750, 5614
3917, 9430
4467, 7376
4883, 5391
6603, 8212
7479, 8639
8193, 9557
8739, 9361
139, 748
153, 2493
260, 9709
344, 8554
943, 8623
1242, 3988
1312, 9668
1365, 5388
1507, 3552
1651, 9291
1726, 2857
2526, 2720
2629, 4856
3002, 3821
3043, 5724
3160, 8700
3355, 6868
3465, 6228
3565, 6544
4222, 8332
4432, 9985
5174, 9676
5619, 8536
5779, 9975
6211, 9380
6245, 9495
6585, 7314
6824, 7612
7110, 8823
7342, 8793
112, 5933
327, 3354
410, 1456
1263, 9615
1615, 1786
1701, 6236
1741, 5068
2095, 7608
2368, 7064
3139, 4978
3398, 4334
3411, 7332
3714, 9426
4064, 8023
4786, 7464
5173, 9564
5338, 8808
5382, 6291
5431, 7498
5953, 9616
6087, 9575
6301, 8077
7135, 9182
7691, 9947
83, 7713
257, 2345
1234, 8804
1679, 7736
1744, 2760
2540, 5559
2782, 6020
2805, 7296
3068, 5115
3217, 3393
3530, 9958
3533, 3700
3996, 4061
4144, 6789
4292, 8477
4416, 8469
4430, 8810
4753, 9139
5114, 9903
5175, 9001
5262, 7929
5781, 7275
5980, 6733
6020, 8401
6224, 6332
6457, 7263
7041, 7397
8613, 9796
445, 1411
566, 9410
1085, 5065
1496, 4793
1639, 1968
1753, 7196
1963, 7091
2015, 9938
2121, 9787
2241, 6520
2961, 3438
3291, 9826
3791, 8126
4036, 9567
4300, 4947
4740, 7002
4917, 5435
4997, 7000
5067, 7276
5642, 9020
5876, 9273
8333, 9646
303, 6560
526, 2864
579, 6493
590, 8327
598, 2001
1336, 1958
1963, 4156
2224, 4182
3591, 6750
3852, 7027
4834, 9241
4998, 6020
5104, 6125
5336, 6048
5399, 8683
6038, 6474
6990, 7474
7824, 9892
89, 5202
254, 1555
484, 5780
537, 1839
602, 6383
657, 9506
677, 2348
1024, 4858
1106, 1925
1295, 5354
1460, 9116
1728, 8841
2243, 5226
2684, 6965
2733, 9847
3687, 4796
3838, 9769
5165, 7544
5635, 6959
6418, 6761
7745, 9827
933, 9832
972, 8150
1574, 6777
1598, 3191
1667, 1757
1872, 4118
2042, 4933
2160, 5228
2456, 7738
2749, 8122
3077, 9995
4738, 6352
5576, 8584
6575, 8369
68, 2119
250, 8138
259, 7565
440, 5041
700, 5455
996, 4774
1268, 4325
1398, 3515
1424, 8365
1637, 1759
2138, 3163
2186, 6828
2817, 7696
3013, 3527
3731, 4651
3797, 8590
4060, 5679
4424, 8898
4832, 8058
5253, 6495
6113, 8492
7316, 7369
7503, 8617
7532, 9626
7701, 9918
8281, 9843
8362, 9697
406, 8848
473, 6792
476, 3468
774, 1374
1021, 8236
1397, 3379
1431, 2110
1827, 2265
2028, 7395
2351, 5383
2584, 6385
2949, 5025
3070, 4815
3085, 6921
3126, 9715
3558, 7069
4010, 9416
4409, 8917
5307, 8601
6149, 9155
6986, 8915
7271, 9703
7386, 8991
8306, 8893
8649, 8876
9258, 9365
9435, 9864
34, 3085
99, 4434
274, 496
613, 6180
734, 3153
745, 6046
1157, 5510
1196, 8104
1510, 3209
2199, 6489
2328, 3436
2458, 3869
2874, 8163
3344, 3424
3426, 4312
3688, 6262
3966, 5418
4593, 6600
4747, 6862
5097, 7815
5340, 6140
7225, 8883
13, 3149
569, 2149
622, 1321
759, 7508
781, 8815
922, 3219
1103, 7566
1134, 2090
1167, 8681
1175, 3915
1216, 4559
1267, 1901
1293, 3956
1307, 7413
1574, 6913
1644, 6445
2212, 3389
2419, 4911
2639, 4432
2826, 3409
3144, 3829
3144, 7659
3235, 8856
3715, 5952
3743, 3882
3863, 4887
3924, 4111
4490, 8666
4523, 7157
4927, 8207
5410, 7302
5606, 8882
5763, 7655
6274, 6598
7653, 8960
8010, 9711
12, 3649
517, 1732
606, 8828
691, 9306
702, 4104
1432, 2869
1500, 9554
1755, 8541
2172, 6867
2204, 4731
2220, 7776
2386, 7223
2641, 3772
3293, 4932
3408, 4811
3732, 6811
4129, 5806
4506, 9883
4630, 8384
4642, 6443
4834, 7503
5020, 8656
5148, 7236
5203, 8354
6982, 9427
7273, 8850
7785, 7826
7838, 9097
9445, 9859
9496, 9869
124, 8037
324, 8041
349, 982
666, 4070
749, 2266
1205, 2968
1450, 9046
1744, 3552
2238, 5693
2712, 6317
3414, 7982
3510, 6337
3708, 3722
3996, 8415
4311, 6200
5141, 9325
5749, 8232
6146, 8957
6382, 8714
132, 2965
299, 3898
364, 4187
423, 5117
1996, 2497
2169, 9282
2969, 6088
3002, 9213
3101, 7965
3170, 9623
4423, 8289
4849, 6317
5161, 7536
5161, 8495
5443, 7828
7637, 8680
9509, 9761
63, 3456
269, 5281
615, 4602
860, 2336
922, 2724
937, 7358
1632, 9159
2102, 2617
2259, 9360
2263, 9763
2716, 9562
2927, 6449
3184, 6069
3307, 9758
3392, 8121
3752, 8168
3807, 5880
3835, 7543
4046, 4609
4419, 6086
4972, 8716
5361, 8371
5698, 6771
5993, 8573
7566, 8496
7617, 7639
7640, 9067
7922, 9595
7999, 8061
8332, 9540
9885, 9905
294, 3588
1172, 6071
1441, 3381
1667, 8700
1759, 8282
1962, 9521
1987, 4808
2095, 7309
2289, 7945
2501, 8644
3396, 8874
3416, 6514
3819, 9315
4541, 9827
5340, 6854
5347, 6573
5715, 9993
5795, 7116
5852, 8649
6065, 9113
6098, 7248
6415, 7654
6549, 7824
7274, 9513
7911, 8183
7955, 8353
8475, 9573
624, 1464
822, 9436
1127, 1623
1228, 7274
1398, 5951
1707, 5955
1969, 9677
2289, 9830
2679, 8189
2691, 3924
2781, 9171
2863, 3447
3415, 9136
4163, 6515
4773, 6759
4990, 9351
5170, 8651
5413, 8131
5634, 7996
6873, 9755
7333, 8230
7485, 9081
221, 1403
392, 4269
1455, 3205
1463, 7064
1806, 3517
1875, 6669
2071, 7692
2147, 3135
2253, 6839
2342, 3245
2824, 3230
3391, 4439
3659, 4751
3992, 4204
4743, 6383
6118, 8306
7050, 8770
7403, 7754
7513, 9343
69, 2811
380, 1783
582, 3995
1119, 1205
1450, 7733
1896, 5965
2001, 3571
2259, 4574
2398, 4279
3302, 7948
3364, 6434
3415, 6469
4219, 8764
4727, 9662
4728, 8674
5038, 9335
5196, 7866
5664, 5721
5828, 9207
6320, 7946
6448, 8144
6471, 7768
6735, 9288
6753, 9107
6775, 7318
40, 2803
176, 2927
225, 7454
1000, 8733
1203, 2325
1289, 6755
2232, 5617
2275, 5532
2305, 4856
2346, 4665
3115, 7759
3470, 6810
3531, 9614
3610, 5067
4318, 7030
4442, 5032
5216, 9422
5457, 7418
5752, 9221
5854, 8597
5875, 7258
6272, 7457
6504, 8418
6746, 9884
7051, 9058
572, 1597
826, 5313
1264, 6871
1324, 3908
1370, 5535
1384, 3478
2009, 5726
2269, 5115
2712, 9865
2875, 3734
2918, 6260
3936, 8086
4072, 5736
4138, 7358
5617, 6375
6080, 6580
6454, 6966
7157, 7206
51, 4232
458, 5689
497, 7734
530, 7564
720, 3913
1103, 2486
1157, 7214
1915, 2812
2552, 6681
4602, 8299
4951, 8964
5574, 9589
5684, 6733
6371, 8804
6560, 8373
7109, 9932
8321, 8378
407, 9469
715, 9057
918, 9757
1081, 2442
1553, 8976
1860, 3933
2099, 7286
2284, 2560
2686, 3193
3987, 5655
4032, 5231
4441, 8658
5048, 7741
5315, 9024
5647, 6224
130, 564
327, 7698
457, 2999
457, 6276
559, 8114
871, 3856
898, 2019
1185, 1637
1245, 9166
1418, 6848
2045, 5304
2054, 3623
2656, 4751
2657, 5554
2857, 8525
3156, 6882
3437, 6103
3792, 7432
3833, 5947
4404, 8674
5364, 7023
7522, 8471
376, 2628
1242, 9670
1299, 5751
1724, 6911
1931, 7951
2256, 4199
2275, 3286
2843, 6343
3045, 5270
3404, 5395
3557, 7808
4604, 7776
5208, 5583
5327, 7142
5396, 9067
5443, 6013
5920, 6141
6160, 7325
8005, 9639
9162, 9432
58, 6483
143, 8006
651, 5753
820, 8479
862, 6259
1063, 2708
1067, 3066
1596, 8030
1700, 8976
2381, 2595
2764, 9656
2854, 5783
2910, 7302
3055, 5105
3080, 3215
3747, 6716
3888, 4245
3999, 9995
4155, 4696
4931, 4939
5546, 6091
154, 4583
176, 8565
577, 9481
581, 5796
634, 1306
674, 6252
958, 5643
1082, 4539
1271, 7225
1275, 8935
1442, 6436
1644, 5688
2055, 9888
2095, 5380
2451, 8174
2559, 3041
2684, 4451
2876, 3409
3036, 6895
3956, 4026
4425, 8677
4527, 9648
4708, 6182
5044, 8174
5764, 9750
6085, 9698
6791, 8240
6916, 8822
6985, 7238
7990, 9309
127, 5018
279, 7475
672, 8356
701, 7658
723, 5564
781, 7902
965, 1995
1794, 7873
2185, 7486
2280, 8082
2328, 8847
2470, 3018
2864, 6702
3087, 7920
3279, 9092
4046, 4269
4512, 7752
5282, 6330
7177, 9079
8175, 8657
8231, 9246
8964, 9695
16, 2314
205, 6480
1565, 5349
1960, 3434
3295, 9453
3416, 3674
3616, 4015
4120, 7672
4464, 6172
5081, 9074
5890, 8575
134, 3037
381, 9493
441, 2940
885, 2462
1081, 5268
1672, 8825
1764, 4800
1853, 5799
2219, 9007
2297, 5390
2568, 9409
2792, 2915
2863, 5832
3170, 3596
3888, 7241
4939, 9339
5062, 6490
337, 6797
658, 1287
678, 2514
740, 4080
758, 8640
1191, 5519
1227, 6927
1474, 1673
1889, 7085
2253, 2377
2543, 3790
2555, 6397
2816, 7165
2880, 8642
3119, 7861
3827, 9138
3933, 9862
4028, 5626
5138, 6477
5623, 7642
5788, 8335
6607, 9917
7575, 7764
7577, 8940
176, 881
419, 8761
420, 9881
585, 6744
764, 2667
826, 4379
932, 6777
1978, 9916
2296, 9254
2883, 6666
3253, 4160
3565, 5400
3650, 5003
3813, 9833
5023, 9470
5785, 7428
6299, 8967
80, 7795
355, 8958
557, 2563
1011, 5320
1285, 1659
1323, 5314
1637, 2519
1765, 8472
1913, 2091
2306, 3614
2421, 6850
3098, 6213
3464, 5954
3601, 8041
3905, 6355
5044, 8741
5425, 6931
5523, 9634
5672, 7629
5738, 7244
6263, 7084
6764, 8867
6838, 7111
278, 2646
367, 6392
1125, 5728
1800, 8936
1832, 5749
2346, 6250
2836, 8125
3299, 9963
4557, 7747
4658, 8062
4855, 7292
7592, 8166
8959, 9886
48, 1235
804, 2292
1136, 2774
1604, 8049
1808, 5979
2238, 5194
2684, 7384
3011, 6390
3173, 9562
3456, 6916
3600, 4106
3906, 4447
4065, 9894
339, 951
418, 9513
1029, 6509
1618, 9418
2558, 6220
2625, 5289
2663, 3779
3144, 8729
3492, 8190
3945, 4868
3953, 4045
4035, 6582
4915, 8537
5489, 7543
5652, 8998
6430, 8930
6654, 7426
6851, 9770
7899, 8276
8068, 9104
282, 627
647, 7783
1277, 7354
1448, 7359
1483, 7888
1616, 3093
1881, 7169
2130, 3506
2175, 9022
2664, 3119
3699, 7804
3831, 8233
3868, 4595
5270, 6113
5765, 7637
6905, 9742
7313, 8908
7590, 8450
8713, 9503
9136, 9928
130, 4612
232, 886
478, 8105
1104, 3812
1905, 6135
3321, 8834
4576, 9436
4876, 7771
4890, 8424
5482, 9816
6127, 8774
452, 6659
515, 7873
622, 5892
758, 6453
794, 6392
1009, 2612
1034, 3028
1579, 8722
2121, 9052
2928, 6555
2972, 8120
3105, 8405
3759, 5709
3812, 7444
4103, 4309
5006, 6629
5117, 8255
7225, 7809
7683, 8690
72, 9024
237, 5677
532, 7210
649, 3145
898, 9997
1096, 5991
1264, 3056
1536, 5365
1555, 2882
1570, 7729
1628, 3516
2343, 9114
2840, 7899
3792, 8143
4664, 8191
4709, 4898
4951, 6312
5254, 5614
5902, 8663
5960, 6286
7709, 8605
133, 3403
191, 5253
209, 5430
1085, 2605
2427, 6025
2490, 9127
3261, 7350
3290, 6689
4770, 9176
4819, 6414
4910, 9004
5053, 5537
5168, 8681
5894, 6215
6513, 9258
6564, 9662
7104, 7876
42, 7950
84, 5925
903, 2006
1543, 5541
1751, 7905
1835, 7050
2192, 4641
2237, 4446
2805, 8440
3099, 8276
3236, 9866
3578, 5979
3615, 9088
4120, 9359
5170, 8338
5718, 8866
5770, 7062
6302, 8276
6423, 8890
6543, 8600
7008, 8251
7011, 8154
7225, 8071
12, 1122
14, 8243
375, 2362
521, 1026
657, 8586
703, 1423
721, 3025
1078, 7222
1153, 8267
1185, 6499
1324, 4962
1332, 4332
1335, 9512
1943, 4515
2973, 8259
3102, 8724
3564, 7388
3566, 9839
3620, 6142
3880, 6532
4082, 9200
4584, 9330
5107, 6495
5487, 7836
6277, 7956
7151, 8614
4, 2400
636, 4345
1030, 1755
1030, 3233
1245, 8399
1394, 5341
1410, 1415
1626, 7960
1727, 3320
2214, 8253
2895, 7001
3775, 6903
4353, 8975
5515, 7958
6272, 9908
7387, 9131
7716, 7801
105, 2059
237, 3884
272, 8657
474, 1418
520, 8897
669, 4698
686, 1799
868, 8177
1394, 6182
1620, 9773
1965, 5044
1981, 9930
2065, 2660
2085, 6908
2460, 6012
2554, 5168
3093, 9728
3244, 9303
3364, 7340
3561, 9393
3749, 7062
3883, 8941
4412, 6673
4448, 5743
4857, 8234
5388, 8812
7402, 8816
8843, 9235
163, 336
482, 701
895, 2602
1946, 7597
2379, 2453
2779, 9063
3330, 8425
6498, 6880
7646, 8807
7673, 8798
8466, 9758
106, 6089
941, 5575
951, 5129
1111, 9292
1467, 6605
1674, 6991
1898, 2761
4860, 7133
5393, 9028
9123, 9552
513, 6897
534, 1582
568, 2002
683, 4215
866, 2078
920, 8196
1042, 2499
1352, 4591
2205, 2772
2301, 3887
2538, 4398
3097, 5388
3151, 9331
3515, 9684
4044, 8848
4961, 7218
4998, 7847
5251, 5539
5648, 5977
5863, 7457
8735, 9050
490, 7750
622, 2735
841, 1748
1015, 9553
1285, 5171
1654, 9407
1775, 7342
2301, 2725
2348, 2926
3153, 4924
3214, 4719
3227, 7803
3412, 9248
3519, 7186
4787, 9771
5216, 6992
5542, 6465
5742, 6982
5831, 7119
7500, 9188
8037, 8206
405, 1497
701, 8690
1580, 4071
2989, 8988
3177, 3556
3312, 7624
3341, 5817
3452, 6233
4339, 4586
5033, 6063
5108, 9362
5250, 8273
5831, 8211
6809, 8117
117, 2959
204, 6264
249, 7824
544, 8607
1214, 7157
1910, 4725
2046, 6690
2618, 5888
2913, 8406
2990, 9222
3568, 6699
3638, 4545
4140, 8035
5147, 7765
5400, 5479
6832, 9675
8011, 9508
211, 9861
978, 1833
1882, 3297
2197, 7005
2636, 2793
2801, 9774
2914, 4698
3205, 4831
3216, 6379
3635, 4033
4215, 8326
5714, 7513
5807, 7642
6086, 8157
6346, 9870
7056, 8864
7104, 8182
458, 5233
552, 2869
799, 1028
1153, 7078
1543, 3132
1710, 2303
1918, 8351
3823, 4505
5213, 9281
5961, 9229
6476, 9250
6639, 8841
6736, 7731
7384, 9011
7561, 7638
30, 7081
127, 9236
298, 6348
658, 7626
1064, 8197
1120, 3605
1537, 8631
1937, 2100
1947, 8281
1984, 4286
2051, 5227
2193, 6034
2207, 4955
2470, 6958
3765, 5096
4270, 5359
5230, 7517
5822, 7631
6703, 9292
6901, 7142
200, 2066
827, 7910
1363, 3490
1679, 6924
2598, 5113
2814, 8192
2834, 5368
2900, 9374
3277, 8283
4394, 6939
4721, 7865
4893, 8448
5106, 8459
5354, 9131
329, 6483
347, 5804
431, 2285
831, 1871
834, 5197
1173, 7750
1189, 2818
1578, 5309
1762, 2867
2410, 5792
2478, 4920
2881, 4488
3191, 4948
3206, 9479
3392, 6657
4492, 9096
4793, 5975
4829, 7508
5001, 5642
5433, 8635
5710, 7424
6948, 9582
7722, 8961
9444, 9589
138, 7387
384, 9934
846, 7187
878, 7115
930, 2786
1128, 6133
1464, 7190
1791, 7173
1883, 3436
2281, 8399
3199, 5046
3956, 7850
4592, 7589
6535, 9218
6805, 7913
7489, 9201
7800, 8904
7871, 8093
78, 3802
238, 3148
275, 1318
584, 6001
927, 6989
1338, 9665
1685, 9368
1693, 8340
1884, 7585
2465, 4697
2604, 4552
3085, 5782
3273, 5717
3576, 8561
3992, 4212
4635, 9953
4664, 4911
4763, 5992
5061, 8063
7394, 9546
8258, 8310
29, 2021
30, 1245
558, 2191
645, 5538
1044, 2996
2761, 7930
3177, 9510
3450, 3765
3826, 6601
4438, 6524
5543, 7147
5592, 6604
5682, 5942
6003, 9919
2, 2320
28, 7225
388, 4643
478, 4573
850, 7626
1202, 1645
1303, 6441
1309, 6212
1665, 2519
1844, 7342
2122, 5934
2160, 7431
3358, 7980
4361, 9686
6034, 6647
6996, 9955
9130, 9942
69, 5825
149, 3260
502, 7888
736, 9365
852, 6591
2048, 9216
2529, 4647
3326, 4311
4206, 9279
4225, 9859
4389, 8017
5267, 7476
5377, 7519
5616, 6160
6086, 8489
6431, 7360
7820, 7863
8653, 9044
113, 9601
786, 7978
950, 5897
1089, 6133
1408, 5489
1489, 2697
1766, 3012
1848, 3176
2012, 8152
2125, 7504
2638, 5442
2745, 6557
2882, 6472
3035, 5778
3949, 6440
4580, 4826
4787, 6116
5177, 8788
5517, 9234
6201, 6219
6779, 9968
9005, 9971
9233, 9370
227, 4671
236, 5287
767, 5016
875, 9039
1000, 3293
1311, 1440
1757, 7141
2090, 4525
2429, 4479
2590, 3809
2664, 8093
2772, 8329
2831, 8971
3507, 7692
4495, 8178
4567, 8169
4602, 4813
5553, 9157
6718, 7886
114, 8669
676, 8237
765, 1441
771, 8863
777, 4188
916, 8791
1738, 6211
1871, 9371
2284, 4549
2886, 3402
3019, 3667
3198, 3866
3228, 3936
3473, 8057
6259, 8499
7140, 9356
75, 9846
239, 5761
713, 1666
1188, 6179
1959, 4136
2200, 8612
2338, 8488
3247, 3970
4914, 8310
5065, 6756
5305, 9187
5610, 5840
5933, 7270
9024, 9804
290, 4205
1313, 4457
1452, 7216
3193, 9360
3304, 7842
3342, 8487
3654, 9834
4052, 5822
4254, 5709
5522, 8102
48, 5165
552, 2580
898, 2339
1113, 9765
1537, 7729
1651, 9373
1664, 7041
3365, 4756
3377, 8546
3522, 7161
4243, 8730
4289, 7180
4316, 6136
5926, 8301
6324, 8715
6456, 6795
7775, 7811
8267, 8663
9119, 9536
1000, 3300
1154, 8882
1492, 1918
1633, 8925
2271, 9566
2855, 6982
3658, 4749
4626, 6754
5135, 8960
5773, 7746
6711, 9338
6713, 9296
6855, 9345
8967, 9263
9537, 9949
1416, 3194
1524, 6086
1595, 9114
2267, 7366
2328, 3801
2967, 9048
3254, 6117
4091, 8172
4544, 8446
5249, 6564
6006, 6514
6650, 8910
7881, 9322
8707, 9702
9337, 9775
102, 3136
106, 5386
183, 661
216, 6984
737, 4680
1235, 5004
1455, 8888
1617, 5395
1664, 8844
2127, 9100
2530, 5406
2552, 6309
2727, 5710
3095, 5897
5617, 8456
6750, 9485
6888, 8925
6989, 9756
7271, 9098
652, 1388
942, 987
1257, 7715
2612, 9202
3048, 7791
3483, 8273
3661, 8907
3762, 9323
5311, 9273
5481, 9021
5914, 8716
174, 8670
1217, 7801
2555, 9346
2608, 6749
3444, 4230
3716, 4648
4476, 9756
4585, 5926
4675, 6451
5333, 9006
5385, 5685
215, 667
264, 876
638, 8950
659, 4333
1222, 4600
2060, 9377
2179, 9010
2188, 7570
2322, 8322
2560, 4497
2954, 9962
3099, 3792
5470, 9718
5927, 7089
7266, 9836
7427, 9883
320, 7025
400, 9162
700, 4538
1143, 7876
1303, 6849
1574, 2496
1890, 8950
2186, 4019
2410, 3766
2703, 5540
2783, 9946
3135, 5745
3256, 4233
3326, 4685
4348, 9160
6539, 7699
6841, 7194
6980, 7635
7744, 8069
1181, 6817
1281, 3423
1303, 4327
3180, 7833
4571, 9851
4660, 7419
5983, 9385
7701, 9495
8328, 9222
8420, 9102
8678, 9121
426, 2450
644, 2235
1262, 4426
1796, 8588
1920, 2459
2016, 4453
2131, 8099
2640, 7496
3346, 5511
3412, 8113
3464, 9482
4694, 7085
7100, 9265
9619, 9884
56, 4365
532, 2597
679, 7404
1296, 2971
1383, 4042
1677, 4161
2981, 3359
3601, 8587
3960, 8661
5141, 8144
5758, 7920
6031, 7908
6630, 9740
7120, 8405
7138, 9416
8403, 8419
182, 8598
1594, 3098
2590, 7965
2965, 3872
3433, 5909
3724, 6213
4723, 7781
5453, 7919
975, 9770
1020, 1857
1437, 9808
1569, 3662
2097, 9281
2196, 5672
2530, 4054
4256, 7628
4477, 9157
6464, 7775
6517, 9790
6798, 8617
123, 7147
208, 4426
1084, 8586
1160, 2664
1407, 7540
2277, 4322
2403, 3080
2485, 3852
2897, 3367
3428, 5983
4725, 7045
4731, 5605
5024, 5714
5101, 8952
8247, 9272
87, 9405
187, 3967
1250, 2004
1319, 3567
1469, 9238
1482, 4499
2067, 9128
3236, 6708
3320, 6037
3426, 8633
4025, 7865
6429, 8699
7461, 7878
7949, 9019
568, 8321
644, 3744
828, 6473
1047, 7862
1320, 3931
1453, 5662
1549, 6562
1697, 8708
2198, 3106
2493, 9476
3395, 5098
4329, 9888
4988, 7300
5239, 7264
5398, 6807
5631, 7907
5888, 9278
6222, 8715
9273, 9963
9548, 9615
79, 6762
151, 1027
380, 1833
1735, 3239
2616, 8038
3158, 7380
3438, 9479
4167, 8610
4822, 9140
5699, 7627
6187, 8648
8037, 9748
8833, 9036
869, 6250
890, 3112
1597, 1689
2193, 5410
2771, 8340
2849, 9330
3213, 5587
4270, 9681
5759, 7639
5775, 8730
5805, 7747
6519, 6598
446, 9292
952, 2827
1020, 5193
1025, 7085
1282, 5194
1317, 4337
2074, 5007
2179, 4387
2550, 2776
2816, 7977
3617, 5700
4157, 8675
4160, 4227
4950, 9760
5813, 8454
5963, 7958
6341, 6368
445, 8427
924, 7408
1600, 7921
1813, 6612
1911, 3691
2040, 7451
2157, 9880
2940, 5458
2975, 7938
3251, 5815
3308, 8488
3654, 6370
3814, 9760
4097, 8061
4565, 9936
4873, 6854
6290, 6453
6312, 7840
6508, 8716
7140, 8695
9343, 9974
74, 5457
416, 6582
1413, 5045
1609, 8245
1880, 4716
3139, 6053
3773, 9029
4066, 8984
4575, 7249
5086, 7162
5228, 8605
5719, 6578
7094, 7417
7384, 9853
134, 2576
236, 2557
260, 9725
314, 8212
782, 2024
834, 9801
1088, 4963
1439, 6255
1602, 7100
1715, 4577
1781, 6405
2546, 6710
2965, 9160
3378, 9799
3666, 7900
3824, 6872
4460, 5034
4532, 5286
4796, 5511
4960, 8087
5194, 8297
6336, 9617
6852, 8429
6951, 7026
783, 5278
862, 6559
1488, 9186
1574, 2341
2411, 6875
3777, 3892
4044, 6489
4085, 6411
4112, 5283
5420, 9967
5547, 8549
7781, 9093
8245, 8571
87, 3356
104, 4390
1098, 5170
1574, 7883
2350, 8032
3050, 6946
3340, 6404
4158, 6862
4238, 6308
5451, 6929
9009, 9383
163, 4959
167, 1467
189, 9736
216, 4075
243, 8101
1054, 2455
1684, 4596
1927, 9790
1993, 7375
4445, 7204
5780, 8299
6543, 8202
7215, 8387
778, 4863
1082, 2615
2197, 3190
3325, 8279
3731, 8878
4898, 6139
5126, 9166
6349, 6739
7777, 9713
244, 4224
456, 3449
530, 5981
820, 8061
1444, 5074
1915, 5214
2049, 9992
2393, 7552
4209, 4572
5112, 9341
5506, 5557
7514, 8950
137, 4626
417, 8415
1186, 6862
1334, 9295
1880, 8009
2034, 5772
2929, 5152
3194, 3949
3737, 4170
3929, 4500
5732, 9561
6866, 8149
7034, 7856
7405, 7600
282, 7057
816, 2322
1146, 9071
1616, 4218
1778, 7178
3124, 6732
3125, 5523
3210, 7250
3291, 7193
3303, 7927
4834, 5072
5247, 6510
5452, 6533
5494, 8634
5603, 6614
6008, 8634
7432, 9041
8299, 9509
8682, 9371
136, 3878
377, 5356
581, 7804
939, 9299
984, 9397
1136, 6031
1339, 5072
1605, 7562
1648, 6171
2012, 3637
2745, 7746
2953, 3415
3881, 5818
5085, 5612
5138, 9799
6486, 7567
5, 3744
1012, 2848
1374, 5540
1379, 3720
1626, 9739
1918, 8248
2569, 2621
3327, 7170
3926, 9571
4747, 8926
5409, 9848
7246, 8084
7829, 9156
8172, 8307
9086, 9183
57, 5412
175, 631
1733, 3115
1816, 7279
2303, 6200
2471, 4660
3260, 7097
3592, 6138
4031, 7437
4778, 4952
6932, 7981
7690, 7738
9266, 9815
2274, 5723
2408, 4098
2566, 7700
2707, 3444
2775, 7330
2838, 3683
4206, 7143
4994, 5256
5089, 5745
7382, 8025
8315, 8826
265, 2004
609, 1448
612, 3956
632, 2982
644, 8595
888, 1225
891, 1282
1327, 8164
1938, 3936
3199, 3836
3460, 3964
3688, 6208
3994, 8004
95, 8842
250, 9585
266, 318
772, 8174
798, 1813
986, 6419
1673, 5274
1955, 7682
3115, 3983
3800, 6966
4242, 4822
4271, 8865
4499, 6683
5427, 9017
7045, 9435
7443, 8227
681, 6533
856, 8554
1596, 4528
2280, 4953
2291, 3446
2310, 8318
2816, 3342
3945, 9163
5146, 8792
5731, 8315
9038, 9645
75, 6559
127, 5752
161, 5716
443, 8366
668, 899
1544, 7377
2100, 4008
2182, 7065
2353, 5065
2683, 3672
2739, 8967
3659, 5047
4628, 6940
5524, 8195
5750, 5924
5874, 7902
764, 6753
2351, 2785
2606, 3907
3387, 7529
4319, 5933
6854, 7915
7904, 9059
8407, 9944
98, 2590
166, 3238
290, 3527
2268, 8859
2346, 8797
2603, 7569
2970, 8680
3351, 8312
4376, 8687
4542, 5051
4598, 9209
5486, 6928
5798, 6126
6190, 9442
6968, 7281
7183, 8323
9050, 9688
1895, 6398
3045, 7812
3273, 3691
3995, 9729
4139, 6318
4264, 7789
6105, 6678
55, 7833
95, 6869
154, 2026
1886, 4521
2287, 8145
2304, 4517
3414, 4647
4735, 8385
13, 1679
376, 9775
1163, 4780
1867, 5038
1994, 2642
2238, 7197
3003, 4259
3123, 9499
3144, 4916
3574, 9759
5411, 8091
5505, 5608
6011, 8216
6084, 6523
7331, 7505
227, 3919
835, 8361
911, 3556
1152, 7803
1276, 1790
1331, 4428
2708, 4944
3247, 6490
7277, 8345
7928, 9123
10, 3827
1971, 5189
2363, 4022
2488, 6545
2763, 2902
4517, 5911
4667, 7727
4796, 7160
5264, 8498
5746, 7952
7362, 9213
8493, 9326
9126, 9590
1342, 7178
1461, 2152
1726, 9349
2072, 3013
3781, 9134
4334, 7881
4667, 6090
5021, 5672
5650, 8777
6525, 7213
318, 9603
520, 3274
1077, 6007
1094, 1983
1616, 7059
4410, 6446
4645, 9805
719, 5898
729, 8502
2063, 5323
2207, 9720
2483, 6316
3915, 4064
3969, 8583
5773, 7939
6580, 9198
481, 9404
541, 4782
1379, 4413
1394, 4833
1624, 8205
2116, 4307
2354, 6975
2852, 8462
2987, 3741
3092, 7246
3847, 3912
4901, 8665
5053, 9859
6881, 8136
202, 6061
231, 3481
245, 6620
646, 6821
937, 2032
1049, 7426
1454, 4368
1737, 3259
1884, 2627
2274, 3888
3938, 5083
4045, 7350
4187, 5694
4524, 5181
4612, 7003
5322, 8965
7230, 9175
8711, 9332
32, 4602
1092, 8979
1201, 7678
1554, 2814
2641, 4053
3204, 6450
3285, 4514
3290, 4999
136, 9696
327, 3269
1046, 6539
1323, 6903
1384, 5988
2113, 7282
3088, 5817
6773, 7203
7122, 7754
7323, 9778
8855, 9257
268, 3502
444, 2828
876, 9992
1713, 7276
2900, 3698
3410, 4966
3904, 7213
5438, 7113
8096, 9679
719, 4639
1042, 5819
1711, 1988
1729, 2310
1752, 5570
2088, 4207
2871, 4248
4043, 8147
6536, 9926
8672, 9659
225, 6656
1019, 6508
1348, 3378
1933, 4579
2467, 7103
2596, 9623
2816, 6076
2998, 5174
3307, 8982
3721, 5221
4249, 7432
5254, 8516
7126, 8002
267, 3642
507, 4968
992, 2689
1084, 3972
1159, 8502
1169, 2634
1803, 3165
1860, 9217
1931, 4321
2227, 4349
2362, 9683
2692, 5328
4134, 9145
4197, 7323
4623, 6875
4855, 9398
5194, 8983
6206, 9439
1531, 2217
1836, 9532
2331, 9195
2401, 8850
3595, 3912
4630, 9887
4827, 6930
7574, 8781
7910, 8090
8376, 9308
1267, 5097
1730, 5901
2072, 8939
3682, 8658
4101, 4959
4216, 9440
6143, 7332
7106, 8862
679, 7662
1180, 2752
1816, 7057
2053, 5372
2239, 7454
3258, 8614
3826, 7127
3983, 4376
4703, 5898
5373, 9594
6454, 7885
8120, 9007
61, 7309
414, 9297
728, 8308
1086, 4508
2337, 6341
2462, 8916
2826, 5808
3404, 4878
3604, 6938
4219, 5441
5211, 6000
5258, 6822
6644, 8331
8566, 9445
8688, 9642
9120, 9526
9170, 9389
9706, 9707
109, 2905
184, 5365
216, 8834
431, 8484
884, 2291
1040, 2741
2050, 4209
2087, 6422
2720, 8040
3461, 6658
4135, 8621
4147, 6107
4261, 6256
4516, 9108
5503, 8561
5557, 8523
6914, 8256
8146, 9158
5, 6973
50, 7879
495, 995
775, 6159
1080, 6896
1559, 9810
1966, 2378
4220, 9274
5372, 6531
6328, 7661
6351, 7725
6662, 9342
345, 3492
578, 7694
862, 8088
1056, 2935
1499, 3472
1621, 1661
2115, 6613
2165, 8268
5087, 8487
6698, 7734
671, 4314
1323, 5594
1349, 1932
1727, 3652
2681, 4957
2849, 7846
3077, 4086
4644, 8558
6940, 7756
8657, 8660
8838, 9671
754, 2318
1082, 3159
1329, 4397
1959, 7728
3009, 4691
3529, 8574
3543, 7991
4739, 5643
6167, 9071
421, 7621
427, 5356
881, 3790
1291, 9096
1580, 5364
1972, 9203
2167, 6660
2351, 9788
2404, 3956
4647, 5890
4755, 7260
5075, 8528
5142, 5762
5450, 6163
7181, 7316
2101, 2547
3328, 9211
3406, 7009
3783, 5930
3904, 3912
4530, 6730
4891, 9901
4961, 7010
5060, 6417
5192, 5906
5571, 9837
7766, 8313
152, 5563
219, 2662
1039, 9087
1272, 6893
1314, 2357
2652, 6572
3616, 4004
4201, 6292
4522, 5238
5792, 9673
6485, 7277
6662, 8914
55, 4336
386, 4864
427, 1590
777, 5583
819, 6679
1006, 4083
1338, 9676
1591, 3008
2132, 5821
2594, 4173
2620, 7082
2799, 5884
2983, 6158
3937, 4149
5468, 6719
8366, 9450
1114, 2958
2886, 4072
3333, 5841
3799, 9760
4304, 6052
4400, 6605
4920, 7496
8180, 8805
9144, 9451
35, 3948
240, 8377
1195, 9717
1349, 6049
1598, 9692
1758, 3890
1869, 9465
2246, 4476
3179, 8090
4353, 6718
4764, 4980
4905, 9846
7546, 9421
95, 2289
1067, 4572
1099, 8429
2249, 5058
2931, 7602
3117, 4640
3896, 9340
1935, 4170
2747, 8837
3676, 6588
3896, 9579
4366, 7140
4719, 7195
5267, 6427
5646, 9565
5887, 6191
5933, 9964
6726, 7553
268, 892
292, 4008
388, 5987
644, 1569
1514, 9792
2307, 4821
2706, 5073
2898, 7144
3357, 7141
3508, 4603
4352, 5305
4532, 5404
5855, 9921
191, 9844
688, 6590
965, 9743
970, 7176
983, 8370
1336, 6766
1516, 6694
1688, 8443
2468, 7513
2667, 3934
3496, 9912
3967, 4115
4460, 7274
5232, 9342
5555, 7622
5569, 8147
7376, 9649
8819, 8821
9578, 9717
463, 2487
727, 6936
797, 8256
802, 6625
804, 3338
2293, 4941
3027, 4351
3102, 8821
4689, 6961
5024, 9829
7595, 7956
8679, 9634
660, 8500
832, 9779
978, 4124
992, 8043
1135, 6316
1298, 9845
1399, 7982
1632, 6364
1895, 7399
4033, 6975
5128, 8087
284, 6074
908, 1738
1288, 8694
1622, 8054
2276, 4088
3349, 8565
3578, 4073
3721, 3726
6869, 7531
6987, 9195
7212, 7222
590, 4750
1265, 2616
1278, 9643
2211, 9753
2385, 3110
3534, 8906
6106, 9613
398, 8483
1576, 3630
1688, 4260
2097, 8243
9641, 9980
306, 3830
354, 2708
2682, 8887
2687, 9424
3699, 7106
4014, 5271
8547, 9002
3, 187
102, 7678
189, 5681
1998, 6915
2044, 8577
5201, 6811
6098, 8746
6593, 7854
7054, 8274
341, 6625
1483, 7401
3474, 8331
3507, 5070
4210, 9841
7198, 9264
7841, 9508
9232, 9744
1308, 6394
3311, 5120
4214, 9511
5209, 6842
5553, 6316
5834, 9181
500, 4901
620, 5641
811, 4177
2288, 3658
3410, 5631
3443, 7931
4581, 6998
4799, 8408
5621, 6662
6447, 8676
6653, 8165
7654, 7865
1424, 6688
1493, 6778
3147, 3571
6649, 9628
444, 7323
454, 8503
807, 3993
1675, 9957
1834, 2333
2373, 9216
3837, 4755
3948, 5542
4145, 8168
4368, 9742
6000, 7011
958, 7017
3592, 5859
4159, 6041
4403, 5732
388, 3636
818, 5936
1108, 4541
1183, 7819
1254, 6264
1450, 4945
2218, 8786
3533, 7562
4572, 6840
6462, 7620
6607, 7248
190, 8767
1361, 8561
2112, 2752
3311, 9264
4294, 6563
5513, 5623
8034, 8806
8357, 9335
8699, 9560
205, 9275
228, 8446
1436, 7905
1521, 4172
2221, 2905
2447, 9244
3959, 4466
4184, 5373
4191, 4852
4859, 6048
5402, 8916
6288, 9720
6439, 9691
6920, 7149
7040, 9113
8508, 9336
1171, 8113
1399, 9805
2034, 9822
2312, 6316
2513, 8978
3580, 6352
3669, 6701
4269, 6826
4469, 5780
7049, 7110
7874, 9931
8374, 8750
458, 6834
545, 8335
731, 4777
1164, 5599
3861, 5058
4123, 6107
4510, 5996
4511, 5100
5440, 9900
6632, 7732
7676, 8257
176, 4510
354, 4687
3623, 8083
4797, 7513
5734, 9658
37, 2163
339, 1554
3796, 4019
4513, 9093
6064, 6170
6585, 7972
860, 6626
922, 3581
1040, 2744
1152, 9954
2143, 5636
2173, 8070
2951, 7796
2970, 4889
3033, 7868
3205, 3941
3665, 4489
5473, 7940
5670, 8968
7808, 9394
126, 6428
1589, 2593
1816, 6002
2916, 3775
6048, 8857
7109, 8129
7436, 9014
7797, 8809
8318, 9379
233, 3990
498, 509
1718, 3523
2142, 7936
2443, 6733
2957, 6389
4015, 7100
4791, 7321
6140, 9034
7036, 9531
8226, 8812
1075, 4762
2267, 8882
2808, 4984
2886, 3764
3874, 8435
4242, 8676
7685, 8169
481, 4566
933, 5111
1140, 6616
1331, 2144
3114, 8579
6887, 9517
879, 5964
1512, 5677
1563, 8441
1631, 2637
1636, 8933
1760, 6567
2039, 4502
2281, 5179
2699, 9074
2767, 8383
3506, 8081
3649, 3889
3660, 6075
4077, 7522
4142, 9254
4996, 9260
5463, 9655
7791, 9488
403, 944
454, 4829
1206, 2556
1311, 2008
4874, 9044
5142, 5681
5904, 8321
369, 3376
834, 1176
3276, 3504
5498, 9948
5946, 8242
6162, 6838
320, 3042
699, 1875
1277, 8405
1878, 5172
2242, 6485
2609, 8261
3031, 8075
3419, 9056
3559, 7503
3609, 6344
3671, 5044
5644, 9577
6470, 9185
7053, 7572
1703, 8065
2647, 3971
3024, 8222
4112, 8462
5329, 9366
5959, 7484
740, 9323
1004, 2925
4941, 7623
5903, 8864
7832, 8055
178, 6238
1331, 5972
2334, 9607
2813, 5789
3404, 6081
3575, 3644
3640, 6878
6727, 7616
8392, 8760
1335, 2479
1820, 3430
3661, 7535
3714, 8607
6186, 6908
9237, 9802
1543, 4533
1721, 5247
1893, 8520
2094, 2338
3613, 7551
4166, 7973
4669, 7848
5611, 8217
430, 7949
492, 4833
1497, 2586
2300, 6530
6052, 8896
8302, 8909
9006, 9840
484, 1528
1169, 8700
2624, 3024
2885, 8015
3742, 4224
3835, 3927
4000, 9324
5892, 9331
626, 2272
1112, 3508
2173, 9982
3257, 3434
6544, 7134
7439, 7852
8678, 9765
3059, 6549
7538, 7643
7760, 8215
139, 8254
1902, 8708
2729, 9532
3322, 4921
3562, 4785
4442, 8750
5059, 8494
7430, 8279
169, 8088
212, 6232
662, 4173
769, 1612
1447, 2666
2935, 3954
3300, 6581
4490, 8584
8873, 9535
1836, 6284
3058, 3346
4687, 8256
4915, 6860
4981, 8019
5210, 5620
7404, 7926
7430, 8840
8156, 9466
34, 2294
382, 932
433, 3820
1194, 8555
2214, 5836
2525, 7247
2535, 9174
4537, 9736
5290, 5879
5796, 9577
5851, 7505
5926, 6697
6844, 7026
6981, 8781
2648, 4019
2946, 3019
3873, 7249
6102, 9099
7139, 9383
3267, 9382
3370, 9384
4876, 6748
5761, 6612
6532, 7188
58, 5294
393, 1479
847, 1254
1322, 5387
2300, 4441
4415, 9970
5699, 8056
5904, 7473
6454, 7022
578, 4825
1586, 8378
2030, 8105
2064, 8073
2981, 4535
3586, 4569
3697, 4860
5453, 8728
7437, 8457
8605, 9165
16, 7830
267, 1650
469, 2763
725, 7078
1532, 9256
4649, 5675
6672, 7287
8507, 9912
258, 3872
470, 5485
518, 6717
549, 5142
2139, 8044
3350, 3590
3733, 5992
3952, 9603
4620, 8370
5895, 7063
331, 2099
3213, 6129
4673, 7618
480, 9316
1571, 8110
1831, 7695
2187, 3382
2810, 3988
3179, 5146
5031, 6062
7829, 7893
8285, 8529
9509, 9658
1662, 2286
2509, 8226
2721, 8829
3565, 7261
5456, 6275
9173, 9228
358, 3168
543, 3514
1302, 7743
1946, 8937
1949, 7508
7103, 7775
1123, 2909
2105, 8482
2460, 3167
3246, 6784
3570, 8528
4214, 7136
5055, 9891
306, 6665
6046, 9147
7445, 8648
8928, 9802
590, 3895
2502, 4296
5209, 9944
7618, 9372
1641, 3785
4127, 8299
4840, 6672
5457, 9927
5735, 8281
6669, 9344
7232, 9207
280, 762
390, 2107
411, 5695
1142, 9849
3458, 4583
4928, 8714
5137, 7028
7660, 9699
167, 1928
878, 3970
1057, 3391
1208, 8942
1325, 1418
1695, 3649
3060, 4881
4367, 9814
7240, 8125
845, 5586
1075, 1801
1487, 2736
1538, 2494
3120, 8320
5171, 6687
1333, 3809
3018, 9623
5135, 7619
221, 4364
1061, 7320
1879, 2557
2234, 8209
2592, 3939
6289, 9271
248, 265
499, 6825
1767, 6768
2392, 7822
2633, 6358
3263, 7465
3304, 3563
4677, 6269
5379, 9689
5917, 7282
6134, 8276
124, 1532
1971, 7770
4894, 8981
5303, 8461
6367, 7818
6502, 9695
157, 1706
1255, 1731
1350, 3551
1629, 3226
2215, 8722
2494, 2844
2520, 5421
2818, 7855
3026, 8831
4925, 7363
6327, 7413
7725, 8650
44, 8816
833, 4669
1320, 6136
2457, 9347
3591, 4489
8214, 9562
151, 271
435, 8486
515, 2799
593, 8869
2203, 9069
322, 7806
801, 9935
818, 9752
1022, 9647
1076, 3364
1408, 9492
6122, 7027
7245, 7658
296, 9239
569, 7632
626, 2182
658, 5199
1005, 2694
1191, 4502
1909, 8363
1920, 4803
2481, 7950
2933, 4987
4125, 4132
2993, 4959
7073, 7746
302, 2600
1084, 4794
6104, 8250
24, 2655
240, 2378
785, 8022
1293, 7251
1834, 7087
2874, 8107
256, 6391
1276, 5182
2661, 6157
4478, 5003
508, 7626
2671, 6267
2920, 7789
5, 2847
139, 462
852, 4757
1518, 7211
1696, 4822
2918, 4229
3374, 5272
4607, 6229
5159, 8340
7307, 9814
387, 7510
471, 4893
1874, 6289
3536, 5600
3560, 4407
4551, 6842
5224, 7538
5939, 7818
6967, 8039
430, 4779
507, 3455
574, 7844
721, 5959
2577, 5861
3901, 7453
494, 3670
527, 4417
529, 1941
1079, 3132
1168, 8706
2349, 7916
2500, 4967
2577, 7098
3186, 4339
4176, 8565
4407, 5432
5290, 6021
20, 8283
460, 8119
673, 2755
5639, 5850
5964, 6240
448, 9183
813, 7840
1143, 9434
1873, 7995
3075, 6490
4391, 7447
5329, 6854
5394, 9334
5477, 8898
6910, 9982
141, 980
994, 5511
1208, 2387
1967, 3668
2188, 7481
5757, 7233
158, 3851
1800, 7721
1905, 2173
1912, 8989
2701, 3327
2871, 6147
2928, 8159
263, 913
441, 3686
451, 9862
523, 1617
628, 8195
1422, 7768
1591, 7712
2023, 9712
2155, 6514
3038, 5142
4810, 5767
5378, 6544
300, 2806
2013, 7834
2446, 7276
4298, 4925
5013, 6223
7502, 8856
128, 6273
277, 707
1017, 4837
1269, 5472
1418, 2778
6112, 8512
8712, 8731
2395, 4390
3827, 7739
4535, 6307
6763, 6783
535, 2398
1469, 9860
1816, 8637
1879, 5958
1899, 5869
2563, 4488
3189, 5751
3482, 7586
464, 7095
2448, 2673
4650, 5363
7300, 8111
307, 8668
896, 5144
1470, 7662
1756, 4911
3968, 8064
4256, 6743
4494, 9053
1538, 8968
1933, 6322
4340, 4526
35, 5291
185, 8371
813, 5865
1150, 1180
1512, 6772
2254, 8783
2545, 8576
77, 9369
567, 3870
2587, 8151
2751, 4799
4742, 5212
5113, 8103
5961, 6700
7792, 9774
7817, 8820
1845, 4708
3005, 9395
1663, 8085
2140, 4875
2765, 4400
3786, 9569
4296, 9035
4741, 8478
5654, 8408
7718, 7863
2026, 3171
5713, 7004
7573, 8153
373, 5983
1058, 5084
1225, 9620
1621, 5222
3969, 4498
4306, 8352
5901, 8390
6063, 9868
2290, 8854
3072, 9516
4113, 4538
4590, 6130
8465, 9607
172, 3751
907, 1830
3450, 4165
3836, 4806
3854, 8574
4228, 7161
5150, 8569
5359, 7867
616, 7294
1583, 8421
4226, 9313
4518, 9811
4715, 6563
6536, 7793
160, 8997
1760, 9632
4990, 9651
6935, 8481
7559, 7908
97, 8411
807, 8285
1239, 6583
2672, 8124
3806, 7157
5017, 7947
5205, 7877
6497, 9179
1059, 2789
2489, 5392
4245, 6035
5164, 6799
3913, 8934
6333, 8811
7340, 8935
394, 3904
1194, 6996
2748, 7635
1283, 7525
2111, 6824
2472, 7807
4848, 7527
4867, 5073
6628, 7377
63, 1290
523, 7182
3328, 8118
5697, 8298
6526, 7206
186, 2773
978, 3155
1256, 5736
2325, 3449
3696, 4410
5080, 6299
7604, 9823
2106, 7326
2702, 8290
3498, 4301
4979, 7113
6031, 6117
632, 8726
3583, 8666
3928, 4189
3014, 3361
3243, 5232
4683, 5225
6673, 8557
8547, 8754
1622, 2051
2607, 7262
3282, 6436
3548, 3929
3869, 4688
4816, 6372
5691, 6261
6015, 7417
7017, 8625
1291, 6364
1921, 9491
3334, 8587
280, 8251
997, 8128
3344, 4899
3669, 6119
4234, 6610
54, 2686
2766, 5628
3325, 4355
3526, 7967
4171, 4891
4447, 8368
5086, 9386
5123, 9457
5464, 7955
7269, 8311
193, 9781
1048, 8729
1478, 4616
2380, 7605
3467, 4149
4451, 7174
95, 148
119, 2045
153, 2665
2849, 4614
3562, 5408
5019, 9043
8476, 8665
1404, 4231
1814, 9431
1852, 5810
2358, 9860
2406, 8185
7719, 9633
347, 7809
661, 6586
1558, 3995
4619, 8466
173, 6707
880, 7167
967, 1392
1298, 4634
3202, 4358
3442, 7812
3921, 7452
4132, 9460
4444, 5780
309, 5707
1496, 9650
1559, 7903
2136, 9953
3347, 9899
7906, 8364
720, 7904
974, 9064
2106, 6565
2287, 9608
107, 2702
747, 6115
1068, 7912
1802, 1805
3212, 6609
3352, 4024
7737, 9915
242, 2959
5457, 6570
632, 2143
663, 4704
838, 6315
921, 9348
3011, 7819
3105, 4907
3521, 6786
4297, 9933
5318, 9268
7395, 8249
9369, 9471
1997, 9017
2277, 3512
5475, 6636
7077, 9322
1955, 2619
2962, 5958
3185, 6409
4989, 7468
6396, 7448
18, 4398
896, 5649
1377, 3238
4363, 7797
1294, 8431
1546, 2003
3074, 5182
3794, 5902
5139, 9457
5273, 6940
7556, 9468
2937, 9860
4007, 9525
4958, 7181
6615, 8973
886, 5938
1777, 5602
2687, 3998
5009, 5056
5261, 7505
5853, 8752
670, 1985
726, 5692
792, 2817
2356, 7582
5712, 8739
276, 3469
4195, 4681
5102, 6589
8244, 9771
738, 3254
1136, 3627
3676, 9609
4240, 7414
4634, 8940
6988, 9171
507, 510
1076, 7226
1942, 8062
2570, 5703
3303, 5625
4119, 6229
4965, 7131
5418, 6475
827, 2476
1105, 7649
4194, 7506
4624, 4922
8306, 9191
617, 6587
1468, 9490
2898, 7171
4484, 7473
5052, 7629
5395, 5994
1, 5491
588, 4167
795, 6137
3283, 4033
4625, 8933
5512, 9928
8215, 9743
727, 3502
2083, 3373
2762, 3494
4100, 7462
234, 9034
436, 2845
749, 8843
1860, 2135
2021, 3840
2311, 4139
2646, 8196
3226, 9827
4475, 7422
1425, 3899
810, 6902
1034, 4900
2258, 8607
3703, 6876
6110, 6330
914, 9030
2098, 3940
2626, 4093
3664, 6648
5436, 8563
6594, 8264
1874, 4016
2261, 7664
2587, 4536
4128, 9606
6962, 9618
7490, 9624
8286, 9243
1135, 7004
1276, 7139
2077, 4450
2512, 5637
3049, 5529
5081, 9847
8429, 9813
8442, 9134
39, 559
1149, 8703
1255, 8790
2807, 4658
3271, 6005
6882, 8785
1092, 4579
4875, 8343
854, 1201
2280, 6395
3836, 5867
4105, 9529
5043, 6700
6682, 8092
1467, 2795
3519, 7957
3719, 6093
5140, 5830
5967, 8355
336, 9504
1660, 6408
7371, 7501
1591, 6357
2079, 4999
4476, 5535
6177, 7473
6412, 9530
6769, 8042
7882, 8388
505, 8233
688, 3826
1386, 8480
3021, 9910
6194, 6821
6978, 7346
1280, 2427
6715, 8789
19, 156
100, 4067
2040, 4613
2207, 2862
6306, 9629
2339, 9297
3578, 3678
385, 1164
2461, 3442
2619, 2845
4407, 7338
3254, 5768
4172, 9413
5043, 6592
7031, 7588
1193, 5266
2405, 2670
2582, 6207
2704, 4179
2822, 5393
3114, 7429
3262, 5951
2222, 4681
4407, 6287
3760, 7315
5440, 9369
8765, 9516
814, 857
4741, 7639
8493, 9976
251, 8820
5568, 6183
1302, 4976
2772, 5133
3701, 5558
6159, 8252
6391, 8509
2794, 6083
3218, 5418
5284, 8518
5295, 7704
5973, 8773
218, 8305
4928, 8382
547, 3676
589, 8808
1921, 8173
2302, 4870
2524, 8291
8053, 8184
1922, 3677
2355, 2879
3150, 6443
7218, 8751
7969, 9191
147, 9930
693, 5422
1823, 4627
2678, 8558
5874, 6666
5467, 5626
805, 2808
4155, 4985
8342, 9576
1501, 8309
2803, 6097
3486, 8048
177, 7672
735, 2146
2149, 8560
2538, 7080
5000, 5021
5858, 8978
6218, 7675
7497, 8158
567, 3175
1036, 1829
1492, 5906
2244, 3960
115, 8530
6030, 8660
6280, 9469
8263, 9821
439, 4163
4059, 4578
4481, 7335
5711, 7749
6245, 7724
30, 8693
2243, 8552
3729, 6271
4790, 8956
9122, 9399
8739, 9605
2773, 6214
4189, 7943
8489, 9249
2952, 7023
5161, 6351
5587, 6632
6448, 7794
107, 1118
351, 9834
938, 6988
3761, 6891
4395, 8742
5812, 6808
6036, 9633
7094, 7510
7541, 9059
8383, 9616
578, 8552
6622, 6671
164, 5067
576, 9054
1148, 9533
2420, 9716
3185, 6950
3938, 8866
1150, 3984
4034, 7537
6601, 8445
2746, 7908
7596, 8488
1412, 2021
1914, 6676
2434, 9600
6096, 6390
1141, 4722
1347, 9103
4246, 4745
4471, 5687
1004, 7368
4541, 5215
4686, 8562
5423, 8900
9326, 9941
2134, 9287
3390, 3723
3915, 9652
2602, 5916
3876, 6824
4766, 9940
5162, 9867
9344, 9358
1236, 8090
4389, 9175
904, 3336
1788, 7305
2782, 4950
5628, 7068
3232, 6795
6247, 7042
7810, 8787
7997, 9523
2202, 2208
3394, 5500
3481, 9902
942, 9797
1353, 3107
7166, 8611
705, 9838
7839, 8326
8513, 9775
1821, 7390
4127, 7773
4282, 9271
5686, 8412
7047, 9413
1473, 6821
1653, 8946
2394, 4089
3784, 5501
979, 6940
3287, 3908
4712, 5045
229, 7795
3348, 8380
4480, 4595
6510, 8550
7016, 9744
2482, 6756
2796, 7491
3571, 8309
7909, 8924
752, 9352
3008, 6234
3108, 9402
617, 9690
2499, 3850
2553, 7346
6107, 9247
1187, 2931
3078, 8552
3095, 5167
4534, 9562
5419, 5667
241, 6398
934, 8038
943, 8553
2129, 9095
5055, 6517
5437, 6702
6066, 8655
1387, 7511
2108, 4538
2183, 9364
4275, 4615
708, 1779
964, 1744
1560, 6735
2157, 8550
4524, 8460
1193, 8500
3758, 9344
1910, 5502
7581, 8901
3976, 8440
5384, 9767
7626, 9895
181, 1955
1887, 8159
5087, 9295
1193, 5237
2033, 7367
8654, 8919
5031, 9100
6070, 9910
7019, 8722
3977, 4465
1239, 9782
1754, 7893
3480, 5219
5611, 9149
2825, 6122
3380, 5746
6022, 8449
7290, 9076
2323, 5109
1395, 7500
1293, 3834
4039, 5573
967, 4057
1386, 3637
2559, 4676
4013, 4542
5265, 8208
5492, 8847
973, 6065
2132, 9809
2449, 7275
1380, 4693
1708, 4440
6581, 7456
4631, 8343
5302, 9417
1215, 9871
1349, 7784
1963, 2722
3422, 3449
7389, 7676
5357, 6828
750, 4845
5198, 8951
1912, 6254
2933, 3345
2976, 8395
5076, 6740
4495, 8186
5436, 8433
1709, 9204
2013, 4950
3645, 6680
2170, 4075
1368, 9390
1586, 2282
2720, 3932
1087, 3006
81, 3497
1360, 3943
31, 4520
144, 6907
421, 2719
2674, 8207
624, 8818
6679, 7720
990, 4719
1316, 3277
1810, 6713
4423, 9819
6059, 7962
1062, 8595
3090, 4482
3272, 4143
4912, 7501
2297, 3284
3181, 7830
3309, 8288
5849, 9021
2907, 4792
6595, 7458
6769, 8531
991, 3817
1117, 3266
1381, 6335
2042, 5371
2228, 4889
1601, 7618
4266, 4816
173, 4276
603, 5889
5803, 9368
6121, 9874
8347, 9205
704, 6405
918, 4180
1712, 3901
2709, 8101
5523, 9515
1121, 9089
3420, 6800
7118, 8712
7458, 9256
315, 5514
5714, 6306
5864, 6530
8383, 9448
2994, 5188
3016, 5285
3029, 9181
4346, 8225
4906, 5670
5759, 8434
6207, 6812
7125, 9296
11, 6373
3545, 5627
7656, 9401
434, 3803
803, 4346
1650, 2389
3419, 5277
11, 698
5335, 5615
363, 5932
1346, 9381
3909, 6810
4980, 9349
7287, 8018
94, 7788
3121, 7343
4732, 5821
926, 6851
1987, 7208
3201, 7308
8684, 9651
724, 3485
467, 6728
901, 4744
2223, 3756
3973, 8942
5123, 7533
846, 5424
3334, 7890
8153, 9878
8379, 8862
1679, 7102
4362, 6639
5123, 9298
2864, 9939
6551, 9072
1133, 5303
3154, 9622
829, 8315
4277, 5607
616, 4048
1207, 2504
2162, 6420
3781, 8734
7842, 8436
1485, 9116
4035, 8636
597, 2955
625, 1705
759, 5088
816, 1138
5236, 7242
5411, 5786
5639, 9734
6116, 7964
1868, 8999
944, 7584
2574, 3083
3207, 6916
7085, 7625
7105, 8910
8072, 9425
5037, 5601
4502, 6922
4820, 8204
8630, 9180
1072, 7499
3007, 7239
3353, 8703
3687, 8615
6444, 9945
3497, 6377
3598, 9027
3647, 6113
4239, 5078
7490, 9968
5943, 8246
6814, 7487
7391, 9890
2012, 8545
4470, 6600
5237, 6917
6516, 9084
3466, 7086
635, 1017
2777, 7339
4531, 5509
915, 8775
4555, 4769
4728, 5143
312, 8585
3859, 4710
405, 4020
990, 8932
2226, 2572
1614, 4334
1671, 7975
2515, 6329
1158, 4414
1750, 8407
2874, 3178
879, 3509
3123, 4040
4661, 5793
457, 9261
1860, 7539
3499, 5434
7090, 9619
3442, 8535
8285, 9812
2259, 8000
4374, 8071
4047, 8075
4102, 7606
5055, 8824
9505, 9529
5331, 6616
603, 3100
6325, 7561
1953, 4341
755, 8713
1221, 9174
4679, 6471
9514, 9776
105, 4677
1137, 7748
4419, 4788
254, 8673
3914, 6650
4251, 9290
7061, 8987
5907, 7225
3239, 8996
6022, 7571
5725, 8337
1649, 2083
961, 2076
2237, 9793
278, 4608
295, 1313
7573, 9592
1523, 2376
5132, 9477
486, 2665
1430, 6655
4099, 8410
4589, 7255
1883, 3663
4733, 5362
118, 1231
6841, 9929
4241, 6239
5671, 6526
2255, 8861
2387, 5012
6285, 6505
5099, 9784
3003, 6329
4041, 4458
4386, 4399
6634, 6782
7495, 9064
2702, 6970
1522, 5095
5232, 8798
3342, 4618
7428, 8803
412, 7630
4844, 5771
7925, 8897
8453, 9890
9287, 9612
1772, 4239
289, 8632
2377, 5461
241, 2374
7523, 7674
5866, 6467
6506, 9649
6615, 7048
3522, 5490
3912, 5288
1157, 3454
244, 9420
8598, 9101
4684, 6962
8720, 9502
2161, 6236
5579, 7903
4190, 8183
3525, 5398
129, 8859
2507, 2754
3316, 4991
5984, 6857
3368, 6432
3457, 9044
792, 1401
3371, 3908
3491, 8171
3503, 5735
2573, 9704
5396, 7368
1682, 3471
6529, 7391
863, 8747
1165, 6124
5674, 9375
558, 583
8400, 8643
747, 6237
7025, 8548
7475, 9433
260, 1877
2578, 4553
6760, 9547
1948, 6166
6298, 7827
1141, 3010
3656, 9194
31, 6131
1672, 2250
2599, 5163
2063, 4310
4101, 4122
6033, 6476
2299, 8832
8002, 8966
768, 4028
1789, 4814
7459, 7730
1004, 3201
2966, 7480
1343, 6977
62, 635
7663, 9881
3105, 6670
1965, 8001
4164, 4354
5158, 6132
2637, 7887
4107, 7796
8091, 8686
1768, 5118
1475, 5375
3085, 9480
3437, 6004
4865, 5099
947, 6933
127, 9169
3624, 9205
7470, 9091
3335, 9289
4217, 6506
4531, 8602
7372, 7607
3060, 6183
2064, 9269
6195, 8292
4068, 9492
8870, 9488
2960, 8920
3337, 8626
5229, 7522
6521, 8396
6725, 7597
3705, 8943
8713, 9080
2248, 5844
1396, 2624
3252, 8868
2192, 3573
4292, 5899
2240, 5068
402, 8836
4665, 8109
2835, 6765
1124, 7714
1134, 8171
2981, 5705
1113, 1459
2409, 5262
2518, 4754
784, 2242
4359, 8894
1433, 8089
5846, 9391
930, 3535
5769, 6164
326, 1837
5311, 6847
7351, 9604
3108, 3483
8216, 9671
270, 9283
2176, 9168
1166, 1337
2198, 6731
7357, 8394
72, 6985
2864, 8846
1344, 3444
1858, 6933
2344, 4666
6978, 8497
619, 7049
6767, 7579
7298, 9327
5391, 9318
4080, 5093
1438, 5484
1475, 1986
5198, 9906
931, 1353
6359, 6972
6092, 9907
1069, 3935
8902, 9125
5640, 8641
3513, 3985
7837, 9193
2908, 3586
2426, 5355
4310, 7006
7658, 8115
4656, 6184
308, 6546
16, 2321
969, 3444
3297, 5495
2942, 8341
6368, 7551
1247, 5530
989, 9035
4407, 4886
206, 6989
5362, 8491
7815, 7934
3000, 3409
5145, 5263
2475, 2522
2555, 7641
4847, 5239
711, 8796
960, 8669
659, 776
3103, 3876
3808, 8732
6511, 7942
548, 8393
6584, 8865
8819, 9803
4546, 9106
6279, 9300
1359, 9497
1533, 2798
4427, 4875
220, 3402
1517, 6016
2059, 4861
3194, 8389
3176, 5079
3673, 5595
5332, 6680
1249, 3030
76, 8028
6542, 7627
2785, 9320
5986, 6054
1359, 5663
867, 6223
340, 5940
3827, 9396
1495, 2219
1527, 8301
5042, 5536
7269, 9924
4074, 5595
7763, 9286
1272, 9685
2984, 5407
6014, 8588
401, 8575
2730, 7285
383, 1761
5241, 5441
3930, 8052
3735, 9032
1440, 9682
3587, 9515
4244, 4974
5941, 8644
59, 4272
2361, 8635
3607, 5729
5528, 9988
3831, 7297
9085, 9735
4201, 5656
4433, 9558
1686, 7310
6623, 9060
4736, 6508
2120, 2941
514, 5220
1120, 8652
3383, 6859
1718, 2893
5871, 6059
1185, 8889
365, 1311
3822, 7392
923, 1670
1798, 9559
8197, 9543
2902, 7987
1638, 8496
3466, 4092
174, 3547
353, 4057
3798, 4670
1836, 2644
3981, 5447
1279, 7203
1505, 9001
1062, 6484
3051, 8731
3537, 5896
