1.363504
41, 8640
181, 9861
1025, 4587
1161, 7409
1237, 4973
1307, 6495
1660, 5294
2068, 8580
2302, 9510
2585, 9133
2666, 7312
2817, 3845
2958, 8554
3011, 6846
3063, 9280
3327, 6686
3411, 8326
3930, 9418
4868, 5206
5849, 8741
5988, 7500
6304, 8671
6587, 7464
53, 5659
213, 8799
252, 7509
445, 8037
655, 1189
899, 2197
1642, 6581
1661, 6693
1752, 4295
2261, 6623
2505, 2840
3087, 4994
3502, 7257
3971, 9886
4055, 9547
4316, 4515
4330, 8775
4941, 8106
5190, 6322
6024, 8175
6239, 9566
6613, 7403
7246, 8545
7400, 7956
8632, 8709
8711, 9304
8807, 9074
167, 1505
284, 2287
365, 8445
529, 9118
575, 4882
671, 1975
699, 4048
699, 4641
702, 9560
743, 4589
767, 6091
957, 5923
974, 1509
1018, 6053
1510, 1928
1623, 9952
1733, 6476
1825, 3530
1851, 4629
2169, 6142
2457, 9911
2634, 7211
2660, 3680
2904, 3208
3016, 6214
3080, 8977
4034, 8684
4195, 4560
4227, 9385
4504, 7572
4779, 6465
4933, 9806
5059, 7663
5169, 9039
5217, 8414
5423, 8047
6423, 7918
6938, 9552
6948, 8515
7097, 9020
7646, 8569
47, 7636
152, 2477
192, 2794
368, 1282
475, 2525
535, 991
615, 5177
661, 9535
745, 9139
784, 3628
1084, 2363
1099, 7862
1100, 8755
1260, 1337
1335, 7909
1379, 7796
1615, 4171
1639, 8578
1699, 2706
1935, 5467
2007, 9885
2069, 3964
2158, 5088
2327, 4472
2356, 4231
2382, 3669
2551, 6674
2603, 4470
2918, 5613
2984, 3071
3258, 9642
3756, 4822
3774, 4545
3825, 9010
4108, 5586
4131, 6898
4448, 7078
4595, 9828
4700, 7317
4813, 6103
4868, 6722
5140, 8992
5371, 8432
5670, 7743
5716, 6169
6534, 7855
6603, 6668
7272, 8185
8128, 8582
8503, 8966
8740, 9994
25, 8867
768, 1911
876, 2511
938, 4692
1016, 9477
1053, 7393
1219, 6071
1281, 5135
1390, 3832
1547, 9476
1741, 6039
1780, 4174
1948, 4203
1982, 8967
2019, 4495
2246, 7600
2254, 6535
2377, 4871
2702, 8113
2853, 7314
2928, 6154
3190, 3802
3275, 3619
3317, 8771
3735, 9625
3757, 9091
3951, 5019
4227, 7031
4291, 5118
4623, 7236
4717, 6137
4947, 7435
4966, 7599
5026, 6718
5221, 6847
5780, 7246
5781, 7677
6409, 8724
6414, 9278
7142, 7170
7275, 9578
8121, 9616
8501, 9432
8584, 8678
9113, 9125
54, 9538
143, 5553
261, 1593
335, 3901
547, 5576
557, 7240
670, 5117
725, 4169
800, 7336
844, 6409
1101, 7032
1107, 8262
1189, 2069
1243, 5360
1287, 8073
1399, 8106
1560, 7106
1827, 1918
1912, 3725
1945, 7663
2036, 6990
2047, 8514
2210, 3619
2237, 8469
2239, 6598
2314, 7905
2724, 8631
2724, 8686
3492, 5578
3735, 7500
3778, 7553
4050, 5101
4097, 5969
4240, 9770
4299, 6428
4422, 9668
4452, 6250
4631, 5548
4830, 7304
4983, 5048
4995, 9663
5402, 9977
5417, 8301
6383, 6666
7166, 8724
7243, 7514
7427, 8928
7644, 8025
7902, 8935
9414, 9732
46, 7316
235, 7633
416, 2872
431, 3000
433, 751
441, 9933
663, 3803
744, 7217
995, 1196
1089, 4659
1146, 9871
1303, 9924
1521, 6217
1525, 7336
1700, 5057
1839, 2938
1883, 6106
2138, 5588
2349, 5763
2412, 3436
2498, 7153
2569, 3480
2752, 9622
2757, 6982
2835, 3400
3321, 6674
3331, 9558
3805, 4075
3839, 6041
4014, 4356
4605, 7135
4682, 7697
4895, 5221
5164, 9825
5184, 6094
5749, 9354
5882, 9473
6151, 7552
6224, 7013
6303, 6511
6441, 9920
6713, 8587
6849, 7151
7427, 7517
8836, 8873
104, 2405
148, 1724
232, 3191
244, 731
375, 519
498, 3439
543, 4230
741, 1213
815, 4023
948, 3843
1002, 2077
1146, 8155
1221, 7654
1329, 1443
1396, 1403
1431, 8190
1552, 8551
1886, 9063
1906, 1929
2054, 5943
2164, 7060
2307, 3754
2320, 3315
2350, 5985
2398, 4071
2479, 6832
2552, 6280
2767, 3453
2769, 7508
2882, 3262
2966, 3323
3013, 7508
3700, 9869
3953, 9197
3988, 7900
4130, 8676
4175, 5066
4967, 6341
5946, 9751
6012, 8173
6801, 6818
7106, 8949
7369, 8723
7910, 8210
8179, 9412
32, 5889
144, 3875
265, 6425
376, 3409
380, 2590
450, 2453
519, 6442
538, 2235
703, 6171
775, 2184
1294, 7271
1697, 3186
2032, 8345
2039, 6534
2266, 3836
2284, 8254
2370, 3051
2441, 3452
2557, 5699
2643, 2792
2675, 4421
2678, 6075
2702, 9757
2714, 2892
2876, 8364
3316, 7279
4084, 5830
4174, 9270
4614, 7101
4658, 6587
4821, 8527
4987, 8641
5172, 7959
5190, 6762
6212, 6871
6706, 9609
6950, 7852
7243, 7547
7630, 7705
7671, 8216
8442, 9988
8837, 9926
64, 4351
159, 1621
291, 4588
387, 8102
807, 9200
883, 1762
939, 6033
978, 4965
1205, 2160
1256, 3928
1315, 1584
1733, 7155
1956, 5205
2066, 7888
2261, 7973
2329, 2923
2342, 4108
2432, 5904
2510, 9031
3133, 9519
3925, 4108
3966, 4857
3970, 9615
4094, 4972
4119, 4438
4161, 8784
4260, 7860
4355, 9064
4375, 4467
4482, 8447
4727, 6753
4792, 8294
4820, 6257
4951, 6685
5035, 7852
5129, 9310
5892, 8255
6020, 6400
6217, 8639
6546, 7215
6784, 9467
7203, 8287
7715, 8001
9714, 9812
80, 4490
168, 4481
233, 9671
348, 2809
415, 7556
450, 8890
550, 2774
599, 5763
603, 802
612, 2299
890, 6773
1068, 8003
1243, 1406
1296, 9523
1309, 2844
1571, 4817
1873, 3920
2108, 6241
2120, 8340
2274, 3789
2302, 5266
2402, 2804
2644, 2764
2950, 3387
3521, 8330
3686, 8729
3793, 6711
5272, 9421
5294, 9951
5800, 6546
6300, 7175
7252, 9405
7588, 7776
7757, 8653
8531, 8741
3, 9668
8, 9330
18, 1892
36, 7369
153, 8435
314, 9739
528, 2603
551, 2203
804, 6772
823, 2228
894, 8758
1137, 7938
1189, 8645
1212, 9897
1469, 3723
1472, 5813
1583, 6153
1733, 2250
1739, 4499
1776, 2289
1833, 3286
1853, 2880
2234, 6830
2248, 9768
2361, 6676
2388, 6020
2423, 6605
2451, 4014
2549, 6360
2572, 4705
2732, 6365
2896, 4054
2930, 5352
3084, 7036
3134, 7954
3221, 6221
3379, 3848
3508, 4304
3582, 8033
3596, 9732
3811, 7878
3888, 6608
3986, 8826
4303, 7540
4306, 5854
4443, 7366
4662, 8348
4839, 8552
5017, 7335
5356, 9412
5529, 8714
6101, 7650
6313, 9801
6509, 9459
6725, 7640
6757, 9550
6764, 8562
6806, 9649
7383, 9435
7497, 7500
9698, 9940
0, 955
226, 2860
933, 3350
977, 1412
1127, 1293
1367, 9952
1371, 4751
1431, 9521
1438, 3372
1698, 8487
1829, 5455
2015, 3098
2042, 9264
2568, 7910
2719, 3525
2803, 5559
2886, 8805
2894, 9110
2949, 9866
2984, 8952
2989, 9636
3104, 9185
3316, 9829
3493, 8143
3609, 4052
3718, 8027
4103, 7976
4108, 8525
4181, 5871
4504, 7252
5156, 8638
5239, 9442
5254, 6759
5981, 6182
6457, 6803
6631, 8791
7691, 9568
7711, 8145
9, 66
38, 6064
40, 6574
54, 3445
219, 6842
610, 3182
763, 3619
769, 1313
1047, 2266
1242, 6848
1265, 5201
1292, 7002
1590, 3391
2096, 9820
2133, 2677
2210, 3559
2243, 8803
2248, 6394
2251, 4027
2289, 7070
2347, 9260
2368, 8098
2427, 7144
2442, 5153
2564, 4603
2635, 2793
2899, 4850
2965, 5509
3178, 3513
3487, 5028
3525, 7174
3832, 7179
3942, 9382
4099, 5809
4438, 7931
4546, 7928
5146, 6308
5192, 7620
5547, 6039
5608, 8309
5835, 6423
5967, 6888
6341, 7836
6818, 7925
6932, 7958
6988, 8641
7012, 8596
8101, 8764
8900, 9322
9717, 9917
32, 4866
283, 3287
508, 4663
556, 9438
568, 6517
888, 9308
909, 2940
1048, 4429
1119, 4677
1412, 9970
2463, 2532
2743, 9564
2832, 4631
2843, 6228
2961, 3564
3050, 4583
3197, 5795
3306, 6680
3313, 3513
3407, 6625
3414, 8647
3937, 3957
4036, 4144
4217, 6238
4409, 7883
4467, 4977
4600, 6287
4728, 6366
4998, 9601
5064, 7770
5425, 9565
5439, 7774
5521, 6370
5556, 9787
5986, 9594
6048, 7613
6139, 7280
6446, 7384
6611, 6818
6915, 9411
7006, 8074
7345, 8036
8753, 8761
8834, 9279
129, 2454
287, 9827
342, 1631
376, 9077
384, 6745
423, 8173
434, 2109
450, 3385
462, 2117
635, 9665
686, 4348
937, 8989
1159, 6441
1215, 1513
1245, 6306
1334, 1851
1455, 6459
1682, 4113
1833, 2481
2008, 8834
2021, 7345
2143, 7655
2514, 5489
2682, 6859
2895, 8590
3125, 6862
3262, 8421
4179, 9725
4354, 7717
4464, 6655
4584, 8194
4978, 8352
5342, 8693
5817, 6830
5904, 7462
5960, 9431
6975, 9692
7382, 9100
7551, 8804
7832, 8727
106, 1788
193, 5882
220, 1116
300, 8753
486, 1388
523, 3389
530, 3598
909, 6702
930, 3432
1030, 9090
1315, 5668
1434, 8257
1465, 4542
1996, 9629
2033, 3352
2039, 9325
2073, 4398
2083, 9852
2366, 6036
2646, 8244
2689, 5405
2724, 7799
2780, 3449
2860, 8445
2872, 8418
3070, 5692
3113, 5960
3501, 6278
3533, 7560
3859, 8766
4125, 7380
4413, 4584
4499, 9004
4553, 7787
4599, 9874
4602, 6468
5081, 5235
5831, 6376
5861, 9051
6356, 9999
6416, 9587
6449, 7739
6749, 9163
6832, 9666
6941, 8684
7776, 8346
8042, 9397
8562, 9768
161, 6733
197, 3020
425, 8225
432, 9946
461, 5711
792, 3054
918, 6709
1022, 6517
1202, 6596
1226, 2133
1443, 9043
1456, 5457
1492, 3154
1522, 8851
1530, 4418
1911, 7738
1970, 4030
1981, 9110
2102, 6103
2156, 3445
2277, 8847
2458, 8945
2513, 9620
2615, 9850
2626, 6229
2637, 6224
3149, 5471
3456, 6266
3599, 8443
3838, 7519
4225, 8835
4262, 6982
4314, 5207
4595, 8987
4596, 9261
4708, 8151
4755, 6509
4864, 9664
5024, 6099
5447, 5985
5844, 8804
6225, 7470
6476, 9253
6583, 7571
7868, 8692
7982, 8050
30, 3352
106, 7584
122, 8395
227, 264
301, 6240
307, 6931
390, 2968
459, 753
614, 7647
688, 3591
781, 2864
787, 2033
935, 4328
988, 8731
1140, 8004
1750, 6078
1993, 8313
2143, 4426
2176, 9155
2443, 5717
2765, 4179
3090, 4523
3130, 6866
3418, 7529
3838, 5363
3856, 7708
3929, 5115
4664, 9779
6362, 7106
6371, 7696
7509, 7981
7979, 7983
8711, 9098
8747, 8749
9506, 9532
139, 5448
179, 8116
223, 282
272, 2024
362, 9384
506, 4391
562, 5893
618, 3038
628, 9724
757, 6333
779, 3311
883, 4455
1304, 1349
1451, 4587
1555, 8443
1857, 4675
2113, 5124
2357, 5694
2393, 5990
2582, 7357
2685, 7278
2689, 8449
2926, 9564
3083, 4583
3145, 7357
3204, 9589
3409, 7637
3422, 9231
3563, 8920
3864, 9952
4142, 8876
4325, 8908
5083, 9351
5734, 6735
6044, 6229
6303, 6996
6527, 8275
6642, 7812
6775, 8000
7150, 9282
8949, 9162
9017, 9532
9335, 9806
9392, 9463
9861, 9928
18, 3371
125, 8499
219, 7540
408, 4029
581, 7205
670, 2659
685, 6463
699, 2929
869, 7187
1026, 8980
1027, 8024
1111, 8464
1515, 8055
1606, 4655
1663, 3611
1716, 3415
1821, 9362
2170, 8287
2243, 6485
2690, 8026
2935, 3146
2946, 8334
3559, 9349
3924, 4652
4194, 7605
4406, 4857
4569, 9359
4601, 6333
4609, 5154
4713, 5254
4981, 5365
5278, 6521
5369, 8610
5865, 9407
6211, 8084
6976, 8362
7030, 8987
7565, 8147
7577, 8427
8259, 9940
8264, 9065
9034, 9244
5, 9935
207, 3250
240, 448
375, 6396
769, 8185
918, 4113
1000, 6249
1246, 3008
1313, 7887
1652, 6159
1728, 6363
1975, 3353
2292, 5016
2407, 4231
2623, 9176
2709, 6982
2804, 3201
2968, 3531
3516, 3582
3541, 3716
3735, 6759
3772, 7926
4007, 4775
4039, 8930
4073, 7858
4079, 5670
4359, 7629
4390, 5454
4946, 9068
5114, 7102
5152, 5421
5191, 8100
5559, 9971
5795, 9480
5818, 7760
5911, 6021
5976, 9312
6791, 6952
7234, 8216
7603, 7713
7681, 9801
7974, 9870
82, 6859
309, 5592
369, 1101
375, 3710
608, 3391
646, 9160
668, 9722
756, 2055
935, 8598
968, 2712
1008, 1696
1417, 5268
1446, 9395
1553, 2524
1557, 4064
1669, 8880
1717, 6867
1791, 3912
1805, 3968
1987, 3549
2134, 7226
2135, 6972
2265, 7312
2402, 6832
2432, 4697
2625, 4407
3321, 4441
3549, 7029
3573, 5294
3602, 6269
3779, 9758
3888, 7241
4116, 6316
4276, 5279
4472, 4774
4731, 9281
4898, 7761
5527, 9027
5619, 8010
5716, 9915
5836, 8647
6341, 6562
6447, 6761
6866, 9429
7082, 7291
7088, 9777
7146, 9196
7264, 9110
7920, 8142
22, 3824
58, 5762
275, 5562
364, 9823
379, 1328
502, 5769
571, 8827
600, 9620
960, 9455
1036, 5287
1081, 4936
1121, 4540
1238, 5630
1252, 2181
1319, 6482
1491, 6293
2147, 4344
2198, 6337
2241, 8933
2509, 3712
2804, 3437
2862, 6592
2997, 7485
3047, 4410
3052, 8206
3081, 7474
3464, 8325
3777, 5901
3778, 5825
3940, 7723
3970, 6658
4085, 5710
4127, 8584
4226, 9577
4409, 8496
4892, 9727
4988, 8335
5183, 8731
5219, 5830
5365, 9332
5401, 5922
5591, 9525
5639, 5670
6189, 6408
6376, 6917
6427, 8863
7140, 9069
7423, 8923
8226, 8467
9365, 9546
25, 1959
36, 1612
98, 7025
161, 7834
287, 7696
844, 1350
1000, 8129
1297, 3513
1298, 6515
1420, 8032
1515, 9428
1570, 8921
1614, 5013
1667, 7741
1791, 6026
1810, 2418
1849, 6565
1861, 5474
1865, 5622
2001, 2125
2329, 5312
2329, 9163
2766, 4280
2871, 5828
3004, 7775
3053, 7737
3212, 5504
3409, 4182
3414, 9995
3719, 4718
3734, 5951
3816, 6144
4072, 6842
4124, 9978
4552, 7594
4626, 6089
4846, 7016
5056, 5917
5727, 7738
5770, 9398
5902, 7465
6359, 9245
6508, 9425
6866, 7587
7068, 9157
7717, 9498
7825, 8861
8128, 9712
273, 6424
745, 8644
782, 5105
838, 2387
844, 1096
880, 8609
1153, 5985
1220, 8560
1230, 8728
1265, 2094
1289, 3266
1951, 6895
2045, 2639
2083, 3426
2513, 7829
2546, 5784
3059, 7743
3075, 3164
3363, 6589
3508, 6903
4027, 7970
4175, 4883
4210, 9791
4250, 7359
4741, 5948
4911, 5312
4912, 9113
4925, 7730
5511, 7454
5535, 9355
5651, 8372
5716, 8308
5716, 9514
5788, 8926
6037, 9561
6380, 9856
6606, 7640
6974, 8765
7778, 8076
8524, 9079
260, 4968
481, 5005
753, 5237
853, 4101
868, 4494
999, 8321
1199, 1624
1231, 9103
1268, 8585
1605, 2856
1968, 2742
2008, 8762
2274, 7861
2430, 8565
2524, 5716
2568, 3345
2571, 8970
2617, 8818
2628, 5203
2647, 3053
3006, 5676
3572, 4456
3585, 9035
4072, 9238
4079, 5592
4417, 5478
4720, 7826
4782, 9973
4920, 6652
5194, 9139
5503, 7749
5537, 7137
5663, 7655
6183, 7338
6543, 7282
6594, 7420
6666, 8213
8042, 9875
8108, 9226
8143, 9671
8464, 8824
8495, 8704
1, 9699
78, 1722
95, 3660
190, 4401
249, 2918
304, 1450
355, 8458
397, 3715
428, 2421
714, 7364
1149, 3038
1303, 8038
1675, 8075
2130, 2917
2418, 2511
2448, 4107
2601, 3580
2677, 4092
2873, 8255
2878, 3344
3024, 6966
3390, 4153
3835, 9262
3941, 7915
4392, 7012
4705, 9484
4826, 6181
5495, 6738
6109, 7016
6674, 9298
7069, 8974
7757, 9667
8270, 8637
8861, 9053
9230, 9806
9320, 9479
9369, 9472
28, 4755
66, 3223
232, 4609
400, 4010
469, 5772
538, 3686
1105, 5146
1205, 6554
1978, 3740
1981, 9762
1985, 6721
2110, 3215
2307, 5699
2372, 4421
2461, 6211
2497, 7672
3585, 4055
3706, 5658
3840, 9864
3857, 8112
3880, 7448
4040, 9762
4129, 5714
4271, 9680
4583, 5170
4701, 5811
4804, 6245
4877, 9466
4922, 6574
5122, 5704
5191, 7213
5366, 6079
5399, 7920
5421, 5974
5441, 6492
5756, 9523
6095, 8314
6167, 9938
6221, 7945
6413, 9810
6589, 6702
6622, 8262
6745, 8909
7524, 8779
8413, 9485
8832, 9081
8928, 9955
9145, 9584
174, 7360
213, 5560
629, 4157
650, 4902
662, 3683
765, 1544
826, 2602
1055, 4719
1217, 8653
1230, 6833
1266, 5993
1489, 2446
1648, 6542
1723, 4873
1846, 9380
1869, 6108
2097, 9549
2986, 6176
3162, 4511
3220, 5698
3282, 9530
3370, 5564
3530, 8964
3857, 5156
4051, 5969
4119, 6319
4185, 9113
4621, 6872
4779, 8224
4935, 6809
5060, 5240
5265, 5832
5673, 6795
6688, 8684
6807, 9666
7748, 8475
8572, 8804
182, 1148
203, 6245
400, 2970
446, 486
903, 1907
1060, 9448
1366, 8865
1478, 7557
1624, 8668
1665, 1844
1732, 7689
1814, 7532
1838, 3547
1866, 9543
1994, 5121
2233, 4469
2421, 7569
2470, 9873
2511, 7133
2768, 9914
2783, 6907
3166, 6594
3308, 9150
3353, 9899
3400, 7673
3572, 7518
4004, 4555
4372, 8004
4605, 7470
4988, 9951
5003, 6345
5543, 6581
5549, 6574
5861, 9262
6069, 7094
6192, 7143
6448, 8201
6586, 8222
6799, 7667
6841, 7098
8235, 8744
8581, 8861
9024, 9114
9342, 9988
245, 3855
284, 5892
353, 4408
586, 1976
858, 2642
980, 5570
983, 5669
1132, 8603
1262, 8829
1385, 3520
1677, 5656
1694, 2916
1890, 4116
1957, 4977
2042, 3484
2139, 6082
2860, 5171
2960, 9760
3201, 3750
3328, 9446
3452, 7866
3816, 5560
4051, 8759
4210, 9030
4314, 8406
4541, 4575
4703, 7897
5651, 9721
6740, 9627
6785, 9582
6903, 9018
7122, 8601
7217, 8947
7298, 9141
7700, 9523
7890, 8461
8221, 9433
8429, 9945
8450, 9217
426, 3599
459, 7630
507, 5909
598, 3158
626, 5393
627, 7717
906, 9280
997, 4636
1220, 9433
1756, 2108
1777, 3041
2040, 8556
2179, 5943
2262, 7221
2431, 8412
2495, 8815
2589, 5344
2876, 9498
2890, 7801
2954, 7335
3104, 5946
3123, 4164
3139, 6529
3310, 9614
3420, 9126
3779, 5062
3809, 6973
4040, 7125
4280, 4878
4351, 6025
4451, 6243
4570, 8416
4615, 6137
5223, 9395
5604, 8141
5770, 5981
5876, 9915
6387, 9300
6587, 7729
6727, 8680
7222, 8381
7332, 8940
7430, 9614
7437, 9888
7455, 8777
68, 5283
127, 9363
198, 5882
369, 5631
373, 9008
525, 3707
534, 9938
541, 4189
807, 1289
929, 6907
1054, 1645
1071, 1300
1130, 4578
1162, 2612
1320, 4099
1347, 8527
1436, 7674
1600, 7801
1634, 4307
1649, 5240
1675, 6415
1729, 2306
1842, 5416
1897, 3978
2023, 2175
2204, 5617
2267, 6960
2543, 8137
2632, 8987
3132, 5879
3233, 8369
3250, 7286
3368, 6140
3744, 9127
3759, 7869
3770, 5977
3818, 7541
3846, 7309
3993, 8124
4688, 7568
5035, 8261
5042, 5730
5048, 5823
5189, 6086
5488, 9944
5958, 6078
5962, 6558
5966, 8260
6401, 8911
6570, 7847
6674, 8311
6903, 9986
7876, 9312
8065, 9217
8779, 9071
178, 2907
226, 4162
283, 1860
293, 6706
352, 889
590, 5657
767, 4417
1090, 6088
1390, 4306
1605, 4433
1844, 1994
2112, 4836
2239, 5657
2250, 9677
2670, 2809
3108, 6066
3572, 3786
3887, 6451
4116, 7594
4151, 5393
4295, 7790
4517, 4861
4792, 8283
4986, 6212
7328, 7957
7339, 8703
8033, 8365
8036, 8072
8707, 9946
8719, 8744
66, 7061
194, 3080
252, 9543
311, 1867
454, 7137
474, 2222
474, 2856
646, 7604
827, 9258
854, 5571
972, 5091
1048, 2368
1125, 7692
1599, 6655
1614, 5455
1625, 6837
1693, 8494
1903, 7617
1969, 4767
2013, 5855
2118, 5197
2171, 7390
2402, 9842
2439, 7643
2867, 9799
3224, 7944
3855, 6325
3895, 6240
4029, 9677
4031, 4834
4181, 7531
4776, 5825
4855, 9623
5160, 5385
5597, 5681
5785, 8717
5826, 9970
5946, 9428
5963, 8921
6472, 7498
6950, 9017
7210, 8625
7480, 9813
7735, 8374
7760, 9594
8587, 9531
8882, 9601
9765, 9877
277, 7485
288, 2178
301, 7141
329, 1772
416, 8628
553, 7275
812, 9506
875, 3265
1182, 9814
1201, 1558
1304, 2492
1304, 6672
1414, 9423
1617, 8026
1684, 9064
1766, 7486
1942, 5037
2280, 6822
2598, 9503
2607, 3607
2648, 8701
2697, 6343
2819, 8191
2857, 8581
3104, 3802
3186, 3319
3270, 3300
3291, 8404
3372, 7087
3472, 9909
3631, 4169
4295, 4342
4354, 5539
4379, 7812
4399, 6536
4535, 4781
4902, 7538
4972, 6211
5112, 8537
5310, 6301
5550, 5610
5707, 7786
7476, 7930
8298, 9845
8548, 8936
198, 2575
362, 2654
780, 8609
808, 1239
846, 8963
905, 9653
1083, 5034
1189, 7633
1220, 5570
1430, 2673
1509, 7732
1614, 8490
1935, 2933
1965, 3566
2023, 6889
2087, 2973
2327, 4432
2385, 3240
2390, 2623
2602, 9543
2648, 3253
2766, 7800
2842, 4662
2844, 8472
2857, 9758
2991, 9056
3051, 9621
3192, 3928
3271, 8679
3507, 5045
3517, 3800
3521, 7927
3966, 4539
4103, 6541
4221, 8118
4630, 7264
4749, 9870
5201, 9524
5380, 8441
5616, 7148
5890, 7913
6681, 9864
6702, 9713
6881, 8814
7717, 8472
8012, 9701
8597, 9899
79, 6996
152, 4281
241, 2672
283, 9616
355, 6283
358, 3116
520, 5625
643, 9915
1073, 2531
1311, 3505
1443, 6143
1639, 2261
1753, 6920
1900, 8206
2020, 3530
2099, 6557
2229, 2542
2290, 8538
2319, 9106
2975, 8862
3121, 7368
3184, 6994
3226, 4833
3232, 3662
3850, 4921
4492, 8640
4629, 9603
4640, 6645
4765, 6286
5016, 9960
5038, 9563
5068, 5450
5787, 7200
5906, 6228
6340, 9369
6718, 8437
318, 2159
338, 4876
391, 7029
530, 5445
556, 3518
578, 6167
752, 9013
892, 8449
1631, 6342
1746, 8300
2272, 6697
2295, 8070
2349, 6162
2551, 3452
3135, 6756
3191, 6122
3470, 7696
3731, 7555
4725, 7787
4733, 4852
4914, 5374
5271, 9082
5650, 8241
5931, 9571
6050, 8720
6246, 9950
6524, 9826
7358, 9477
8454, 9210
8662, 9391
8870, 9085
559, 2231
598, 9766
618, 4583
1137, 2669
1142, 9118
1283, 2574
1794, 5024
2055, 3801
2075, 3154
2292, 7934
2397, 4346
2423, 7313
2556, 4628
3469, 4971
3512, 5115
3601, 5148
3644, 3674
3677, 9762
4293, 5569
4694, 4775
4828, 7873
5402, 6550
5404, 9427
5475, 6457
5893, 7697
5909, 7188
5935, 8260
6385, 9392
6393, 6769
7243, 8606
7493, 8763
7753, 9879
8332, 9383
14, 5900
220, 3983
373, 3157
414, 5690
430, 3613
532, 8263
551, 3744
691, 7664
698, 3214
780, 2984
950, 7614
1043, 1599
1142, 2058
1199, 2552
1252, 2118
1316, 1374
1320, 6053
1519, 1784
1624, 3820
1652, 2286
1837, 6529
2224, 5522
2460, 3280
2654, 4757
2678, 4834
2773, 5415
2918, 9106
2980, 8312
3028, 8837
3275, 5981
4108, 4529
4185, 6760
4202, 8363
4255, 6235
4401, 5754
4819, 5080
4942, 5810
5099, 6155
5650, 7455
6043, 6508
6519, 8906
6819, 7905
6933, 7017
7081, 8643
7203, 8170
7299, 9770
8128, 8828
116, 1400
283, 7556
326, 2267
410, 8607
434, 9443
535, 4273
576, 8828
849, 5021
998, 5261
1023, 6176
1112, 4769
1259, 3519
1459, 5325
1474, 4767
1519, 4368
1594, 7890
1905, 7178
1921, 4172
2042, 9832
2170, 6265
2353, 6224
2507, 5465
2706, 5036
2769, 2917
3048, 4656
3109, 4017
3129, 7178
3254, 4953
3343, 4697
3373, 4836
3391, 3644
3627, 7376
3746, 9683
3832, 4834
3846, 6731
3915, 5252
3997, 7594
4068, 5526
4627, 6477
4982, 7241
5191, 6142
5312, 5992
5391, 7937
5594, 7467
5961, 6560
6007, 9491
6128, 9777
6576, 8555
7068, 9083
7655, 9898
9111, 9371
92, 3525
109, 6188
348, 3601
404, 7415
500, 5729
616, 7456
653, 2267
789, 7941
1430, 3032
1461, 8163
2030, 2819
2051, 8257
2071, 7926
2127, 4047
2128, 9596
2159, 4774
2222, 6401
2431, 5194
2566, 5703
2762, 8777
2794, 4287
2969, 8984
2988, 6180
3552, 4935
3622, 9267
3731, 7983
3738, 9972
4061, 8973
4478, 9217
4745, 5021
4997, 9361
5235, 5259
5591, 8940
6592, 6879
6956, 9742
7198, 8802
7477, 9559
8312, 8606
9228, 9401
9504, 9943
69, 4270
132, 914
296, 3677
333, 9677
343, 9780
436, 938
479, 8100
655, 3079
659, 2321
680, 6840
688, 4570
745, 9470
753, 8141
770, 6379
898, 3276
1218, 5986
1343, 2758
1489, 7855
1512, 6350
1528, 7696
1648, 4488
1766, 1967
1861, 2787
2084, 9353
2372, 4459
2428, 9153
2437, 6371
2655, 9754
2818, 8090
2873, 5315
3039, 5502
3223, 8801
3655, 4554
3664, 4483
3664, 7721
4576, 5924
4868, 5173
4930, 9485
4962, 6479
5346, 8852
5391, 7029
6255, 9777
7380, 7403
7515, 9021
7810, 8626
7811, 9866
7818, 8703
8364, 8708
9349, 9725
30, 8073
121, 5926
366, 6637
378, 5347
453, 7196
636, 9352
779, 958
803, 5608
893, 7873
961, 4915
961, 6595
1163, 6270
1175, 3750
1183, 8637
1184, 3145
1425, 7507
1540, 2032
2079, 4444
2149, 3958
2195, 7138
2223, 9398
2574, 4552
2683, 8831
2704, 5553
2872, 9091
2874, 4503
3334, 9902
3447, 8975
3504, 7107
3605, 9743
3998, 8615
4085, 6950
4344, 5837
4838, 7540
5141, 6549
5174, 6846
5858, 8395
6044, 6948
6484, 9588
6826, 9754
6991, 9825
7532, 7785
7585, 8733
8883, 8981
80, 1658
169, 2050
239, 6139
347, 1741
529, 9522
582, 5211
655, 2906
910, 4933
1104, 3197
1174, 6687
1412, 5629
1521, 6404
1550, 2359
1706, 1868
1735, 4914
1904, 5386
2109, 2925
2291, 9131
2431, 4116
2498, 6268
2535, 2864
2566, 6489
2694, 6769
2736, 8520
2860, 4555
3063, 9804
3322, 8870
3535, 9457
3572, 4313
3823, 6722
3849, 9768
3996, 6365
4332, 7959
4433, 5921
4666, 9554
4750, 4796
4988, 8023
5061, 8641
5170, 6371
5202, 8738
5359, 6084
5685, 6657
5839, 7707
5861, 5926
6342, 9268
6379, 6679
6418, 7742
6475, 7389
7166, 7217
7499, 9194
8118, 9124
8154, 8524
8203, 9524
9168, 9632
115, 2900
198, 9022
216, 6411
223, 702
261, 7978
379, 3879
554, 4586
729, 4194
788, 1585
923, 5883
980, 2116
1049, 2465
1271, 7737
1458, 1942
1505, 5488
1529, 7397
2243, 3243
2274, 4496
2348, 3805
2394, 7625
3150, 4457
3241, 9720
3504, 5364
3659, 7786
3829, 4156
4154, 4837
4622, 7516
4711, 7889
4858, 8526
4952, 5714
5180, 5942
5359, 8357
5410, 7606
6166, 6454
6208, 6735
6300, 9438
6548, 7156
7013, 9815
7306, 7645
7445, 9594
8152, 9249
9124, 9393
192, 5836
239, 3087
303, 9042
326, 5156
369, 8715
590, 5689
783, 6173
904, 4773
1006, 6488
1012, 6855
1058, 4809
1077, 6799
1202, 6155
1283, 9104
1289, 5273
1571, 1602
1577, 7157
1931, 4207
1981, 7629
2276, 5658
2286, 4865
2292, 8948
2358, 2414
2506, 5508
2566, 3715
2908, 3220
3349, 6867
3379, 7053
3570, 9690
3684, 9218
3804, 9786
3889, 7980
3900, 9795
3913, 4714
3973, 7459
4026, 7003
4398, 9072
4449, 7600
4765, 7101
5321, 9758
5649, 7557
6075, 6292
6629, 8651
7137, 8776
7275, 8382
7985, 8604
8009, 9977
8081, 8382
8859, 9233
9032, 9256
309, 3684
334, 4815
359, 9697
916, 7206
1066, 8556
1079, 1657
1197, 2558
1327, 3437
1427, 6379
1582, 3967
1606, 8069
1974, 8184
2066, 4113
2350, 6014
2422, 8660
2546, 5644
2566, 8045
2644, 3021
2958, 4779
3142, 8606
3163, 6310
3395, 3748
4063, 7493
4455, 4909
4867, 8727
5048, 7940
5119, 6893
5134, 6893
5583, 7274
5653, 7114
6085, 7672
6392, 8735
6793, 7403
6855, 8401
6891, 8432
6951, 9833
7233, 9764
7395, 8723
8040, 8294
8211, 9852
9597, 9848
249, 2603
279, 1106
289, 7887
363, 1435
492, 9088
617, 6938
617, 8582
760, 768
782, 842
835, 2787
858, 6621
1005, 2392
1101, 2465
1177, 3699
1332, 1336
1379, 2896
1568, 8967
1737, 6987
1935, 5461
1962, 5041
2073, 4180
2201, 4952
2247, 9081
2268, 4373
2306, 6887
2317, 4664
2421, 8670
2605, 7838
2643, 3545
2809, 4176
2850, 9845
2877, 5336
2889, 9602
3197, 7823
3397, 7297
3746, 8381
3779, 5572
3960, 8064
4221, 9618
4307, 6486
4324, 4734
5102, 6296
5478, 7591
5633, 7547
6274, 6566
6352, 6998
6734, 9992
6851, 9779
7629, 9301
8174, 8492
8608, 9452
8859, 9591
9184, 9873
9563, 9733
327, 7692
339, 4725
388, 7064
559, 3688
613, 1752
804, 2394
881, 1808
973, 1690
1138, 4531
1225, 7885
1250, 2175
1477, 7565
1550, 6211
1648, 6623
1869, 6143
2070, 7329
2140, 5713
2212, 7146
2341, 7710
2344, 9266
2396, 3538
2590, 7019
2830, 4175
3065, 4820
3167, 9306
3342, 7725
3373, 6670
3689, 3733
3785, 5480
3929, 6018
4012, 7533
4453, 8780
4783, 8496
5228, 6463
5606, 6811
5754, 7262
5937, 9804
6679, 9029
6978, 9153
7135, 9418
7511, 7536
119, 9332
124, 7521
232, 4395
399, 2253
420, 2435
447, 7521
491, 5661
521, 6373
564, 3537
567, 4597
570, 4486
600, 2117
651, 9366
884, 1716
945, 2726
1580, 8302
1763, 2089
1811, 1983
2610, 2965
2801, 9487
2849, 6544
2909, 3086
2949, 3408
3003, 9331
3139, 7469
3565, 7386
3639, 9403
3817, 6165
3916, 7060
3920, 4697
4341, 9818
4672, 8503
4855, 7131
4940, 6706
4963, 7749
5074, 6427
5253, 8075
5432, 6210
5602, 5740
5686, 7937
5980, 7964
6167, 7286
6957, 9016
7806, 8540
7867, 9271
9016, 9841
9299, 9962
133, 9869
145, 1377
297, 6514
564, 8286
599, 6922
610, 7675
1056, 1602
1383, 3165
1439, 7475
1673, 2216
1747, 7400
1773, 2958
1990, 3311
2018, 8661
2194, 5374
2986, 9690
3004, 6268
3012, 8607
3216, 8322
3349, 9536
3386, 4912
3911, 8767
4044, 5950
4056, 6422
4128, 4475
4285, 9841
4329, 8581
4374, 8616
4389, 9075
4401, 4911
4581, 4845
4800, 7078
4973, 8704
5077, 9868
5134, 5778
5316, 8131
5353, 6405
5783, 5954
5820, 7344
5921, 6584
5951, 9436
5994, 9255
6214, 7650
6348, 7519
6723, 8569
7303, 9333
7500, 8261
8013, 8083
83, 117
184, 7654
243, 7921
577, 2636
789, 4920
837, 4896
888, 8595
907, 2400
1053, 8868
1143, 8349
1219, 7926
1266, 2055
1268, 4781
1541, 3409
1654, 3356
1916, 5363
1965, 4869
2041, 3782
2603, 7589
2813, 3076
2822, 4638
2859, 7253
3191, 9471
3230, 4206
3484, 7529
3719, 5390
3755, 9997
3801, 8087
4198, 6781
4746, 6851
4753, 6234
4767, 9132
4991, 8361
5398, 8921
5459, 6950
5599, 8065
5631, 5745
5641, 6578
7096, 9477
7501, 8677
7715, 9169
7837, 8441
8555, 9560
9174, 9725
39, 8847
164, 9026
351, 9837
436, 5031
506, 5993
524, 3198
571, 7743
1021, 8590
1083, 7029
1147, 7667
1226, 5843
1509, 2371
1836, 2375
1920, 8125
1992, 8653
2018, 6545
2023, 3468
2260, 8921
2344, 2670
2580, 4637
2644, 4531
2759, 6730
3106, 3223
3240, 7960
3287, 6250
3915, 6328
3935, 9905
3994, 5844
4397, 9549
4400, 5293
4555, 6497
4798, 4950
5090, 5688
5170, 8736
5455, 9877
6101, 8666
6320, 7297
6513, 9706
6864, 9176
7949, 8950
160, 3860
208, 5491
241, 3826
354, 5946
546, 7375
613, 6906
718, 8781
754, 1961
1229, 6079
1329, 7939
1466, 8255
1605, 3851
1728, 2788
2006, 8418
2060, 8069
2066, 3692
2311, 7887
2419, 6317
2545, 3977
2545, 5829
2583, 3970
2588, 9488
2684, 5677
2802, 7336
2805, 4175
2893, 3579
2901, 8489
2939, 9436
3137, 4516
3401, 6299
3703, 5793
4036, 9165
4111, 6753
4193, 6147
4230, 8560
4281, 7835
4333, 6031
5406, 8124
5458, 9887
5577, 7214
5770, 6922
6633, 9103
6724, 8084
7367, 9700
7877, 9333
117, 755
132, 6609
190, 5979
298, 9680
513, 543
558, 3496
737, 4347
975, 2586
1005, 4959
1016, 1294
1194, 9564
1308, 7957
1402, 8513
1497, 8244
1609, 4463
1627, 1753
2005, 2621
2433, 6527
2496, 2817
2622, 5415
3360, 8062
3368, 5149
3630, 9337
3685, 8503
3700, 7559
4389, 6049
4486, 5958
4779, 6252
5090, 9630
5260, 9878
5833, 9633
6059, 9422
6360, 8148
6409, 9907
6419, 8821
6551, 8358
7236, 8646
8375, 9185
9183, 9220
90, 8000
320, 2906
392, 8232
402, 7070
436, 2537
445, 3489
747, 9598
767, 5351
824, 8034
1198, 7489
1376, 9278
1599, 7356
2142, 2209
2288, 3487
2366, 3902
2376, 6685
2556, 6997
2574, 2852
2608, 2972
2897, 5714
3031, 7543
3145, 5276
3175, 4447
3184, 5466
3246, 6271
3333, 6013
3482, 7496
3734, 9345
3756, 9967
3870, 6971
3968, 4883
4395, 5032
4624, 6544
4641, 8277
4882, 7818
5029, 8293
5130, 9228
5458, 9651
6030, 6484
6723, 8588
6909, 8901
6965, 8790
7160, 8843
7263, 8536
8857, 9621
54, 9876
386, 6248
435, 5007
501, 6041
523, 5376
538, 3526
748, 8172
1163, 7308
1252, 1938
1409, 3335
1466, 7808
1718, 5018
1790, 7137
1805, 8275
1898, 9658
2308, 4735
2382, 2896
2510, 5546
2602, 2736
2610, 2708
2611, 7343
3000, 4258
3033, 7971
3056, 3946
3123, 4969
3499, 8229
3541, 5224
3702, 4646
3825, 8698
4076, 9696
4164, 7570
4303, 4609
4415, 8406
4560, 7255
4680, 7622
4736, 5937
5024, 9239
5403, 9731
6454, 7321
6553, 7914
6641, 7124
7419, 7749
8621, 8807
8934, 9724
9040, 9255
9236, 9944
9547, 9600
9589, 9909
76, 6964
170, 7124
341, 8352
464, 1152
481, 3337
564, 5851
670, 3983
784, 6746
901, 2000
1002, 2004
1062, 8494
1152, 8275
1343, 7860
1654, 4546
1793, 2421
2016, 9830
2064, 4577
2457, 3202
2538, 2968
2554, 5837
2582, 8291
2771, 7828
2908, 6312
2959, 4734
3380, 8130
3388, 7645
3652, 7653
3760, 9099
3803, 5693
3872, 4601
4276, 7867
4617, 8107
4844, 9508
4896, 6422
4954, 9255
5129, 7826
5159, 7995
5223, 7803
5617, 8361
5652, 8733
5671, 6402
5718, 8971
6158, 7328
6630, 8258
7207, 9961
7268, 8873
7862, 9118
8110, 9317
9043, 9112
9287, 9502
27, 463
67, 3869
97, 2403
191, 8353
205, 4763
366, 4302
537, 4444
651, 2758
754, 2755
776, 5803
802, 8135
979, 3567
983, 9783
1457, 9266
1801, 6835
2047, 7355
2189, 2517
2214, 4196
2264, 2360
2490, 3505
2599, 4416
2783, 3847
2789, 8116
2811, 8341
2835, 9038
2850, 3210
2946, 5907
2956, 7296
2978, 4177
3199, 5599
3211, 3652
3774, 6059
4146, 9273
4160, 4532
4218, 5186
4417, 8248
4588, 8227
4702, 9762
4826, 5590
5968, 8705
6386, 9105
7182, 9307
7490, 7615
88, 8283
242, 7881
247, 5599
280, 761
554, 2201
671, 7775
958, 6292
1002, 6926
1027, 8377
1141, 2159
1402, 5000
1429, 6588
1554, 3369
1587, 8012
1778, 8090
1846, 9861
2501, 8488
3043, 9288
3102, 8818
3228, 7279
3478, 8237
3535, 6304
3574, 5063
3785, 9161
3955, 7948
4017, 5233
4792, 9067
5328, 6125
5768, 7396
5848, 6387
6143, 9739
7157, 9549
7809, 8362
8361, 9148
207, 8080
288, 804
298, 3755
394, 6078
555, 1298
612, 1158
828, 910
1029, 3224
1114, 6605
1149, 5131
1328, 5200
1336, 5189
1417, 4259
1659, 9175
1710, 9923
1771, 4275
1781, 2957
2237, 4764
2408, 5474
2658, 5969
2748, 4555
2843, 4222
2961, 7983
3091, 4824
3168, 5142
3313, 4732
3424, 9924
3488, 7578
3856, 5651
4203, 4653
4409, 8596
4427, 5449
4460, 6498
4558, 5162
5569, 7810
5629, 8672
5945, 6998
6032, 7813
6534, 8489
6711, 9452
7119, 9134
7198, 8892
7490, 7920
8147, 8949
8187, 8600
8507, 9926
60, 1090
153, 4704
175, 6270
313, 467
407, 4485
597, 7755
951, 6073
1036, 5844
1179, 2420
1281, 2638
1417, 1447
1882, 3335
2062, 9457
2185, 9301
2750, 3693
2998, 3671
3017, 6037
3044, 6165
3111, 3146
3531, 4645
3583, 9025
3706, 3957
4360, 9586
4425, 9612
4538, 8052
4601, 8458
4933, 7645
5850, 6092
5946, 8394
6943, 7125
6974, 7215
7409, 8308
7678, 7805
7879, 9275
7895, 9586
7931, 9251
8096, 8613
8610, 9333
8909, 8976
9425, 9659
30, 6792
378, 2634
396, 5319
468, 2732
592, 4527
766, 2192
1086, 6585
1102, 9568
1290, 7544
1356, 7062
1716, 5648
1742, 6319
2022, 4785
2196, 4170
2257, 4673
2454, 2612
2519, 7092
2655, 8153
2677, 6002
3077, 7824
3223, 4668
3280, 4650
3492, 7857
3588, 5662
3838, 9842
4200, 5058
4318, 9758
4404, 6655
4455, 5482
4505, 5355
4765, 9639
4918, 8949
4922, 6328
5441, 5958
5602, 9039
5674, 6694
5679, 7200
5796, 6285
6221, 6577
6243, 8296
6373, 6619
6541, 7648
6787, 7429
7680, 8600
7729, 8700
7947, 8554
8424, 9072
8438, 8980
9336, 9826
174, 4837
238, 5319
305, 4914
322, 951
353, 7560
421, 2838
546, 7027
550, 4554
682, 4163
795, 7943
1024, 3716
1113, 4208
1188, 7704
1435, 2621
1618, 6643
1825, 9014
1962, 2901
1983, 3539
2081, 8986
2121, 9960
2230, 5773
2363, 4567
2402, 9463
2518, 4936
2609, 5489
3043, 4533
3776, 9935
3777, 5783
3931, 5373
4138, 8899
4583, 8472
5364, 9862
6156, 7380
6170, 8827
6673, 8970
6936, 8913
7278, 8405
7280, 8549
7749, 8716
8019, 8914
8680, 9667
8802, 9877
9189, 9273
334, 3130
366, 3464
396, 3027
495, 3528
530, 745
696, 6497
743, 7614
812, 6510
989, 7776
1355, 1779
1395, 4710
1411, 2134
1528, 9459
1703, 6568
1764, 7821
1903, 5885
2024, 2575
2585, 7345
2626, 4025
2917, 8399
3043, 3726
3347, 8831
3421, 8736
3817, 9312
4483, 4535
4719, 5244
4827, 6198
4875, 7650
5618, 5627
5623, 7612
5676, 6846
5910, 8225
6291, 9718
7039, 7465
7228, 7904
7377, 8710
8251, 9196
148, 1592
258, 9747
534, 8511
566, 8215
632, 4498
743, 2062
870, 4249
1077, 7704
1262, 8451
1490, 8198
1611, 8604
1630, 7261
1729, 9218
1838, 2870
1897, 6616
1902, 9117
2165, 6307
2483, 4336
2535, 6968
2622, 6550
2855, 8576
3084, 9640
3353, 5065
3862, 9907
3891, 8976
4012, 5992
4015, 4416
4288, 9898
4612, 7108
5089, 7960
5160, 9984
5211, 5457
5324, 6016
5386, 8007
5651, 8072
6034, 6355
6127, 9009
6192, 7835
6230, 8924
7412, 8931
7628, 7692
8341, 8437
8648, 9721
36, 361
346, 1232
367, 7368
918, 4384
1053, 9462
1332, 5558
1696, 6974
1884, 9122
1984, 2911
2124, 8452
2140, 2867
2168, 2674
2425, 8159
2439, 4259
2657, 3276
2787, 4842
2874, 8110
3231, 7816
3286, 6032
3419, 8693
3977, 7878
4557, 4859
4669, 6510
4774, 6411
5037, 5376
5078, 7724
5505, 6071
5833, 9190
5902, 8718
6237, 8095
6243, 8643
6331, 6621
6347, 8301
6542, 9478
6767, 7954
6836, 8096
7142, 8432
7620, 8029
7759, 8104
8212, 8642
8901, 9025
8939, 9938
40, 5716
156, 6126
209, 4124
377, 5765
429, 3469
441, 8745
533, 9474
826, 3415
980, 9868
997, 3700
1145, 9170
1176, 9408
1230, 5935
1306, 1932
1632, 9393
1810, 3022
1988, 8260
1998, 5035
2245, 7340
2258, 2844
2318, 4118
2341, 4231
2487, 2737
3003, 6556
3028, 3345
3490, 4989
3965, 8945
4138, 7438
4272, 9432
4514, 8033
4637, 7485
5116, 9657
5145, 5667
5217, 5716
5844, 6331
7428, 9260
8798, 9250
9111, 9228
332, 3163
617, 1940
644, 4714
814, 9784
822, 8338
980, 7701
987, 8990
1081, 6733
1125, 7679
1130, 2746
1201, 2631
1309, 5174
1693, 5229
1787, 3579
1861, 3031
1971, 5374
2048, 4675
2083, 2693
2106, 8919
2132, 4744
2284, 6722
2506, 8893
2525, 5786
2544, 8395
2697, 5289
2704, 2748
2981, 9732
3435, 7046
3468, 9638
3649, 6663
3731, 4037
3797, 5128
4043, 7360
4704, 9336
5006, 6277
5098, 7814
5130, 5735
5429, 8215
5446, 8171
6013, 8234
6146, 7958
6194, 9416
6951, 8306
8219, 8861
8904, 9409
45, 2497
217, 5379
468, 5272
645, 2830
648, 9212
724, 5469
836, 5861
879, 8811
960, 5952
968, 9612
1149, 9601
1157, 9774
1162, 1335
1376, 6981
1428, 9635
1640, 3584
1716, 7411
1727, 7555
1732, 1949
1904, 4097
2011, 5068
2037, 7487
2449, 9297
2612, 6670
2672, 7642
2712, 7982
2823, 5631
2860, 5865
2963, 8521
3191, 4398
3310, 3484
3537, 6042
3671, 7075
3725, 8951
3842, 4770
3871, 6713
3915, 5395
4117, 6375
4381, 6424
4557, 4937
4747, 7567
4763, 4908
4774, 5860
5012, 8465
5214, 9756
6572, 8376
7165, 7995
8410, 9925
8790, 9624
9371, 9505
36, 5445
65, 3270
72, 199
378, 8766
845, 2054
1101, 3395
1141, 6917
1164, 2500
1240, 8738
1301, 4378
1380, 4007
1707, 5659
1743, 4811
1792, 9341
1796, 7441
1855, 5228
1959, 2854
2138, 6595
2151, 5458
2327, 4084
2863, 5022
3014, 5128
3148, 8365
3184, 9303
3509, 8584
4504, 6330
4819, 5160
4848, 5151
5040, 9627
5260, 6073
5316, 9078
5441, 6378
5750, 9326
5855, 8352
6360, 7713
6605, 8420
7028, 7740
7220, 8833
8380, 8431
2, 285
167, 5561
332, 6536
417, 1974
464, 5763
508, 1218
686, 9967
692, 8749
730, 6385
733, 3197
1108, 8475
1173, 1487
1420, 3292
1446, 5590
1639, 6524
1814, 2407
1887, 9227
2253, 8097
2281, 6963
2481, 8094
2545, 9858
2561, 7093
2640, 8762
2769, 7763
2908, 7829
2935, 9980
2982, 3109
3133, 6117
3148, 8351
3336, 4847
3987, 9990
4033, 8669
4364, 6634
4518, 7447
4899, 5263
4934, 5892
5303, 6095
5524, 8823
5600, 9434
5741, 5898
5930, 7703
5930, 8288
5942, 6601
6224, 7024
7075, 9742
7580, 7747
8322, 8967
9051, 9668
26, 6630
164, 3394
315, 4848
683, 1664
700, 5086
964, 1902
966, 2232
980, 9095
1040, 4322
1073, 2213
1384, 3566
1601, 3067
1614, 8829
1673, 2315
1891, 5006
2388, 6489
2439, 2755
2483, 7326
2572, 8563
2593, 8869
2599, 7573
2702, 9594
2769, 5517
2873, 4427
3139, 7073
3186, 7006
3199, 5195
3207, 4470
3381, 4634
3612, 9618
3649, 8392
3690, 7329
3798, 8886
4428, 9491
4459, 4992
4726, 8379
4921, 9682
4961, 8337
5126, 8600
5335, 8681
5508, 6184
5733, 8244
6457, 8221
6938, 9771
7572, 8901
8050, 9216
263, 3388
510, 9596
581, 9583
622, 3641
627, 3057
996, 4394
1477, 5096
1589, 5173
1764, 3551
1839, 8633
2068, 2364
2097, 7179
2412, 3543
2698, 6890
2966, 4733
3052, 8809
3207, 3481
3886, 4307
4593, 8974
4804, 7352
4909, 8232
5127, 9496
5176, 8561
5443, 6667
5570, 6607
5684, 7971
5770, 7540
5803, 8698
5823, 8265
5875, 6566
5955, 8016
6022, 7021
6336, 7204
6486, 9549
6572, 8956
6639, 8350
6708, 7682
7053, 8480
7293, 8670
7650, 7891
7980, 9969
8153, 9885
202, 5835
305, 2373
687, 5797
1210, 2150
1450, 8846
1473, 5738
1487, 4708
1630, 7391
1688, 2067
1835, 2605
1911, 4682
1914, 7745
1989, 6920
2155, 9555
2707, 3386
2843, 8247
2966, 3031
3222, 3409
3270, 3904
3354, 4413
3381, 8157
3779, 4822
3800, 7651
3812, 7432
4075, 9182
4090, 9424
4347, 9456
4833, 6621
4850, 5345
5002, 7261
5424, 7018
5436, 7416
5452, 7244
5632, 5698
5732, 9458
5755, 7060
5808, 8374
6042, 6659
6228, 6797
6715, 7401
7128, 9886
7320, 7803
7388, 7441
8526, 9418
9076, 9998
83, 4131
328, 3981
504, 5569
620, 6383
624, 9055
652, 5203
1005, 3172
1136, 5687
1137, 9067
1142, 5808
1507, 1936
1804, 8212
2212, 2600
2354, 5572
2407, 6769
2537, 8569
2807, 6663
3017, 8533
3063, 3672
3105, 5448
3266, 5172
3347, 4508
3564, 7373
3577, 8588
3584, 4636
3632, 8535
3654, 6370
3701, 7140
3769, 9475
4495, 4611
4609, 5490
4629, 9669
4647, 9894
4893, 5753
5000, 7203
5342, 8849
5742, 9728
5952, 7504
6230, 9279
6923, 9569
7859, 9869
21, 7614
94, 1007
151, 4480
202, 4356
422, 6662
490, 1239
498, 8004
501, 5434
534, 4794
616, 3968
769, 6680
860, 5663
914, 5572
1041, 5968
1233, 9021
1360, 7842
1363, 9044
1460, 5081
1503, 4525
1603, 9373
1766, 4525
2254, 5586
2670, 9804
2721, 6641
2928, 5750
3096, 5177
3124, 7318
3129, 4149
3211, 7090
3415, 5538
3458, 5452
3808, 6374
4326, 7418
4341, 7629
4392, 4936
4663, 9814
4887, 7213
5299, 8808
5881, 8054
6318, 9060
6883, 8400
7156, 9768
7174, 9644
7614, 8853
34, 6698
37, 8448
79, 9585
209, 6199
406, 8879
654, 2023
728, 9125
821, 2019
1272, 1617
1565, 5900
1574, 2876
1577, 7063
1627, 7612
1685, 6562
1727, 3764
1728, 2205
1789, 2792
2076, 4899
2174, 6566
2210, 7791
2448, 6449
2728, 9603
2773, 3399
2856, 6883
3323, 8686
3639, 6813
3776, 7259
3791, 4553
3826, 7899
3863, 8822
4079, 9419
4113, 6810
4236, 5193
4504, 8462
4650, 8847
4780, 8234
4818, 9703
5019, 7388
5098, 6144
5398, 7783
5427, 8188
5430, 8608
6088, 7038
6897, 6900
7082, 7616
7247, 7674
7671, 8339
7731, 8251
8554, 8700
9243, 9744
304, 4282
773, 4825
828, 4660
928, 2610
1070, 7426
1086, 3497
1267, 9216
1323, 3067
1393, 2177
1476, 7148
1615, 2034
1708, 8969
1816, 5730
1832, 8110
2077, 5158
2546, 8544
2732, 5287
2812, 6710
3095, 6439
3202, 3244
3366, 5007
3427, 4059
3643, 4590
3659, 6380
3752, 7637
4049, 6839
4113, 5324
4190, 6395
4350, 5311
5532, 9167
6307, 8654
6664, 8569
6689, 8755
7880, 9103
8155, 9544
8158, 8309
8480, 8720
0, 6019
136, 9183
219, 4285
221, 4262
330, 7893
483, 7669
723, 9644
817, 8750
885, 4622
903, 1679
919, 6146
925, 3034
946, 9678
1048, 2108
1364, 3991
1368, 6268
1739, 8037
1886, 6324
1906, 8882
2019, 2156
2380, 2807
2503, 4579
2762, 4469
3001, 9314
3478, 7485
3486, 9548
3521, 9487
3623, 4638
3772, 4143
3907, 9299
3986, 7765
4191, 9357
4272, 9881
4342, 6190
4822, 6491
4884, 6753
4943, 8141
4951, 8080
4955, 6983
5026, 6057
5043, 6424
5218, 6880
5401, 8512
5899, 7280
6003, 6937
7478, 8962
7684, 7700
9018, 9690
181, 2578
268, 9661
298, 6472
364, 2051
462, 3481
549, 3313
1000, 5843
1361, 9492
1564, 8422
1579, 6990
1694, 7663
1855, 1904
1900, 3548
1906, 6632
2042, 5955
2056, 3265
2209, 4016
2557, 4241
2580, 6168
2830, 9778
2919, 4736
3033, 6042
3059, 6632
3761, 4674
3783, 6972
3787, 5988
3998, 4778
4001, 7062
4255, 7012
4528, 5756
4618, 8304
4779, 5043
4828, 5437
4853, 5942
5133, 9947
5172, 6031
5604, 9735
5703, 6005
6352, 9268
6382, 8610
6428, 7823
6599, 6826
6686, 8163
6894, 9609
6990, 7982
7037, 8073
7462, 9018
9197, 9263
326, 5844
1144, 5414
1260, 4971
1260, 6100
1641, 6988
1873, 6509
1883, 7443
2115, 7109
2130, 6585
2294, 7092
2298, 3664
2682, 9797
2733, 6750
2937, 5637
3140, 4240
3187, 5272
3431, 7097
3480, 8729
3508, 5582
3807, 9747
4256, 4405
4334, 5641
4492, 7717
4510, 4960
4593, 7800
4947, 8389
5267, 7394
5295, 8345
5478, 6948
5499, 6105
5592, 8561
5606, 6062
6023, 7820
6196, 6669
6213, 8550
6450, 8216
6781, 6897
7303, 9039
7863, 9082
7964, 7983
9635, 9946
90, 4526
123, 536
259, 720
317, 724
368, 8200
389, 2767
411, 7558
526, 7096
711, 1629
778, 2961
818, 7078
821, 6798
1441, 8851
1468, 8210
1527, 7394
1557, 2755
1731, 8807
1870, 6780
1872, 6623
2235, 5654
2276, 2492
2423, 7118
2679, 8899
2988, 8984
3449, 7069
3812, 8171
3870, 4020
4448, 9117
4488, 5210
4553, 9232
4700, 9504
4786, 5764
4864, 7893
5894, 8402
5918, 5952
5957, 8418
6046, 8984
6416, 7008
6857, 9749
6951, 7603
7304, 9256
7328, 9915
7825, 8155
7930, 9016
8255, 9326
9254, 9911
3, 9382
47, 6063
639, 7439
1206, 4279
1287, 8080
1330, 2379
1614, 4767
1778, 6298
2164, 4138
2212, 4450
2279, 3638
2505, 8110
2549, 4982
2972, 5169
3082, 8754
3087, 4906
3155, 9363
3276, 9774
3584, 7614
3781, 7172
4051, 4693
4149, 9043
4422, 5056
5443, 9802
5717, 5920
5915, 7733
6248, 7346
6295, 7115
6343, 8888
6530, 8177
7090, 8276
7247, 8409
7603, 9336
7613, 8494
7804, 9523
8625, 8716
224, 7910
457, 7364
493, 8652
543, 7343
598, 4844
736, 5652
753, 9897
775, 7921
1125, 7665
1349, 7251
1364, 7729
1388, 3700
1439, 1479
1575, 3321
1833, 9264
1845, 6277
2074, 9554
2216, 4971
2278, 7595
2285, 6863
2383, 7129
2422, 6688
2678, 6253
2700, 6862
3048, 7838
3477, 8904
3530, 5517
3722, 7225
4252, 5518
4728, 9451
5036, 7473
5179, 8413
5200, 6280
5304, 8496
6341, 7286
6955, 7886
7069, 9072
7199, 7687
9379, 9881
69, 4422
576, 9078
627, 8327
772, 1788
916, 8889
1143, 5708
1402, 9410
1579, 8472
1640, 1989
1666, 8640
1701, 5706
1716, 2001
1922, 6901
2226, 9642
2400, 9718
2429, 9470
2677, 6655
2816, 7677
2862, 9029
3040, 9606
3217, 6746
3370, 9401
3414, 8113
3626, 4616
3665, 6056
3733, 7077
3736, 6554
3853, 8163
4073, 5069
4129, 7310
4289, 9328
4317, 6067
4461, 4952
4695, 4728
5158, 8360
5358, 9026
5574, 7926
6092, 7882
7760, 8299
1, 6958
538, 9538
810, 9899
1065, 5819
1210, 7436
1260, 2425
1261, 2796
1433, 9542
1532, 8098
1543, 6790
1576, 8170
1700, 8907
1704, 9583
1836, 2345
1868, 4943
1892, 7990
2139, 8755
2206, 3739
2339, 2459
2532, 6321
2770, 5973
2775, 4129
2993, 5947
3058, 6823
3084, 5570
3114, 8024
3338, 3481
3364, 7663
3666, 8857
4867, 8526
4921, 6556
4965, 6816
5446, 6556
7314, 9034
8055, 9238
8098, 9858
8751, 9324
126, 7917
417, 2493
593, 7365
649, 3998
833, 9471
882, 5933
921, 9465
1003, 7624
1450, 2910
1787, 7651
1972, 3957
1996, 5026
2364, 5665
2836, 8154
2848, 9290
2900, 5933
3032, 4738
3072, 3597
3074, 4769
3200, 4640
3233, 7516
3395, 3970
3622, 4632
3629, 4514
4005, 7433
4044, 6545
4070, 8876
4417, 8433
4454, 5542
4819, 8323
4835, 5008
5090, 6452
5351, 9664
5387, 7293
5910, 6658
5996, 7872
6013, 7459
6257, 6624
6580, 7593
6851, 8619
6984, 7055
8406, 9181
8684, 9114
188, 1319
189, 2923
477, 5986
623, 9245
656, 7520
980, 7172
1040, 3386
1085, 2318
1118, 8198
1305, 7883
1361, 9932
1509, 5398
1567, 9037
2237, 2531
2305, 7011
2409, 9995
2537, 3546
2818, 4984
3063, 7745
3117, 8300
3330, 5378
3433, 4454
3469, 6390
4028, 8627
4522, 4657
4790, 7001
4864, 9125
5178, 9090
5251, 9747
5320, 6651
5378, 8016
5552, 6185
5555, 7947
5755, 8518
5944, 6473
6148, 6758
6374, 9995
6401, 8842
6416, 9476
6428, 8521
6556, 7228
6571, 7631
6752, 7509
6999, 9850
7368, 9569
7705, 9993
8368, 8928
8530, 8668
297, 660
387, 5863
504, 7545
510, 5032
529, 3998
531, 1146
625, 5197
651, 4805
798, 8368
857, 5256
956, 8775
995, 7075
1198, 3534
1210, 1689
1403, 3860
1553, 3420
1840, 8256
2062, 2476
2112, 2993
2275, 4680
2501, 5947
2572, 9611
3723, 6326
4179, 9909
4193, 5927
4799, 7432
4806, 9797
4996, 9635
5236, 5830
5563, 6384
6520, 9261
6575, 9062
6966, 8780
9418, 9544
125, 8932
187, 1053
310, 7357
594, 5443
641, 4069
1004, 8357
1046, 1462
1231, 3721
1289, 2338
1432, 8289
1449, 6548
1535, 9402
1619, 9203
1754, 6240
1891, 4282
2078, 5817
2305, 5629
2345, 8219
2389, 8065
2427, 8330
2993, 9005
3026, 9993
3098, 8218
3102, 8848
3169, 6382
3230, 5616
3292, 8906
3362, 4298
3507, 4465
3545, 8069
4259, 4528
4274, 9577
4339, 4358
4400, 9224
5124, 7684
5362, 7273
5490, 9405
5585, 9229
5677, 8030
6311, 8477
6414, 7385
6458, 7534
6903, 7219
7162, 7441
7769, 7902
8028, 9883
8912, 9891
3, 5240
61, 4353
64, 4127
262, 8009
299, 900
312, 2171
946, 6504
1112, 1659
1138, 6487
1316, 5725
1379, 8272
1426, 2390
1466, 2743
1475, 9183
1506, 5381
1676, 9485
1700, 2449
1751, 5631
1759, 5968
1798, 9146
1823, 9805
1826, 4214
1922, 7071
1981, 3950
2280, 7274
2421, 7189
2641, 7465
2727, 8624
2765, 4906
2801, 9201
2845, 4422
3032, 9377
3202, 7992
3231, 6396
3279, 7382
3372, 7827
3522, 7598
3680, 5893
3684, 4652
3702, 8866
3961, 8659
4183, 8070
4284, 5130
4440, 5444
4806, 8675
5014, 5519
5132, 7461
6214, 7292
6858, 8021
6862, 7518
6876, 9799
7035, 8739
7388, 7515
8535, 9278
9555, 9736
9659, 9766
198, 9901
266, 284
439, 8089
502, 5793
549, 5376
575, 4772
654, 1827
675, 6794
831, 7377
1062, 5365
1434, 4129
1461, 2596
1513, 1676
1541, 5723
1650, 7514
1732, 7767
1827, 8547
1870, 4987
1965, 8280
2236, 2347
2361, 4789
2367, 6397
2535, 6802
2715, 3022
2791, 8510
2792, 8889
2846, 6433
2939, 6931
2967, 9936
3114, 8437
3143, 7961
3173, 5555
3310, 7197
3329, 4818
3516, 6290
3596, 6420
3754, 5403
3756, 6664
3770, 5890
3771, 4052
3909, 8000
4241, 5079
4384, 6964
4606, 7195
5722, 6019
6249, 9377
6421, 8640
6503, 9337
6602, 7355
7967, 9326
8528, 9462
8616, 9106
8720, 9642
9077, 9163
67, 7413
88, 4773
116, 903
139, 8072
280, 1454
391, 8943
530, 537
629, 5014
791, 6309
1084, 2202
1307, 8605
1465, 4568
1654, 9703
1777, 4345
2092, 8046
2268, 6475
2473, 5244
2748, 8973
2980, 4865
3033, 8349
3037, 6218
3081, 4505
3580, 7219
3679, 9445
4349, 8482
4378, 6062
4646, 9452
4710, 6348
4865, 8343
5216, 6546
5337, 6836
5465, 7400
6498, 9538
6844, 9838
8226, 9808
8298, 9945
8379, 8843
9304, 9605
229, 8829
514, 4281
534, 1783
977, 3126
1159, 1233
1517, 4143
1692, 7094
1729, 3492
1750, 5192
1751, 8583
1859, 9391
2127, 8967
2690, 9996
2997, 4141
3201, 4863
3242, 4183
3289, 4447
4053, 5258
4436, 9892
4798, 7813
5200, 9605
5292, 8345
5331, 8726
5732, 8306
6417, 9719
6479, 6620
6914, 8266
8169, 8877
8658, 9673
29, 127
200, 7133
247, 5869
686, 7918
828, 2560
842, 4836
863, 6503
930, 1092
1059, 4747
1419, 3233
1538, 7109
1571, 6782
1571, 8736
1607, 5199
1741, 7978
2140, 8028
2246, 2538
2471, 6596
2473, 9271
2550, 2868
2873, 4367
2925, 7455
3384, 8586
3639, 9902
4031, 6666
4125, 6850
4149, 7997
4445, 4653
4449, 7288
4835, 6994
5855, 6253
6013, 6817
6241, 6752
6716, 8355
7265, 7587
8054, 9681
8066, 9487
8371, 8789
8701, 9888
62, 618
473, 6757
475, 8219
600, 9209
622, 997
670, 7546
756, 8483
877, 5288
921, 934
1092, 7637
1197, 9403
1243, 7465
1455, 5108
1534, 4662
1600, 1773
1619, 2106
1661, 2594
1872, 6092
2088, 3642
2317, 8182
2534, 2696
2680, 9504
2784, 5508
2862, 3705
3479, 5207
3658, 7938
3718, 5816
3756, 3896
3835, 6027
4432, 8490
4600, 9492
4696, 9554
5005, 6060
5517, 7150
5571, 6573
5603, 9013
5637, 7803
5728, 6155
5772, 6740
5858, 7320
6122, 8697
6302, 8499
6304, 8336
6402, 6915
7541, 9295
7780, 9594
7860, 9780
8753, 9464
9213, 9338
0, 6147
5, 4860
82, 8870
112, 6213
207, 1016
222, 7993
306, 6823
367, 3661
543, 3493
569, 9660
630, 9676
856, 4535
886, 6004
962, 1697
1183, 4617
1218, 7047
1332, 4982
1571, 1688
1722, 9247
1726, 6751
2200, 8177
2252, 8843
2404, 5745
2507, 7280
2588, 6344
2785, 9123
2924, 4128
3103, 6324
3251, 3474
3538, 6014
3548, 4081
3617, 6730
3782, 6107
4234, 6813
4308, 4440
4355, 8107
4537, 8331
4550, 6147
4724, 5495
4828, 7561
4983, 5439
5121, 7781
5599, 8690
5608, 7862
5831, 6609
5837, 6382
6065, 7188
6428, 7132
6712, 7065
6803, 8585
7016, 9915
7315, 7453
7603, 8193
7797, 9484
7878, 9051
8668, 9007
8696, 9042
80, 3151
167, 6200
278, 715
489, 2276
575, 3062
844, 8457
905, 4875
1005, 4035
1045, 1912
1211, 4378
1367, 4644
1410, 8191
1436, 2415
1601, 5712
1639, 7287
1643, 8046
1668, 9398
2005, 5198
2122, 3575
2187, 4538
2616, 3068
2992, 8776
3274, 9013
3487, 9293
3797, 8073
4156, 4552
4364, 4505
4454, 5870
4725, 7266
4766, 7737
5033, 9378
5647, 6675
6587, 7120
6595, 8590
6705, 8040
6731, 8554
6821, 7768
7471, 9641
7594, 7738
7710, 7842
7831, 9803
8436, 9470
9108, 9360
9176, 9252
9679, 9785
12, 4903
36, 3191
163, 9909
216, 9423
357, 7130
375, 7957
414, 680
703, 7801
786, 1042
883, 2771
960, 2107
1031, 6968
1109, 7036
1132, 7575
1369, 4501
1504, 7791
1553, 2583
1613, 6039
1745, 7281
1783, 7675
1852, 4700
1885, 3268
1930, 3686
1933, 9234
2005, 7314
2014, 4275
2040, 9235
2089, 6150
2224, 2345
2592, 9105
2760, 5806
2981, 5151
3091, 7541
3327, 4229
3465, 5548
3465, 5688
3494, 7359
3785, 7106
3930, 4983
4200, 8034
4224, 8301
4616, 5859
4620, 7709
4771, 6929
4859, 9418
4936, 8530
5062, 7817
5106, 5614
5384, 8776
5511, 6067
5513, 7377
5531, 8084
5534, 9156
6018, 6319
6592, 8983
6604, 9981
6642, 8882
7236, 9583
7302, 8181
7478, 8766
7507, 9322
8129, 8329
9205, 9585
23, 2326
33, 8376
117, 979
133, 1285
219, 9210
229, 9212
306, 8770
546, 2488
567, 5311
705, 2927
745, 7039
850, 9498
864, 6606
1072, 6048
1076, 1522
1088, 2066
1229, 2255
1241, 5613
1247, 9635
1254, 9027
1437, 9080
1820, 5167
1906, 9787
1951, 6452
2048, 3249
2536, 7759
2664, 7841
2674, 4079
2778, 7326
3159, 8813
3206, 3326
3721, 9717
4021, 9623
4179, 4829
4265, 5143
4519, 9460
4583, 7964
4980, 7849
5519, 5906
6256, 7783
6380, 9539
6749, 9828
7634, 9599
8809, 9762
76, 7934
149, 9571
375, 2930
376, 8506
422, 1232
524, 767
563, 3705
704, 5858
744, 5246
1017, 9598
1188, 4305
1227, 1987
1245, 4817
1265, 2972
1341, 9279
1572, 9409
1636, 3670
1925, 6254
2207, 8188
2288, 2386
2506, 6437
2541, 9419
2885, 7545
2960, 7367
2969, 3287
2995, 6873
3022, 8455
3069, 5948
3201, 4361
3277, 6052
3289, 7897
3330, 5646
3340, 9396
3371, 6848
3449, 6849
3852, 7179
3916, 9691
4080, 9275
4090, 4564
4344, 4943
4423, 8938
5300, 5557
5920, 6276
6173, 9132
7018, 8355
7071, 8656
7416, 8080
8193, 9012
52, 8904
115, 9462
143, 3657
311, 9407
329, 3344
333, 8146
343, 531
511, 4525
570, 3451
744, 6105
768, 1301
1014, 5558
1123, 2716
1332, 7963
1489, 6068
1612, 1656
1675, 9840
1763, 6849
1776, 9635
1921, 7251
2035, 8803
2219, 3811
2280, 5244
2553, 3963
2607, 3259
2620, 4518
2644, 7604
2692, 9362
3072, 5934
3108, 7106
3520, 5207
3654, 9227
3745, 8239
3764, 8971
3932, 6144
3967, 6824
3993, 7026
4853, 7875
4884, 9062
4994, 5826
5550, 9388
6052, 7059
6707, 8699
6759, 9542
7672, 8557
49, 5647
49, 6669
50, 9797
399, 7029
514, 5392
544, 1604
567, 859
945, 3099
989, 6345
1092, 2569
1111, 3068
1421, 2270
1601, 2192
1618, 6397
1647, 6262
2010, 3166
2128, 3000
2144, 7596
2167, 6707
2333, 4055
2427, 3747
2435, 9800
2470, 4712
2571, 8264
2593, 6354
2612, 5576
2708, 6646
2782, 8361
2802, 9843
3015, 6554
3171, 4832
3194, 9297
3226, 3309
3483, 6499
3671, 6321
3908, 9278
4001, 8937
4074, 4169
4318, 7220
4764, 5039
4995, 5973
5099, 5439
5656, 8319
5737, 8028
7494, 9808
7750, 9696
8722, 8809
8741, 9322
9346, 9676
227, 4922
503, 4366
505, 1974
599, 5985
637, 2912
755, 1801
759, 7084
856, 8062
888, 5262
966, 3514
1008, 9322
1095, 6513
1171, 9692
1361, 8702
1407, 5698
1481, 8528
1911, 6583
1963, 1987
2123, 5977
2187, 8619
2561, 7675
3068, 9418
3307, 7973
3377, 9810
3774, 4071
3939, 8342
3995, 7612
4136, 9346
4310, 8060
4376, 6315
4392, 9134
4585, 4935
4589, 5303
4840, 8819
5128, 5867
5347, 6880
6996, 8679
7155, 7429
7415, 7470
9106, 9109
9, 8826
25, 9857
41, 9975
126, 6400
159, 616
235, 1774
725, 5438
728, 2057
749, 1455
845, 2069
1116, 3816
2005, 2742
2039, 3687
2082, 3708
2083, 7075
2093, 7256
2266, 7579
2297, 7883
2384, 6619
2821, 4929
2898, 8873
3250, 3890
3374, 4714
3375, 8352
3552, 7089
3638, 5295
3794, 4637
3889, 8900
4104, 6088
4735, 7269
4792, 6875
4868, 9850
5784, 8851
6395, 9114
6423, 9415
6963, 7866
7025, 8657
7322, 9270
8482, 8674
8882, 9349
182, 1711
219, 9914
321, 8171
354, 6365
481, 4395
491, 2074
795, 1554
814, 2513
848, 5383
1055, 7134
1069, 6756
1199, 5603
1430, 2371
1578, 4704
1821, 8140
1846, 9705
1874, 7778
1902, 2446
2057, 9626
2098, 7232
2145, 5135
2148, 6299
2184, 3816
2207, 9939
2297, 7913
2498, 6083
3065, 9295
3184, 9896
3407, 8051
3496, 4360
3519, 9576
4507, 8879
4606, 7005
4626, 8830
4745, 6292
5237, 9143
5484, 8398
5897, 9132
6152, 9408
6314, 7159
6469, 7262
6484, 8471
6735, 7149
6897, 9695
6978, 8266
7043, 7522
7803, 7846
9574, 9819
69, 9022
114, 4752
375, 737
461, 7106
886, 1134
1047, 8318
1196, 6630
1459, 4475
1466, 6978
1506, 7137
1543, 9534
1719, 9402
2051, 6780
2222, 2718
2345, 8259
2656, 6091
2850, 5131
2871, 7930
3276, 4967
3381, 6035
3559, 3575
3663, 6379
3683, 5645
3695, 7229
3728, 5873
3788, 8785
4174, 6738
4773, 9870
4830, 7902
5055, 9730
5326, 6947
5350, 8291
5392, 9282
5418, 8467
5555, 6679
5785, 9990
6326, 7151
6400, 9213
6885, 9240
8135, 9833
8215, 8681
8283, 8680
612, 6467
780, 974
787, 9077
1064, 6144
1312, 2488
1338, 1887
1572, 3430
1611, 5838
2004, 8195
2625, 5148
2991, 6512
3468, 3879
3617, 9144
3694, 4878
4160, 6096
4294, 9704
4774, 8859
4883, 6616
5161, 7659
5198, 7712
5558, 5807
5789, 7292
6298, 6493
6584, 6999
6712, 8392
7227, 8273
59, 257
332, 3205
444, 884
514, 7494
548, 3974
870, 6735
894, 4729
1018, 5666
1111, 4101
1223, 9429
1226, 7495
1378, 3490
1431, 5143
1662, 6653
1687, 6148
1849, 6750
2047, 3536
2350, 5026
2365, 5776
2433, 7116
2489, 4938
2768, 3123
3233, 7328
3909, 7415
4070, 9991
4157, 6078
4181, 6535
4353, 6523
4401, 9838
4635, 5175
4915, 6707
4975, 8502
5039, 6168
5120, 8975
5682, 6810
5782, 6303
5911, 9479
6453, 7630
6549, 8295
6807, 8667
6933, 9347
7946, 8130
9067, 9355
145, 7753
303, 5314
408, 9084
493, 5732
585, 8099
668, 8638
710, 9745
1122, 3601
1235, 2062
1315, 3932
1685, 6975
1689, 9765
1748, 3282
1876, 8264
1970, 3109
1974, 3771
2159, 9708
2190, 8404
2216, 5829
2493, 9568
2511, 4308
2652, 2929
2873, 5325
3017, 6191
3116, 4521
3191, 3554
3244, 6600
3266, 8533
3565, 7772
3644, 6491
4102, 9237
4287, 9994
4496, 8666
4556, 8062
4760, 9821
5068, 6751
5135, 9956
5234, 8232
5571, 9983
5662, 9081
5878, 9035
5938, 8284
6189, 7669
6864, 8106
7010, 7874
7247, 9135
7529, 7848
7534, 9999
7784, 8030
7948, 8724
30, 1377
60, 4556
96, 9896
175, 9536
501, 4469
595, 7992
602, 3323
632, 3649
642, 9462
676, 3615
730, 6641
1017, 9848
1037, 7521
1052, 6813
1124, 5924
1151, 9798
1287, 7801
1376, 7230
1820, 6402
2018, 5719
2409, 8478
2464, 5635
2560, 9486
2638, 8167
2758, 7371
2814, 7994
2870, 4721
2942, 3445
3260, 9991
3490, 9278
3605, 3670
3605, 9418
4090, 6354
4858, 7395
5016, 6199
5871, 9701
6030, 7899
6096, 9853
6224, 6504
6340, 8087
6393, 8561
6818, 8464
8008, 8058
9032, 9263
108, 6231
299, 4600
534, 3864
623, 1263
693, 7278
847, 5856
1026, 1072
1092, 2897
1112, 7191
1202, 8762
1424, 2428
1458, 8068
1628, 6002
1696, 9799
1826, 5096
1959, 6572
2061, 9724
2075, 9590
2151, 7785
2378, 5244
2612, 2899
2933, 8093
3195, 4372
3352, 7118
3459, 4711
3606, 5118
3959, 4479
4147, 8286
4445, 8906
5655, 8446
5951, 8712
6129, 9236
6762, 8981
6882, 9197
6963, 9902
7523, 9497
8110, 8356
8357, 9916
8489, 9735
8718, 9529
8841, 9458
100, 8879
154, 8537
182, 2708
225, 4725
697, 3248
797, 8925
860, 9956
869, 3863
986, 8567
1157, 9455
1183, 2255
1357, 5288
1429, 7539
1440, 4074
1596, 6798
1916, 9120
2363, 9443
2555, 9496
2847, 4291
2900, 7734
2969, 6221
2972, 3003
3047, 5739
3232, 9401
3234, 5977
3469, 5083
3478, 9387
3554, 9832
3597, 7965
3876, 8874
4843, 9804
5312, 6386
5384, 6138
6801, 9221
7442, 8758
8514, 9439
9555, 9689
108, 540
623, 7224
978, 3801
980, 6749
994, 6832
1022, 8136
1164, 8119
1286, 4127
1318, 8072
1520, 8085
1525, 7667
1600, 7742
1817, 2397
2271, 7961
2304, 8243
2397, 2444
2398, 5323
2414, 7816
2451, 8144
2490, 8275
2670, 2881
2957, 6930
3170, 7988
3241, 9771
3656, 9993
3715, 8827
3830, 5368
4648, 6802
4685, 9855
4857, 5683
5237, 6730
5522, 6854
5746, 9326
5797, 9206
5812, 6406
5831, 7111
5896, 9753
5917, 7960
6291, 8887
6336, 6781
6336, 8146
6369, 8850
6539, 8246
6690, 9776
7597, 9931
7636, 8853
9723, 9742
132, 5480
231, 7157
824, 8069
976, 4061
1111, 2454
1114, 5800
1165, 3731
1509, 6825
1557, 8167
1860, 2296
2060, 3692
2115, 7669
2270, 4747
2569, 3421
2582, 6821
3018, 4026
3334, 4799
3497, 6306
3581, 7363
4037, 7723
4316, 9985
4431, 7540
4736, 4892
4752, 4894
4897, 5601
4911, 6911
5303, 8198
5841, 7847
6814, 9793
6845, 7798
7588, 9997
7620, 8393
7713, 9682
7731, 9576
7830, 9745
8408, 9441
72, 8801
105, 921
127, 6972
162, 3687
368, 5192
413, 3062
588, 3947
1228, 6483
1289, 6594
1391, 2139
1532, 9086
1628, 5388
1718, 6730
1961, 5081
2064, 3310
2070, 4960
2134, 3509
2225, 4218
2312, 3243
2719, 6340
2726, 9440
2785, 7629
2856, 7624
3132, 3937
3235, 8124
3296, 7089
3756, 7941
3763, 8068
3820, 5095
3884, 4849
3903, 6440
3986, 8579
4541, 5211
4561, 9146
4702, 5676
4865, 5719
5239, 9094
5383, 8850
5459, 7911
5686, 8402
5701, 8643
6058, 7623
6613, 6895
6683, 8778
7338, 9447
8032, 8998
8551, 9141
53, 2321
59, 5059
102, 8541
165, 6719
576, 6197
601, 4401
618, 8922
907, 9200
912, 4169
1062, 7206
1176, 2590
1241, 6398
1440, 5199
1543, 8906
1577, 9611
1997, 4129
2198, 3319
2329, 7421
2405, 7727
2416, 4309
2558, 4257
3819, 9476
3931, 7899
4250, 5939
4291, 6475
4654, 6779
4675, 9324
4834, 8968
4892, 8809
4906, 6108
4990, 6530
5193, 6634
5224, 8765
5257, 7672
5367, 5514
5839, 9628
5846, 7129
6461, 9118
7414, 8813
7908, 7982
8088, 8796
8311, 9241
9835, 9844
116, 3131
119, 8950
153, 4074
198, 8986
199, 4287
289, 9666
343, 5249
427, 2208
479, 9088
572, 6640
623, 4774
880, 6058
1265, 7764
1272, 6571
1636, 8633
1761, 9725
1888, 9014
1914, 7988
1917, 3399
2148, 3548
2367, 4547
2632, 9155
2992, 9139
3053, 8276
3058, 5918
3283, 7501
3352, 6090
3633, 9344
3748, 8594
3826, 6536
4330, 9043
4343, 7022
4488, 7105
4555, 6245
4586, 9352
4739, 8205
5181, 5696
5256, 6245
5261, 9934
5400, 9707
6031, 7553
6090, 6867
7070, 7830
7256, 8870
7750, 8655
7788, 8992
8910, 9338
89, 1396
161, 885
193, 4562
215, 1545
323, 8949
534, 7156
554, 4695
579, 6481
1327, 3787
1350, 5322
1419, 4312
1428, 1507
1538, 3505
1548, 8110
1770, 9588
1921, 3895
1944, 4962
2578, 4480
2961, 7331
3016, 6111
3418, 8969
3494, 9812
3692, 8633
3736, 8938
3904, 6682
4349, 5192
4446, 9561
4617, 6124
4838, 6456
5620, 8377
5747, 9798
6528, 9137
7147, 7673
7232, 7263
7651, 8646
8839, 9449
60, 1697
114, 4451
150, 458
152, 6770
155, 2994
160, 7538
234, 1814
302, 1468
360, 9531
444, 7999
583, 4926
618, 8748
622, 949
771, 6566
811, 8840
860, 6835
958, 9097
1069, 5165
1187, 3089
1238, 5851
1405, 9185
1694, 3912
2078, 6299
2425, 7033
2665, 9686
3071, 4354
3112, 3773
3329, 4466
3355, 6159
3487, 5264
3638, 8555
4055, 4317
4083, 7718
4113, 9106
4175, 5598
4204, 6820
4344, 9573
4624, 7797
4731, 5784
4732, 7579
4839, 9928
4891, 8749
5059, 6351
5334, 7456
5365, 5640
5583, 5903
5766, 8605
5871, 6151
6363, 9171
6526, 9457
6574, 6812
7183, 9980
7941, 9390
8040, 9599
8043, 9750
9273, 9366
9788, 9815
39, 8978
55, 2571
751, 1364
769, 6825
815, 2664
934, 3448
1254, 7309
1692, 6628
1819, 5522
1874, 1978
1879, 5744
2179, 5829
2464, 5848
2745, 4173
2989, 8499
3070, 9616
3109, 6463
3149, 9820
3241, 8334
3367, 4400
3531, 4266
3705, 6813
3991, 9820
4013, 7354
4077, 9977
4453, 8355
4595, 6656
4744, 6807
5017, 8007
5260, 9083
5812, 7147
5900, 6367
6104, 8954
6126, 9818
6133, 6599
7454, 9564
9024, 9232
323, 8286
409, 3380
452, 9759
535, 6310
600, 4869
626, 833
783, 4005
968, 3915
986, 1059
1060, 9907
1269, 4559
1338, 1733
1437, 5445
1562, 3022
1727, 2937
1785, 8047
2025, 2525
2049, 8346
2351, 6786
2428, 8119
2437, 6234
2438, 9011
2551, 6497
2591, 3684
2666, 8474
2787, 9525
2978, 5671
3065, 9223
3100, 3837
3499, 8294
3594, 9142
3726, 5288
3741, 7722
3815, 4091
3984, 8311
4023, 7459
4073, 4639
4275, 5055
4436, 7930
5070, 7011
5116, 6480
5148, 8134
5388, 9410
5690, 9697
6188, 7887
7112, 8876
7152, 9880
7338, 8505
7419, 8493
7584, 8952
8121, 9064
9265, 9816
9406, 9923
100, 103
197, 5415
250, 9271
311, 8524
467, 6565
540, 2789
635, 2525
1007, 3471
1055, 8495
1099, 6351
1207, 8480
1296, 9767
1349, 8067
2020, 6485
2135, 7793
2188, 9904
2440, 3159
2792, 7951
2888, 6854
2919, 8459
3704, 9233
3943, 9852
4169, 6413
4272, 7277
4647, 6291
4875, 8413
4975, 9123
5093, 9370
5134, 6688
5135, 8032
5253, 6213
5393, 9910
5524, 8629
6543, 9088
6861, 8242
7410, 9667
7541, 9324
8994, 9684
73, 2122
104, 5377
133, 9863
149, 6870
156, 6875
322, 2880
472, 1867
549, 9513
556, 8483
690, 9757
754, 963
779, 2352
840, 3710
985, 1828
1205, 5546
1286, 5456
1360, 1561
1499, 4666
1503, 9836
1504, 8446
1723, 6689
1774, 8946
2253, 6702
2333, 3407
2442, 7473
2525, 3990
2639, 9933
2821, 3576
2846, 8374
3516, 4915
3847, 7891
3927, 4186
3963, 7883
4096, 6098
4258, 9157
4811, 5912
4818, 9768
4841, 7607
4886, 9775
5071, 7769
5177, 8088
5479, 8964
5883, 9765
6976, 9565
7017, 9035
8287, 9175
8463, 9860
8748, 9223
9597, 9919
58, 1987
507, 6557
783, 9118
910, 3241
928, 9530
935, 4201
1019, 3701
1156, 3982
1188, 2964
1220, 2902
1337, 6149
1379, 4619
1579, 2931
1722, 7341
1994, 2984
2134, 2169
2248, 7473
2400, 7493
2460, 4287
2566, 4912
2622, 2968
2997, 4548
3352, 4189
4157, 7679
4172, 7946
4809, 7534
4908, 8078
5122, 5660
5581, 6605
5603, 7049
5621, 6674
5941, 6692
6267, 8122
6280, 7627
6354, 7684
6589, 9664
6843, 9369
8429, 9056
8975, 9706
34, 2388
86, 6275
222, 4404
378, 5437
479, 778
925, 9558
1666, 2783
1750, 7155
1778, 4045
2392, 9185
2613, 6421
2699, 3239
2721, 4711
3043, 6892
3080, 7081
3125, 8237
3297, 6656
3398, 5427
3648, 4245
3729, 4451
3966, 8763
4004, 6737
4201, 7852
4310, 7912
4983, 4990
5074, 5169
5165, 9730
5221, 6331
5460, 9747
5568, 6614
6173, 8027
6877, 9322
6906, 9913
7336, 7836
7859, 9564
8135, 8620
8995, 9194
72, 6113
339, 3613
504, 4423
513, 5972
537, 9490
628, 903
719, 4143
858, 3426
886, 3597
922, 6931
1105, 8225
1455, 9032
1589, 1870
1626, 2046
1637, 4088
1705, 4803
1852, 1856
1919, 4089
1943, 3894
2160, 5209
2336, 3083
2575, 7123
2740, 5418
2750, 3063
2911, 4421
2966, 5340
3400, 4747
3423, 8033
3682, 9268
3921, 6078
4536, 8934
5233, 9629
5574, 6038
5894, 6538
6093, 6420
7355, 8467
7918, 8179
7966, 9101
8239, 8580
8253, 9548
8772, 9462
9444, 9541
237, 8788
338, 8320
567, 8980
587, 6520
623, 9048
638, 921
649, 7424
904, 5660
1097, 9582
1277, 7736
1279, 5442
1482, 2127
1705, 4192
1732, 2648
2118, 8447
2262, 9464
2405, 2775
2409, 6678
2489, 9223
2934, 4458
2986, 2989
3008, 8898
3032, 6514
3137, 8717
3383, 4743
4091, 9009
4596, 5566
5086, 8627
5242, 7392
5576, 6996
5973, 8246
6261, 6314
6301, 7800
6565, 9556
7646, 9164
8397, 9263
8450, 8506
91, 1759
187, 199
215, 1791
230, 1965
305, 500
327, 9112
463, 2655
525, 8371
594, 3889
675, 5269
822, 9165
912, 4960
973, 6836
1102, 6040
1396, 6062
1437, 8893
1584, 4251
1680, 6184
2024, 9857
2089, 2515
2279, 5543
2386, 5783
2505, 5365
2913, 3849
3005, 7855
3263, 3822
3625, 3842
3969, 4292
4202, 8342
4327, 8993
4473, 6295
4772, 6499
4932, 7791
5627, 5978
5777, 9058
5850, 6856
5964, 9815
5993, 7341
6029, 6349
6067, 8342
6150, 7725
6256, 8301
6439, 9573
8666, 8883
23, 1566
120, 4528
157, 8016
183, 1825
225, 1580
261, 3177
296, 5673
347, 2409
391, 7266
394, 6494
593, 4054
723, 6637
785, 894
889, 1585
930, 9796
987, 5680
1004, 4472
1113, 8776
1156, 4748
1257, 5166
1606, 8263
1684, 2206
1796, 8450
1977, 7461
2138, 3613
2164, 5471
2932, 4883
3429, 5031
3459, 9503
3583, 5082
3870, 8569
4031, 8534
4549, 4909
4633, 9088
5872, 8416
6533, 9723
6565, 7350
6982, 8847
6987, 7222
7297, 9056
8094, 9744
9860, 9980
44, 373
46, 2807
107, 3494
134, 1861
501, 6061
959, 3247
969, 6654
977, 8742
1061, 3831
1152, 2271
1241, 6841
1335, 9201
1376, 8831
1732, 9882
2188, 2360
2199, 7462
2367, 3007
2563, 3863
2585, 5598
2749, 4550
3102, 8418
3116, 7820
3141, 9836
3271, 7854
3303, 3661
3345, 5022
3436, 8994
3624, 7630
3924, 8870
4107, 8087
4127, 6499
4525, 7651
4687, 8992
6004, 6597
7952, 9364
8201, 9045
13, 3528
28, 2161
29, 7143
386, 2655
542, 948
734, 3497
891, 4191
905, 8903
1018, 5464
1049, 8352
1084, 9075
1275, 5429
1350, 2632
1380, 3965
1666, 8442
1963, 8321
2281, 5664
2306, 3055
2343, 3948
2455, 8134
2614, 9430
2727, 9633
2938, 3388
3197, 8502
3312, 5807
3774, 9092
4116, 6597
4127, 4991
4178, 6371
4211, 8414
4333, 4452
4467, 6186
4934, 9566
5825, 7265
6634, 8453
6676, 8693
6737, 9898
7101, 7846
7161, 8493
7764, 8419
9423, 9992
13, 9319
85, 5734
114, 8322
174, 611
177, 6493
216, 5819
241, 835
700, 8912
898, 9265
1268, 7900
1476, 6951
1670, 3824
1694, 3270
2150, 3666
2460, 7952
2565, 7805
2607, 3064
2631, 8002
2680, 9419
2703, 5644
2898, 7167
3121, 8528
3261, 8089
3442, 4850
3461, 4543
4008, 8604
4363, 8185
4933, 7468
5380, 9869
5745, 7517
5896, 9512
6028, 6950
6118, 8924
6273, 9837
6368, 8440
6764, 9076
6825, 9482
6932, 8367
8452, 8913
77, 475
228, 9757
260, 6595
665, 4277
838, 8266
868, 3736
875, 8305
951, 1172
1011, 1101
1095, 9996
1378, 4194
1487, 8881
1742, 5927
2292, 7022
2302, 4144
2383, 6907
2522, 7217
2538, 6792
2743, 7793
2765, 4827
2790, 8883
3246, 4479
4002, 8824
4039, 6839
4122, 8060
4126, 7153
4210, 6245
4421, 5692
4472, 5741
4578, 9580
4722, 8091
5369, 9416
5426, 5496
5628, 6362
6963, 7180
7090, 8249
7291, 9141
7516, 8060
8056, 9033
168, 5335
238, 4037
288, 8536
328, 5851
487, 8538
506, 6481
534, 3604
684, 2714
723, 2430
825, 1607
1178, 8656
1256, 7762
1535, 3096
1929, 9569
1938, 7619
2189, 7050
2248, 6711
2285, 8509
2300, 3228
2333, 9042
2545, 3309
2789, 6144
2862, 7693
3035, 9668
3138, 5767
3234, 6645
3245, 5734
3271, 7625
3556, 8250
3855, 8034
3987, 5804
4021, 8715
4332, 7184
4407, 7059
5018, 7685
5109, 8535
5330, 5532
5708, 8573
6068, 8173
6206, 8911
6738, 7979
7463, 8543
7710, 8875
8125, 9945
8214, 8354
22, 4304
321, 552
400, 4382
631, 7575
639, 8026
666, 2516
674, 3898
1067, 7809
1073, 4750
1273, 6877
1454, 7986
1523, 5363
1556, 9272
1722, 6786
1730, 2523
1771, 2570
1837, 9350
1896, 5280
2009, 6699
2163, 7898
2397, 5106
2793, 4902
2903, 8067
2922, 9860
2928, 4400
3019, 5344
3056, 3901
3138, 8127
3265, 7726
3323, 6148
3360, 6924
3395, 5792
3726, 8633
3883, 5080
3891, 9218
3944, 5515
4142, 7906
4208, 5524
4302, 8527
4313, 9898
4534, 6689
4641, 8041
4685, 6891
4866, 7412
5178, 7294
5389, 8013
5946, 7130
6046, 9655
6738, 7621
7603, 8030
8395, 9635
8402, 8505
8875, 9526
8885, 9664
70, 1983
548, 4055
588, 1675
616, 6552
749, 4089
803, 6778
848, 4960
878, 9988
1017, 7745
1450, 5727
1457, 6081
1706, 9499
1846, 6701
1862, 2974
2137, 2193
2337, 7494
2408, 2773
2814, 3229
3292, 7450
3305, 9899
3474, 4200
3702, 9135
3954, 4207
4638, 9179
4906, 9150
5025, 8486
5132, 7394
5220, 7110
5942, 8828
6381, 7084
6392, 8522
6804, 9022
6950, 9136
6969, 9929
7304, 7557
8592, 9063
8899, 9516
35, 2334
62, 582
158, 7587
206, 2483
403, 5095
439, 9214
727, 7552
890, 3496
938, 6436
948, 4925
1009, 6955
1034, 3509
1036, 6264
1051, 2464
1083, 9912
1087, 5368
1611, 2169
1713, 7341
1769, 2613
1939, 6266
1991, 6404
2039, 6315
2125, 7831
2669, 6865
2753, 7932
2834, 3306
3396, 4642
3712, 7609
3957, 7763
4446, 8562
5055, 6274
5068, 7377
5132, 7662
5177, 9425
5355, 9392
5841, 8598
5916, 6870
6243, 7433
6329, 9595
6660, 8394
6757, 7766
8222, 9056
9785, 9976
72, 7503
105, 7966
459, 7425
550, 5996
635, 8574
812, 9836
900, 4522
921, 8573
1330, 8352
1349, 9255
1542, 4875
1625, 4097
1648, 3766
1831, 5166
2080, 5067
2163, 4328
2197, 3111
2299, 4619
2413, 3116
2532, 2967
2829, 5796
2975, 5284
3053, 5245
3174, 7885
4346, 8736
4687, 9206
5482, 7162
5632, 5730
5785, 7307
6334, 8988
6585, 7604
8053, 8487
9059, 9095
9092, 9222
85, 7324
217, 6476
358, 6548
549, 8054
624, 8777
775, 6443
976, 5098
1066, 9283
1099, 9444
1157, 3138
1279, 2226
1309, 3736
1454, 8763
1505, 2015
1704, 4559
1822, 8406
1973, 4193
2126, 7030
2484, 5174
2713, 6283
2723, 7744
2839, 3427
2966, 8252
2981, 8050
3056, 7519
3993, 6700
4118, 4299
4261, 8015
4338, 4378
4480, 5152
4492, 4944
5274, 9687
5379, 9397
5408, 9260
5453, 6730
5654, 7365
5956, 7548
6167, 9050
6274, 9032
6717, 8668
7216, 7380
7259, 9047
8920, 8921
83, 85
130, 1082
172, 4337
355, 6661
449, 5963
899, 8861
1067, 9035
1420, 5406
1456, 6831
1521, 8901
1831, 2933
2073, 2646
2348, 2711
2475, 3136
2486, 8307
2537, 4228
2585, 9929
2867, 6557
3134, 6451
3255, 8254
3371, 7306
3486, 9274
3867, 4152
3885, 6486
4075, 8383
4296, 7956
6099, 8028
6114, 6841
6283, 7131
6771, 8737
7055, 7948
7312, 8562
122, 5038
146, 6037
165, 2382
271, 9726
393, 6173
612, 2323
791, 6816
811, 9121
872, 2562
894, 9748
991, 4110
1327, 9435
1367, 9634
1534, 7050
1592, 6467
2031, 7143
2037, 8571
2212, 7875
2219, 7776
2229, 8740
2317, 7742
2831, 9441
2858, 8186
3102, 3897
3136, 9896
3258, 5025
3880, 6099
4123, 4247
4246, 6468
4712, 7229
4746, 6466
5203, 6672
5517, 5709
7694, 8838
7988, 8890
8186, 9143
493, 7822
604, 5272
673, 5373
974, 5870
1045, 5876
1071, 1523
1207, 3122
1237, 4692
1314, 3841
1629, 8451
1710, 7373
1851, 5628
2013, 4041
2167, 9706
2231, 5314
2384, 8681
2499, 6731
2723, 6448
2793, 5007
2795, 5127
2852, 4261
2984, 5374
3003, 9173
3191, 7924
3237, 3787
3249, 6357
3279, 7310
3727, 6424
3784, 5953
4649, 7356
4818, 8543
5427, 8465
5451, 8455
5631, 9158
5676, 9632
5885, 7632
5908, 9165
6030, 9649
6547, 9280
6640, 9470
6803, 9430
7180, 7449
8323, 9595
8388, 9324
16, 6948
18, 4286
97, 5180
242, 3094
330, 3952
417, 7102
439, 6411
466, 6812
650, 7045
1033, 3280
1098, 5050
1144, 3584
1888, 8907
2051, 9015
2192, 5156
2468, 7458
2579, 8041
2723, 3255
3542, 6812
3550, 5676
3705, 8926
4142, 9606
4266, 4976
4729, 8958
4814, 5809
5415, 9321
5820, 6112
6203, 9934
6489, 8945
7499, 7715
41, 7360
217, 7871
323, 4111
362, 5526
780, 9805
937, 9734
992, 6009
1092, 4476
1183, 2430
1349, 6828
1544, 9746
1551, 6468
1855, 5908
2001, 7950
2088, 6878
2154, 5692
2411, 9652
2636, 9969
2761, 3215
3125, 7043
3165, 5056
3192, 8206
3335, 9065
3787, 4757
4526, 9345
4613, 7098
4927, 8067
5403, 7549
5641, 8547
5716, 8430
5866, 7104
6140, 7587
6240, 6576
6250, 9256
6492, 9019
6562, 7359
6922, 7788
6961, 9560
8308, 9729
220, 5473
228, 9973
269, 5186
380, 2803
614, 1357
705, 3312
710, 8384
1135, 7640
1371, 7582
1552, 1773
1626, 2841
1646, 4015
1653, 3729
1732, 7287
2221, 9183
2381, 8720
2711, 5626
2745, 4594
3020, 5941
3080, 3754
3092, 5378
3394, 9935
3489, 9905
3961, 9753
4832, 8555
4965, 6317
5106, 9577
5871, 9229
6026, 8313
6995, 9250
7486, 8202
7945, 9475
8509, 8678
55, 1605
87, 611
202, 1884
360, 4552
482, 2145
686, 9368
995, 6021
1170, 3716
1387, 7232
1484, 7406
1524, 2018
1555, 8824
1597, 2896
1632, 1658
1748, 9647
1783, 6518
1816, 9006
1891, 4339
1927, 4316
1945, 2440
2093, 9350
2215, 9365
2277, 4791
2576, 9996
2837, 5962
3105, 6600
3138, 7238
3250, 5142
3423, 9231
3433, 7892
3505, 4438
3507, 5345
3691, 7766
3891, 7574
3925, 6331
4076, 4594
4516, 8853
4545, 6102
4625, 6446
5228, 7072
5484, 9061
5503, 8945
5950, 6889
7267, 8380
7627, 8760
8137, 9016
28, 2502
37, 2006
93, 7220
108, 2218
294, 6583
418, 2154
511, 4360
515, 4456
634, 5818
1006, 2831
1170, 4335
1204, 6068
1304, 2264
1418, 8150
1419, 5672
1460, 3874
1597, 8123
1754, 1879
1791, 9365
1803, 2450
2007, 5850
2177, 4842
2817, 9192
3023, 4400
3291, 8772
3491, 3676
3583, 8895
3767, 8918
3804, 9030
4075, 7563
4099, 5642
4105, 5664
4331, 6173
4452, 4570
4920, 5597
4936, 5936
4976, 5265
4987, 9194
5485, 7392
7247, 8477
7549, 9391
7823, 9199
8003, 9293
9370, 9946
5, 4421
29, 615
45, 2072
905, 8862
1022, 7338
1070, 3868
1358, 2272
1630, 4981
1930, 4130
2039, 5112
2090, 3742
2478, 7579
2636, 4321
2883, 8165
2981, 5900
3159, 7110
3867, 6121
3949, 9037
4173, 9433
4418, 8339
4442, 7975
4553, 7798
4715, 4765
5389, 8244
5605, 9103
5739, 9135
5990, 8633
6619, 8237
6827, 7948
6970, 9898
7237, 8029
7440, 8175
7538, 9867
8276, 9148
13, 2700
111, 5341
240, 5986
245, 6754
276, 4707
665, 7708
962, 8347
966, 2863
1146, 1564
1466, 9610
1494, 4985
1677, 4120
1857, 9434
1932, 7796
1953, 6738
2101, 5678
2211, 3909
2361, 5954
2937, 4977
3031, 8771
3065, 4369
3580, 9749
3829, 6537
3855, 7720
4283, 6093
4696, 4806
4732, 5543
4923, 5346
4923, 5433
5116, 6271
5671, 7035
5797, 8184
6074, 8053
6886, 9393
8367, 9071
630, 8733
653, 6289
677, 8614
824, 5863
1195, 2959
1208, 3358
1307, 6961
1729, 2361
2021, 3179
2232, 8420
2258, 4861
2284, 9792
2547, 7569
2767, 4668
3006, 7761
3372, 8602
3410, 3675
3491, 8889
3842, 4235
4067, 7073
4214, 9844
4232, 4544
4467, 6708
4474, 9780
4827, 7923
5265, 5940
6135, 7545
6818, 9800
7449, 8291
8614, 8812
17, 620
44, 5093
188, 1717
207, 9557
229, 4835
282, 6119
428, 4082
708, 9961
786, 6583
884, 5635
888, 5131
894, 5763
912, 8396
936, 4534
1037, 3093
1046, 9675
1145, 7544
1156, 3797
1192, 9713
1526, 6197
1960, 2255
2103, 2492
2596, 6234
2907, 5004
3094, 4409
3451, 9034
3616, 4415
3671, 4731
3685, 4693
3923, 7655
4209, 5462
4342, 9749
4475, 6156
4482, 7815
4525, 6677
5458, 6593
5513, 8455
5922, 9008
5978, 8627
5998, 6418
6041, 8542
6354, 9648
7056, 8116
7401, 8225
8325, 8792
8375, 8944
110, 4594
199, 6838
499, 2729
535, 5331
536, 5984
709, 3643
810, 7603
1343, 6305
1357, 8714
1381, 5499
1427, 1759
1609, 3244
1657, 6214
1929, 4712
2031, 5743
2060, 4135
2089, 5435
2366, 7964
2395, 7007
2565, 8978
2664, 9133
2717, 8591
2825, 9375
3168, 3753
3221, 7492
3529, 6360
4251, 8289
4330, 7108
4738, 9037
4900, 5781
5076, 6028
5188, 7533
5948, 7017
6203, 7407
6497, 8335
6823, 9385
6967, 7378
7187, 9296
8630, 8769
37, 6489
129, 5991
321, 1952
533, 8215
878, 9825
985, 9789
1008, 8243
1108, 6297
1148, 6245
1259, 1830
1346, 5265
1439, 3654
1467, 8394
1677, 3010
1932, 8360
2030, 5330
2247, 9552
2440, 2687
2487, 5241
2557, 5231
2590, 3324
2684, 5500
2735, 3343
2824, 9332
2935, 4087
3000, 7396
3104, 3590
3139, 4874
3438, 4891
3590, 4232
3626, 5178
3918, 5507
4237, 9280
4480, 6321
4500, 7214
4511, 8060
4682, 5088
5027, 8172
5435, 9180
6251, 7865
6329, 6666
6482, 7694
6896, 7984
7013, 9902
7596, 9032
9813, 9881
292, 2226
308, 8718
791, 2517
798, 4523
971, 6670
1362, 3460
1388, 6620
1533, 3206
1661, 3716
1877, 6146
2026, 4893
3331, 8363
3639, 8753
4136, 6669
4385, 9973
5593, 8670
5723, 6880
6627, 9736
6747, 7414
8002, 8566
30, 5118
151, 5251
257, 1886
435, 4357
557, 829
561, 7701
709, 1360
944, 4894
1009, 9243
1386, 5352
1407, 8942
1442, 1543
1450, 8719
1657, 4980
1746, 7390
1760, 8847
1840, 4570
2056, 4446
3122, 4787
3144, 3543
3259, 9904
3933, 8660
4093, 9885
4391, 5615
4540, 9225
4758, 8368
5562, 9926
6045, 8600
7448, 8486
7602, 9324
7789, 9868
7921, 8122
140, 177
151, 4083
369, 9378
801, 5681
948, 7867
1033, 6925
1472, 5422
1669, 2892
1982, 6635
2301, 9390
2399, 3202
2510, 6560
2779, 5568
3052, 4706
3121, 7127
3404, 4506
3594, 8454
3714, 9042
3871, 9533
3939, 4721
4075, 9581
4106, 9784
4414, 6942
5407, 5835
5459, 6412
6474, 8377
7835, 9171
8809, 9849
8882, 9895
163, 1655
169, 3160
209, 3019
286, 2096
305, 9657
816, 6474
1162, 9426
1572, 9137
1650, 9782
1703, 4552
2205, 2695
2370, 6490
2438, 3301
2772, 4298
2788, 5127
3088, 8055
3287, 8800
3606, 8271
3607, 4268
3971, 8363
4065, 5105
4080, 9240
4363, 8879
4729, 9824
4741, 5580
5011, 9206
5241, 5274
5929, 9872
5953, 9777
5972, 6307
6073, 7074
7201, 9495
7962, 8394
201, 6844
596, 3036
771, 3039
1045, 7423
1154, 4252
1509, 5953
1923, 7091
2152, 9160
2670, 2754
2730, 5556
3477, 7395
3647, 6663
3808, 6532
3847, 5530
4334, 4620
4429, 7975
4435, 9432
4484, 4628
4603, 8522
5592, 8683
6657, 9915
7080, 8000
7568, 9891
8734, 9248
14, 5483
267, 6651
273, 6987
370, 6603
514, 7536
539, 1854
912, 1179
984, 2985
1061, 2297
1372, 9268
1835, 4737
2166, 5904
2283, 7270
2338, 7353
2613, 3806
2791, 3512
2859, 4758
2914, 5939
3112, 7676
3695, 7099
3863, 6813
3931, 9889
4337, 9357
4500, 8043
4640, 7342
4974, 7544
5094, 8268
5286, 5804
5297, 7211
5450, 8581
5464, 7944
5589, 7369
5657, 7121
5796, 6235
6932, 9142
7004, 7686
7583, 8682
8226, 9527
9558, 9891
35, 1198
77, 4722
89, 9154
395, 5332
676, 6724
855, 7271
1130, 1754
1219, 5056
1444, 2405
1581, 1970
1588, 4117
1598, 8347
1801, 2970
1884, 8601
2059, 9910
2177, 9643
2204, 4793
2273, 4476
2491, 2577
2742, 9633
3068, 8548
3202, 9299
3294, 8285
3296, 9315
3691, 8538
4020, 7872
4185, 8794
4862, 8903
4888, 7220
5699, 7283
6035, 7746
6558, 8768
7072, 7186
344, 749
634, 1097
669, 6599
934, 2348
965, 2607
1674, 3992
2054, 2564
2207, 4614
2416, 9899
2436, 2443
2451, 9930
2683, 5155
2840, 5706
2909, 7859
2945, 5480
3003, 5302
3141, 4235
3889, 7815
3987, 5087
4129, 9673
4134, 7601
4319, 5318
4859, 8808
5058, 8104
5444, 7107
5718, 5944
5752, 6484
6345, 8784
6552, 9702
6636, 8596
6864, 8079
7447, 8160
7602, 8269
8091, 8937
185, 990
254, 2357
404, 7523
515, 2105
693, 902
827, 9516
839, 1152
1093, 9060
1391, 3021
1467, 4057
1803, 4312
2058, 9794
2129, 6967
2225, 5727
2342, 5967
2825, 9248
2839, 3150
2965, 6962
2990, 3941
3085, 7691
3472, 8160
3495, 4120
3816, 9829
4164, 8328
4567, 9717
5878, 9061
6279, 9570
89, 2618
957, 3238
1136, 7145
1294, 3711
1310, 4635
1353, 9853
1418, 7518
1468, 3868
1470, 4749
1540, 9974
1795, 3945
1910, 4291
2222, 6750
2456, 8846
2941, 7317
3007, 6490
3037, 7677
3607, 7142
3669, 4756
3710, 7593
4045, 9920
4554, 8659
4657, 9037
5486, 7731
5704, 5995
6205, 8925
6295, 7698
6711, 7773
7038, 8350
7115, 8023
7133, 8780
8079, 8981
9052, 9319
9535, 9944
375, 8326
512, 5132
987, 2388
1284, 3864
1322, 9413
1648, 1811
2202, 4751
2630, 5284
3188, 7805
4454, 6647
4665, 4986
4998, 9515
5091, 5931
5523, 8053
5741, 7202
5870, 7666
5990, 7792
6209, 7526
7771, 9921
7874, 8127
274, 361
497, 7578
643, 7942
662, 3939
707, 5005
762, 9192
903, 5266
1038, 2109
1429, 1571
1889, 3851
2096, 2720
2193, 5575
2238, 3964
2478, 5790
2494, 4019
2713, 4133
3254, 7721
3987, 9908
4140, 7630
4870, 7457
4877, 9088
4961, 7182
5964, 8747
6440, 9950
6474, 8240
6576, 8191
6862, 6934
334, 5691
401, 4454
518, 5154
801, 9592
996, 7396
1752, 5485
1878, 5572
2053, 5019
2141, 4294
2145, 7640
2206, 8044
2322, 3863
2447, 8735
2571, 3431
2688, 5798
4016, 4603
4056, 9942
4067, 5821
4131, 7276
4371, 4556
4809, 7445
5006, 5349
5135, 9339
5282, 8991
6989, 8007
222, 7138
225, 8656
314, 6952
343, 3154
529, 2952
864, 2523
1173, 6074
1770, 4244
2234, 8797
2605, 6717
2866, 3213
2866, 6954
2924, 3217
3044, 4972
3054, 5761
3400, 8870
3416, 9439
3612, 4427
3766, 8918
3834, 8866
3866, 6803
4790, 7330
4845, 7685
4929, 9912
5861, 9454
6396, 8246
8663, 9312
54, 9450
137, 5669
378, 5656
396, 2363
742, 7302
1073, 4596
1158, 9931
1171, 3945
1240, 8859
1822, 7431
2310, 7675
2588, 7010
3048, 6358
3325, 7113
3609, 9399
3917, 5730
4207, 8885
4893, 9977
5002, 8292
5161, 9171
5226, 5849
5292, 8056
5612, 8408
5620, 6233
5769, 6432
5925, 7704
6034, 7619
6281, 7739
7336, 8535
9093, 9317
45, 8042
284, 3332
923, 5463
1134, 2651
1496, 1911
1667, 2636
1793, 4642
1907, 4615
1924, 8134
2122, 5181
2339, 4363
2535, 6580
2817, 2861
2992, 4424
3038, 7333
3131, 5291
4435, 7214
4460, 5540
4729, 8253
5316, 8993
5494, 6587
6011, 7396
8447, 8991
67, 2929
402, 1093
423, 8677
557, 5525
695, 8487
992, 9379
1680, 5573
1702, 7232
1865, 4368
1870, 7041
1926, 2103
2324, 8727
2346, 6873
2531, 8757
2548, 9729
2753, 9520
2893, 3224
2898, 5868
2924, 7544
3031, 9571
3251, 4091
3527, 5864
3632, 7609
3644, 8018
4197, 6324
4412, 5598
5622, 9179
6136, 8215
6303, 8194
6347, 7240
7599, 9160
7906, 9449
8298, 9089
223, 3208
469, 3188
485, 7146
554, 9177
585, 6949
619, 6318
725, 750
807, 9188
817, 4896
900, 8461
1056, 6622
1106, 3822
2474, 2871
2518, 5575
2603, 9575
2928, 5557
3358, 8103
4046, 9724
4441, 9658
4741, 9864
5178, 9739
5288, 7865
5592, 8189
6365, 8756
7164, 8323
7639, 8162
8546, 9260
8580, 8653
9072, 9128
529, 8382
1082, 2981
1087, 2853
1211, 9068
1309, 6238
2358, 3350
2807, 3911
3325, 3944
3480, 3884
3517, 6335
3571, 4745
4412, 6110
4477, 5505
5904, 7003
6450, 8399
6540, 8695
6687, 7118
7490, 9433
8077, 8328
8571, 9479
42, 7925
186, 1341
273, 3646
732, 4998
1413, 1419
1456, 9044
1714, 9414
1804, 6346
1874, 7773
2216, 5534
2549, 7894
2771, 3285
2825, 7472
2909, 5657
3134, 9811
3253, 8665
3427, 7013
3654, 5774
3964, 9728
4225, 6515
4443, 6255
4450, 6106
5423, 5774
5916, 9069
6907, 7398
7137, 9469
8519, 9673
172, 6892
830, 1849
927, 3328
1078, 4014
1120, 8826
1191, 3711
1251, 5005
1448, 4301
1656, 9602
2452, 6897
2653, 4555
3115, 3526
3992, 4066
4769, 7611
4910, 6957
5185, 7490
5805, 6309
6347, 9449
7039, 7771
8043, 9390
8389, 9170
84, 1754
86, 9812
113, 6354
152, 1119
423, 4831
503, 2942
738, 4363
879, 7168
965, 6720
1023, 6732
1151, 1238
1260, 3153
1348, 1791
1401, 1760
2562, 3796
2568, 6805
2595, 6678
3099, 6912
3295, 9413
3441, 6988
3722, 9819
4098, 8370
4212, 8017
4638, 5044
5553, 9314
5953, 6438
6052, 7190
6512, 9057
6663, 8352
7471, 7991
9277, 9416
149, 2698
208, 8135
396, 872
522, 9341
984, 9702
1074, 5535
1106, 8223
1115, 1651
1300, 5113
1338, 4795
1416, 6430
2777, 6779
2780, 9396
3165, 9933
3543, 5210
3611, 7425
3614, 6079
3673, 4736
3983, 8825
4879, 9536
4944, 6121
5275, 6044
6107, 9162
6395, 8208
7557, 9287
8242, 9415
237, 4053
605, 3109
686, 4471
1006, 4713
1299, 5337
1506, 8979
1800, 7281
1909, 2998
1949, 2869
2212, 8880
2472, 5113
3324, 8932
3381, 5589
3731, 7325
4558, 4646
4714, 6285
4917, 8467
4922, 6242
5054, 7161
5511, 7526
5913, 7899
5997, 6707
6021, 7160
8586, 9146
8880, 9187
43, 938
276, 9220
311, 3650
748, 9180
863, 5344
952, 2159
1200, 4928
1601, 7748
1847, 6899
1997, 5607
2122, 2813
2199, 5183
2278, 9841
2624, 6987
3428, 8257
3511, 4297
3511, 4569
3595, 7648
3792, 6698
3936, 9556
4134, 5322
4255, 5847
4356, 8075
4563, 9012
4923, 8294
5406, 8564
5452, 9818
6761, 8076
6774, 8135
6881, 8687
7581, 8796
7, 6755
68, 7712
169, 1090
192, 2667
194, 4415
642, 2539
663, 8278
806, 8165
820, 967
923, 2029
1473, 8046
1764, 8085
2870, 8315
3475, 6074
3788, 6295
4043, 6833
4777, 5118
4850, 5725
5230, 9545
5341, 9118
5397, 9697
6122, 9693
6130, 6952
7354, 8825
7930, 8415
458, 3463
1148, 2971
1590, 7530
1745, 2934
1842, 6125
1893, 7185
2044, 7990
2249, 3579
2495, 3093
2778, 4575
3497, 5440
3556, 7238
4560, 6087
4958, 9287
4980, 9058
4994, 5213
5393, 7472
6066, 7869
9776, 9904
24, 8993
139, 8642
282, 3008
664, 9313
1085, 5675
1569, 9902
1634, 4670
1692, 4828
1712, 8690
1881, 3113
2361, 2921
2935, 6125
3054, 8580
3245, 4740
3675, 5726
3907, 7953
4036, 4215
4133, 5924
4216, 7262
4777, 6272
5531, 8679
6703, 8370
6837, 8746
6990, 8577
6990, 8874
215, 4916
482, 4294
520, 1299
966, 1214
988, 7638
1709, 8044
1740, 9807
1765, 2233
2677, 5333
2693, 7719
2776, 3673
2815, 4458
3058, 8694
3079, 3768
3205, 3440
3357, 9056
3532, 4959
3613, 5717
4080, 6765
4106, 7296
4177, 9120
4295, 6087
4543, 8146
5801, 6645
6638, 9300
9305, 9941
9718, 9736
37, 4635
185, 6862
345, 4232
383, 2344
516, 1193
608, 4159
637, 8748
643, 1465
708, 9021
777, 5137
794, 3140
817, 3245
1323, 9422
1324, 3631
1373, 5243
1806, 9975
1816, 7173
1834, 2666
1925, 3094
2781, 6589
2820, 5755
3358, 5562
3384, 3396
3878, 6205
4039, 5900
4066, 5821
4081, 7092
4218, 8005
4674, 7293
5058, 7826
5301, 5317
5317, 6930
5720, 6847
6297, 9240
6614, 9033
6772, 8390
7366, 9760
7742, 8855
8487, 9491
9403, 9976
701, 7202
794, 9514
818, 6047
822, 8282
841, 8379
874, 1112
917, 1929
1119, 9822
1260, 2410
1705, 8686
1947, 2508
2808, 5329
3284, 7982
3327, 7777
3434, 9289
3488, 6848
3642, 6611
4387, 5217
4771, 8389
4962, 8612
5292, 6507
6070, 6637
6110, 6551
6222, 7893
6372, 9805
7658, 9177
7998, 8980
9179, 9662
144, 7413
201, 8333
388, 9791
746, 5319
946, 3405
1355, 7667
1533, 2410
1601, 9003
2318, 9099
2771, 8300
2828, 5676
2865, 7438
3383, 5943
3648, 3654
5215, 7133
5999, 6258
6003, 9076
6266, 6576
6695, 8233
7008, 7698
97, 7527
154, 3174
1536, 5688
1548, 5166
1555, 9323
1810, 9985
1976, 5062
2692, 7696
2723, 9283
2995, 6515
3062, 8854
3732, 6432
4062, 8830
4580, 7872
4663, 9518
4877, 6323
5769, 8251
6623, 7444
7527, 9641
7926, 8064
8240, 8538
9372, 9882
21, 6980
413, 1333
425, 1483
545, 4550
600, 2799
701, 4326
788, 4587
1889, 6852
1934, 4131
2391, 5998
2772, 8814
3362, 6375
3460, 9092
3654, 5411
4065, 5136
4208, 7245
5023, 8313
5748, 9996
9846, 9909
42, 5514
281, 4196
609, 9604
619, 1278
735, 3375
1063, 8256
1186, 8416
1351, 7684
1702, 2875
1734, 3737
1862, 6536
1975, 5736
2186, 6706
2293, 4481
2303, 8895
2726, 5767
3131, 6263
3653, 5578
3665, 6609
4269, 4657
4325, 8570
4580, 9066
5092, 8966
5560, 8428
5917, 5923
5971, 6085
6445, 7877
7400, 9507
7417, 7910
7505, 7559
32, 3625
284, 866
555, 6770
568, 9388
620, 8814
650, 1488
1299, 6044
1633, 7268
1775, 7995
2063, 4083
2598, 3515
3156, 4675
3227, 5205
3463, 7375
3555, 4807
3595, 4783
3967, 7359
4137, 7774
5698, 6273
6172, 8241
6579, 8309
7029, 8038
7050, 7103
7641, 8118
7658, 9237
412, 1790
609, 1712
796, 4267
1143, 4493
1481, 2084
1515, 6936
1577, 2994
1593, 7040
1702, 5101
2686, 5317
3014, 4166
3286, 9041
3306, 8790
3425, 6265
3681, 6629
3832, 4760
4390, 9194
4497, 9390
5685, 6992
5735, 8786
5738, 7392
5852, 9515
6149, 6332
6381, 9197
6969, 9646
7609, 8709
8205, 9901
8385, 9249
8622, 9893
53, 5816
86, 9360
197, 3304
621, 5884
720, 2429
725, 7884
951, 6388
1177, 8131
1792, 6124
1825, 4003
2358, 9096
2668, 7795
2671, 5542
2994, 6350
3539, 3636
3734, 9306
4754, 8009
5123, 9942
6691, 9741
6962, 9094
7286, 8473
7657, 9410
7922, 8024
375, 1740
724, 5178
807, 6505
945, 7513
1324, 7977
1590, 3227
3581, 4340
3616, 8673
3827, 7464
5378, 6260
6977, 7397
7375, 9628
7856, 9862
455, 733
641, 5917
983, 8343
1702, 7289
2076, 2647
2259, 8282
2533, 3805
2826, 4380
3262, 4978
4527, 4554
4579, 8485
4671, 8642
4920, 6561
6207, 6235
6460, 6762
6692, 9346
7113, 7577
8281, 9471
8504, 9950
9333, 9373
190, 5362
209, 4674
414, 677
539, 6613
1086, 7318
1100, 8941
1370, 7747
1513, 9817
1622, 4762
1638, 5568
1970, 6695
2162, 6185
2172, 7827
2353, 5636
2528, 7778
2929, 9387
2943, 8283
2980, 8025
3049, 4810
4019, 6360
4689, 8977
7952, 8737
8768, 9942
121, 4513
336, 4751
911, 7800
973, 4220
1121, 4549
1531, 1934
2136, 3638
2157, 9357
2428, 9853
2894, 9957
3176, 9409
3491, 7575
4284, 4682
5359, 7484
5586, 5695
5986, 8151
6026, 7227
6161, 9878
706, 6471
889, 8996
959, 9594
1029, 3359
1184, 4673
1254, 2689
1292, 1759
1777, 6311
1954, 1980
2087, 9130
2636, 5497
3443, 9362
4177, 7916
5015, 7682
5308, 7011
5405, 6210
5591, 9654
6735, 7827
6738, 6928
6739, 8660
7277, 8002
44, 1899
370, 5692
709, 7344
796, 9976
817, 6434
1491, 3455
2624, 4009
2886, 4608
2990, 7966
3482, 7914
4071, 9645
4314, 6349
4525, 6417
4625, 5197
4628, 9899
4831, 7192
5047, 8492
5269, 5400
6322, 9327
6480, 7311
7702, 8077
7762, 8651
8035, 8997
16, 6246
483, 9746
569, 6021
621, 691
774, 6928
1060, 5726
1358, 6857
1537, 8313
1550, 4986
1622, 5187
1892, 4851
2243, 6377
2487, 5553
2546, 6468
2778, 9925
2898, 9444
3435, 6707
3663, 9305
4047, 6175
4959, 6015
5313, 5643
5551, 5692
5649, 9579
5749, 7610
6174, 7586
6649, 8051
7085, 9162
7809, 9847
9459, 9716
176, 1885
210, 2603
360, 4506
520, 4171
1531, 9670
1717, 7936
1819, 3180
1840, 7305
1985, 6871
2814, 7203
3199, 9764
3336, 5532
3686, 5420
3982, 4626
4123, 8562
4362, 4860
4585, 9254
4870, 7550
5198, 6949
5803, 7553
6674, 9179
7874, 8217
250, 484
667, 9420
1038, 9087
1632, 7794
3155, 3295
3502, 7460
3592, 3596
3698, 9773
3842, 5289
4171, 5587
4641, 8220
6230, 7989
6237, 9295
6429, 7392
6855, 9754
7830, 9752
9381, 9543
291, 7302
350, 3102
634, 970
902, 6764
1404, 4626
1504, 6104
1923, 4218
2131, 4518
2332, 5972
2804, 6103
2973, 4457
3093, 6970
3365, 7613
3639, 5390
3873, 4631
3921, 4786
4587, 5986
4928, 5715
5164, 9376
5364, 8559
6919, 7975
7604, 9856
7750, 9070
19, 7544
658, 8414
857, 2331
2247, 7864
2845, 6384
2851, 6121
2905, 5175
3155, 3193
3555, 9525
3749, 7169
4027, 7866
8719, 9145
20, 3548
440, 5062
527, 8462
701, 5049
743, 3215
1633, 4734
2580, 8101
2798, 6458
2823, 6296
2985, 7404
3477, 4691
3482, 7552
4688, 9386
5300, 8139
6155, 8017
6187, 7328
6704, 7803
9050, 9637
606, 1520
821, 7242
892, 1373
1187, 3255
1232, 2231
1565, 3934
2046, 5815
2817, 3171
3653, 7246
3697, 5938
4325, 7491
5534, 8426
5776, 6433
6055, 7033
7807, 9389
256, 2285
326, 4370
867, 5045
1057, 3794
1466, 6244
1829, 3434
2114, 5725
2265, 2886
2309, 3012
3040, 4353
3389, 6868
3563, 3758
3644, 4957
4031, 5507
4214, 6921
4337, 5873
4646, 7452
5929, 9137
5975, 7734
6101, 9711
7227, 7606
8054, 8284
8523, 9530
168, 2467
317, 8960
625, 1731
1557, 8589
1560, 5798
1676, 5348
2774, 9001
3523, 3796
5010, 9778
5053, 5101
6207, 6744
6364, 7395
7688, 9973
7933, 9271
311, 6120
343, 6269
784, 6203
1080, 9241
1508, 7428
1533, 2291
1554, 4416
1797, 5563
1964, 5917
2430, 5496
2512, 8707
3234, 7021
3679, 7271
3704, 5030
4690, 8473
5357, 5874
5412, 6222
6054, 7116
6180, 8540
6430, 8624
6619, 7340
7128, 8872
7473, 7560
233, 6477
475, 3439
531, 3161
982, 1016
1054, 3486
1556, 4212
1558, 3922
1839, 2516
2299, 5965
2342, 3036
2683, 4139
2688, 9446
3175, 6519
3575, 6115
4154, 4462
5886, 8108
6009, 7095
6710, 8330
7537, 9406
7873, 8115
214, 2255
412, 2599
969, 6488
1302, 1464
1445, 4208
1453, 6506
1463, 3975
1904, 6684
3390, 7662
3396, 8010
3773, 4929
4621, 7409
5388, 8485
5981, 9500
6154, 9628
6309, 7652
97, 5634
271, 1213
1203, 7903
1491, 2621
1800, 6241
2719, 3351
2730, 4018
4263, 8225
4467, 5643
4849, 9309
5301, 8277
5356, 8982
5488, 8901
7489, 9484
82, 1397
285, 3384
364, 8057
372, 2565
680, 6289
1588, 7845
2106, 4623
2406, 6880
2547, 5895
2602, 5067
3301, 8240
3589, 4376
4053, 9159
4150, 7623
4320, 7421
4360, 5143
5265, 9574
5339, 8124
6098, 6550
6814, 7008
86, 2256
285, 3640
370, 861
414, 4942
547, 3042
589, 8788
667, 3843
1302, 8337
1671, 2717
1880, 2518
1946, 5645
2550, 3930
2680, 3858
2922, 4659
3417, 3987
3751, 8380
4993, 5360
5078, 5111
5182, 7471
6444, 7756
6846, 9495
278, 6184
1302, 3238
1912, 9656
2518, 6201
2852, 6899
2976, 3789
3166, 8006
3267, 4308
3447, 7670
3769, 8022
4061, 5498
4233, 5876
4321, 5579
4606, 9030
5460, 9741
5974, 8427
6064, 9116
7704, 9540
22, 516
674, 7689
879, 6201
1710, 5493
2180, 7755
2225, 3045
2233, 5700
2527, 8760
2732, 5601
2803, 8020
3208, 6204
3698, 4935
4146, 9759
4153, 7993
4719, 7254
5132, 8732
6313, 8311
6492, 9834
7319, 8855
509, 5028
943, 6024
1331, 3135
1408, 7394
2389, 7361
2411, 4586
2879, 5153
3291, 9772
3638, 6033
4043, 4956
4465, 9715
4778, 8197
4832, 9831
5354, 9416
5761, 6338
6091, 7077
6389, 7905
6932, 8963
73, 5596
465, 979
542, 5814
775, 4565
1276, 5703
1501, 9200
1539, 6237
1758, 6523
2237, 5982
2703, 3608
3236, 3394
3269, 7875
3828, 9338
3910, 9110
3945, 6077
4808, 6364
4886, 7178
5370, 5995
5469, 6703
8025, 9613
8297, 8629
8500, 9381
211, 5535
584, 9659
697, 9379
845, 2101
920, 8119
1007, 4756
1132, 7754
1135, 6916
1949, 2915
2059, 4530
2629, 4498
3692, 4437
4073, 6472
4243, 4637
7202, 7479
421, 3263
953, 2003
1247, 8268
1808, 3168
2012, 9800
2027, 3529
2827, 9265
2907, 3703
4335, 6215
5834, 7732
6755, 9081
7446, 7516
7520, 8734
8293, 9814
8804, 9344
461, 4311
771, 9394
799, 9549
1035, 7862
1312, 3290
1663, 5827
1809, 9160
2313, 9164
2526, 9143
3298, 9211
3421, 7969
3972, 9051
7700, 9374
8320, 9758
55, 5408
453, 9884
664, 4296
1209, 8662
1224, 5440
1555, 7639
2040, 7863
2325, 8880
2841, 9813
3025, 3319
3097, 4254
3252, 7974
3257, 4952
3325, 5501
3380, 4188
3839, 6339
4174, 6741
4214, 9049
5404, 7744
6604, 9615
6918, 7210
7091, 9226
7631, 8145
310, 4667
348, 9054
524, 2328
716, 3659
951, 2949
1381, 2242
2584, 3992
2697, 9953
2716, 5200
2829, 7048
4389, 4566
5652, 9811
6017, 7145
7839, 9762
8831, 9073
102, 3739
573, 7295
678, 6172
1261, 3890
2149, 5646
2502, 4607
2760, 8723
3446, 8041
3548, 9781
3803, 8349
5935, 6555
6591, 7840
8373, 9873
102, 2955
389, 2052
683, 5923
713, 6442
851, 7330
1086, 2717
1090, 1382
1134, 9631
1410, 1966
2977, 5417
3170, 6776
5085, 9095
5537, 5799
6527, 7807
175, 9964
256, 805
342, 1316
381, 2931
589, 836
1616, 9251
2227, 6075
2722, 6955
3072, 3906
3716, 5506
4439, 7637
4723, 8898
5227, 5242
5470, 6570
5609, 6457
8192, 8246
116, 4572
443, 5917
672, 6683
691, 4096
839, 3510
873, 7860
1007, 1635
1100, 1216
1486, 8699
1683, 5564
1687, 2340
1725, 3432
1941, 7085
1956, 9246
2214, 3582
3919, 5162
4070, 5326
4147, 4430
5669, 8953
6141, 6352
6174, 8672
6226, 6565
6590, 9026
6777, 8179
7269, 9069
8104, 9211
9160, 9851
3, 98
834, 4979
961, 6829
981, 7779
1020, 7059
1279, 6501
1312, 3454
1760, 2480
1782, 8588
3593, 6049
4199, 7744
4367, 5462
4491, 6234
4551, 4813
4955, 8212
5207, 5687
5444, 7374
6721, 8955
8371, 9551
9257, 9836
319, 2368
1314, 4656
1884, 6973
1990, 3314
2214, 8238
2914, 4405
3746, 8316
4333, 6185
6882, 7301
6993, 9294
186, 9517
745, 9650
1613, 2806
1651, 7432
1691, 9707
1848, 5954
2051, 9269
2269, 4971
3086, 9545
3574, 5620
3697, 7550
4127, 4393
4931, 7430
6731, 7607
6947, 8972
6958, 8020
7225, 7714
8548, 9893
132, 244
299, 8214
324, 7841
325, 6243
656, 8669
722, 4007
1081, 3212
1494, 3783
2095, 6256
3214, 4819
3273, 6906
3473, 7034
3551, 5999
3627, 8041
4006, 6682
4264, 4408
5813, 8881
7677, 9428
8413, 8871
42, 3799
438, 2007
851, 8613
1015, 5230
1333, 5914
1514, 5322
2696, 7351
3880, 9954
3916, 9343
6689, 7984
8114, 9289
34, 279
101, 8800
196, 8698
453, 8759
967, 9922
1436, 5674
2855, 4639
2956, 4856
3068, 5679
3339, 6869
4012, 5822
4383, 9040
4644, 9151
4801, 8786
5341, 9354
5563, 9028
5759, 9349
5773, 7405
7194, 8228
8267, 9166
9112, 9318
672, 8644
1185, 7753
2265, 7668
3169, 9674
3183, 4037
3847, 9982
4457, 4948
4816, 7858
5229, 7051
5269, 6643
5510, 6352
5752, 5885
7070, 9023
7217, 8174
8230, 9424
57, 1622
303, 4520
428, 2330
437, 6187
1139, 2327
1180, 4628
1224, 4784
2381, 4512
3009, 5735
3993, 7542
4544, 7935
4685, 8782
6119, 6618
6161, 7058
6483, 7113
7687, 7707
1, 9906
2485, 3338
2596, 6227
3065, 7158
4403, 5450
4604, 9976
5137, 9619
5198, 5667
8840, 9718
254, 2675
295, 4626
496, 2315
1262, 7139
1382, 2681
2058, 2230
2355, 5452
2753, 3729
3765, 7405
3860, 4940
4588, 5713
5205, 7802
5280, 9336
6278, 9515
6853, 8259
7083, 7588
7794, 9918
8259, 9839
25, 9102
926, 5756
1324, 9968
1544, 6913
3668, 4062
4510, 4907
6076, 9547
7136, 8232
7369, 9468
8212, 8279
8641, 9740
9129, 9575
1060, 4997
1075, 7574
1274, 2238
2707, 4213
2751, 3587
2790, 8607
4122, 8706
4944, 6985
5149, 5874
5409, 8922
7169, 7581
7348, 9410
7746, 8593
59, 901
99, 3844
325, 8180
625, 3635
679, 4684
784, 8915
856, 8196
1028, 1930
1594, 6216
1943, 2438
2100, 7690
4503, 9138
5382, 7530
6348, 8344
8440, 8524
9525, 9874
326, 5842
476, 7410
1452, 4444
3178, 5565
4248, 8164
5533, 8072
5652, 8691
5676, 8891
356, 3734
1010, 6065
1293, 3371
1422, 5496
1423, 3157
1799, 9844
1971, 9528
2114, 3382
3092, 9795
3268, 4486
3565, 4250
5084, 6118
6443, 8317
6993, 9354
7598, 8997
51, 1517
773, 3440
1026, 8774
1925, 5487
3821, 4102
4161, 5888
4411, 7179
5097, 7348
34, 7177
549, 1586
758, 819
854, 8847
1258, 3131
2619, 7811
3948, 6073
4505, 7434
5107, 5800
7548, 9087
156, 8380
180, 9616
800, 7919
806, 6843
1423, 1986
1449, 8539
1573, 8680
1686, 3941
2263, 8954
3030, 3575
3069, 5481
4060, 4871
4245, 6179
4713, 9790
5281, 5490
6025, 8886
6460, 9431
6470, 7340
9, 5184
142, 4686
218, 7195
395, 5819
750, 6145
799, 4683
901, 1392
1131, 4437
1497, 7968
2008, 2777
3861, 4194
4396, 9808
5982, 8959
6017, 8371
7283, 7558
7907, 8958
9348, 9372
632, 3393
1158, 4901
1181, 1953
1608, 2119
2641, 3709
3503, 9455
3738, 8996
4874, 6097
6035, 7270
6956, 8878
7695, 8400
106, 797
953, 8112
1430, 5144
1719, 8553
1745, 7315
2430, 4145
2469, 8794
3499, 6232
4046, 4684
4574, 5496
5431, 8146
5666, 9593
6038, 9292
20, 4509
174, 6464
496, 9688
1193, 6945
1739, 1892
1826, 6454
2650, 7861
2710, 6199
3334, 7086
3392, 7400
3429, 5919
3571, 6193
3926, 6328
6479, 9149
7248, 8926
9481, 9572
415, 6612
1342, 9557
1657, 7000
2395, 4485
3242, 5335
4165, 9768
4698, 7128
4913, 5374
5078, 7218
6951, 8092
517, 1490
802, 3524
854, 8417
1168, 2522
1352, 7588
2082, 4474
2202, 9358
2763, 5864
3225, 7806
3514, 8085
4055, 9249
4109, 4288
5187, 5474
5329, 8331
5649, 5653
6462, 9547
6984, 7654
7864, 9119
8048, 9737
8324, 9986
932, 7552
2395, 6535
2701, 3502
2953, 9405
3181, 7195
3234, 5638
3706, 8558
4197, 5930
6334, 6550
7564, 9293
7944, 8961
276, 8035
1498, 2268
1871, 8426
2090, 4359
2705, 6133
3029, 7465
3678, 4801
3938, 8214
4590, 8877
4811, 5097
5392, 6024
5595, 7364
5741, 9172
7622, 7901
219, 1502
316, 7403
462, 7337
619, 4414
1489, 2426
1898, 5724
1913, 2959
2987, 5719
5212, 9668
5329, 6231
6178, 9447
6964, 8008
8206, 9607
862, 9347
878, 1644
1546, 6964
2729, 3692
2887, 3787
3113, 3544
3412, 6005
5939, 5970
7738, 9329
8325, 8466
81, 6672
276, 5853
1245, 8933
1815, 3762
2244, 5115
3318, 6512
4388, 9040
405, 7659
418, 4252
470, 5600
1453, 3068
1529, 7611
2750, 6131
2771, 6768
3597, 9356
3669, 7194
4223, 7408
5161, 5336
5928, 8197
6500, 7812
6582, 8159
7833, 9322
8787, 9170
102, 1908
212, 351
296, 1493
1586, 5765
1736, 3571
1941, 7364
2164, 7258
2281, 5853
2340, 6699
2377, 8058
3404, 4386
3744, 6817
4573, 8861
4721, 8444
247, 8897
268, 7776
349, 3948
494, 8576
607, 7913
808, 7162
1095, 9761
1967, 7903
2142, 9467
2445, 6618
3100, 7676
4380, 9524
4792, 8236
5721, 6886
7773, 8692
1293, 8479
1789, 4582
2017, 3999
3588, 6748
4163, 6730
5270, 9012
8381, 8568
9483, 9840
157, 4903
488, 8102
689, 4057
1180, 6160
1984, 8307
2002, 8474
3055, 9769
4360, 7422
4489, 5141
7124, 7779
7795, 9200
7851, 8707
7851, 8856
8860, 9790
329, 2942
470, 6788
576, 9501
1653, 5343
3278, 4290
4399, 8353
4479, 5857
4595, 9202
4915, 9166
7372, 7860
7524, 8176
15, 5530
819, 2505
1695, 9989
3077, 6093
6314, 9679
327, 5104
1050, 8857
2320, 5282
3022, 3185
3975, 4535
4085, 5072
5775, 8348
5991, 8821
6172, 6939
1236, 9835
1339, 3403
1559, 7338
1813, 5779
2587, 5357
3252, 5214
5020, 7390
6219, 6225
6311, 8161
8772, 8929
346, 5052
565, 8782
605, 5949
823, 6304
913, 2876
1312, 1366
3256, 8118
4170, 9162
5001, 8330
5064, 8507
5428, 8034
5489, 7805
5943, 8917
7129, 9002
7190, 7451
1086, 1767
1246, 7482
2129, 5658
2167, 4854
2786, 4504
3218, 7185
5285, 7208
6259, 6973
1280, 5770
1471, 4237
3218, 4677
3540, 4411
4691, 6521
4810, 7042
310, 6858
451, 7453
539, 7154
736, 9537
1785, 4289
2560, 2751
3743, 4426
6361, 6886
6502, 7418
7449, 8126
8414, 8896
985, 9097
1092, 8014
2153, 9109
2608, 4524
2725, 9426
942, 9516
1213, 4842
2222, 5516
3025, 6327
3239, 9184
3409, 7580
3882, 6417
4812, 8400
5166, 6123
6447, 8231
6815, 9198
7316, 8178
171, 1191
766, 5567
777, 1312
1369, 5283
1485, 5052
1947, 8248
2723, 9963
2741, 4985
3066, 9547
6163, 7939
6426, 9634
865, 4260
1500, 2125
1681, 2304
1841, 4176
1995, 2897
3209, 7057
3390, 4340
3509, 4184
4315, 8082
5541, 9130
5731, 8084
469, 7566
471, 1855
1344, 8402
3417, 7583
3795, 6262
5477, 8409
5525, 8439
6783, 9706
6940, 9451
7839, 9204
236, 6441
959, 5125
1265, 8366
1520, 6540
1549, 4734
1581, 9489
2146, 8126
2542, 4112
4164, 8049
6707, 8575
217, 8908
941, 7047
1277, 6743
1738, 6551
2016, 4991
3402, 5019
3548, 7100
5062, 8209
7379, 8248
7680, 8678
8630, 9342
1637, 8360
2173, 3614
3309, 7608
3620, 4151
4223, 8201
4663, 8019
4905, 5449
5545, 9016
6571, 7014
7079, 8536
1433, 8078
2128, 5075
3089, 8156
3600, 4247
4894, 9290
5204, 7587
6485, 8063
6609, 8120
1875, 5555
1885, 7020
2529, 9418
3061, 3265
3694, 9046
4146, 7250
5895, 7239
8460, 9190
8470, 9193
2106, 4204
2261, 9250
2540, 2690
2747, 9827
5838, 9330
255, 6867
1163, 1980
1715, 3208
2176, 5306
2979, 8069
3213, 5848
3578, 5340
3789, 9316
4433, 4678
6818, 9259
8623, 9253
251, 3333
483, 5802
580, 4865
752, 2043
1244, 6704
2028, 2330
2208, 6332
3475, 3795
3708, 7819
4000, 9965
4132, 9850
4280, 6157
5594, 9975
547, 4926
847, 5452
922, 6134
1128, 8747
1270, 9289
2761, 5307
3660, 4717
4017, 5791
4114, 9035
4304, 9208
4598, 6479
4661, 9484
7293, 8819
7728, 8728
1850, 2138
2860, 7756
4038, 5286
4158, 9232
310, 3637
740, 2583
2917, 6910
3209, 7735
3278, 9404
3713, 3726
4042, 4994
5394, 8644
5435, 7004
6219, 8752
7249, 9245
7373, 9922
424, 9055
1291, 6783
1999, 2285
2090, 3717
3278, 4832
763, 3189
2504, 7599
2527, 4924
2672, 8491
3378, 7446
3529, 9608
3893, 9178
4495, 8164
5578, 8529
6, 4300
339, 2417
1092, 1155
2085, 3670
2706, 5905
2996, 9395
3621, 9265
3684, 7751
4355, 9880
6394, 7235
6899, 8721
7171, 7224
493, 7327
896, 3322
1879, 3119
2958, 4890
3152, 6787
3500, 3858
3622, 3703
3833, 9044
4128, 6714
4246, 5248
7440, 7782
8688, 9764
89, 5862
337, 5015
2838, 5247
2891, 5844
9140, 9437
1415, 3599
1735, 8434
3101, 6381
5942, 6006
6202, 6929
346, 3892
647, 4767
706, 9087
1448, 8201
2520, 6661
3022, 6671
3899, 5156
4945, 5539
7044, 8973
7176, 8792
7223, 8744
382, 9432
2006, 4618
3336, 6559
4032, 6883
5544, 8557
6664, 7402
544, 6888
1138, 9622
1775, 3008
1903, 4823
1979, 4360
2337, 5536
2676, 3586
2778, 8039
2879, 7351
3927, 6046
9208, 9559
809, 1773
2193, 7535
2627, 7601
4058, 8501
5046, 6116
1469, 3476
4185, 7592
4318, 8423
4436, 9311
7611, 8845
8817, 8873
242, 9567
1106, 6743
1813, 2729
2120, 7627
2144, 8649
3203, 5664
3302, 7126
4504, 8599
2098, 3560
2603, 3667
3082, 3308
6294, 9406
50, 5468
597, 8226
2663, 4215
5001, 9116
7300, 8709
7850, 8260
3376, 7958
3546, 6819
4388, 6904
5811, 8388
779, 3634
1583, 3603
3055, 6435
8202, 9291
167, 9276
258, 1757
460, 4830
1354, 9326
1389, 2170
3527, 9392
3688, 6288
4022, 6613
4648, 7512
6176, 6648
7719, 9286
424, 1672
491, 6247
797, 4086
1598, 6902
5819, 8820
674, 5987
764, 5118
1426, 7733
3783, 4168
5386, 6425
5394, 8689
5513, 7683
5838, 6455
7505, 9460
7590, 8137
8634, 9157
370, 7853
1117, 4499
1864, 7834
1955, 6607
2684, 7554
3557, 9951
5661, 8636
195, 4954
264, 7054
331, 3465
544, 9979
1099, 6696
3696, 4476
3865, 6305
4300, 5372
5176, 8470
5361, 9637
8905, 9821
643, 940
1129, 6159
1856, 8111
2086, 2877
2335, 3745
4763, 9553
6132, 6881
919, 2119
1346, 6391
2676, 8082
4716, 6212
5624, 6621
6878, 8183
370, 1375
3569, 4209
4712, 8806
4759, 6801
7699, 8141
791, 5232
3535, 9570
3813, 8121
3914, 4069
5153, 9958
63, 9409
2850, 3339
7387, 7684
947, 1786
1828, 3264
2177, 7104
3847, 4323
3866, 6884
4115, 7228
4132, 8378
398, 4016
1720, 2020
1824, 7175
3341, 7620
4689, 8844
5103, 7319
6169, 9234
6905, 9204
8583, 9859
9493, 9655
1661, 5078
1774, 4352
2933, 3196
5168, 7106
5963, 9519
1340, 8132
2731, 4345
2871, 3905
3544, 6789
4360, 6729
5100, 8684
6736, 8841
871, 7350
1404, 8743
2962, 4342
4167, 4527
721, 3102
1255, 3771
1317, 9320
3775, 6868
3911, 6874
4072, 8071
5277, 5532
3075, 9780
4319, 6659
4440, 7987
4742, 9728
6000, 8463
8238, 8713
8295, 8966
267, 5942
1321, 8791
1744, 3303
2217, 7110
2498, 5760
4970, 5892
5585, 6935
5845, 8903
973, 7955
5518, 7015
7170, 9949
1152, 4681
2122, 2920
2376, 3610
3110, 9625
834, 7321
3599, 8965
5050, 6777
5554, 5865
6210, 8725
6407, 6953
897, 7532
2951, 6653
456, 2066
536, 5933
1248, 7230
3446, 5989
3506, 6501
4121, 9412
5170, 5757
5758, 6123
1785, 9453
1958, 8311
2451, 8484
2805, 5413
755, 4187
2406, 8048
2586, 9391
3012, 5751
3219, 4672
3833, 9302
1765, 5375
2530, 3237
3612, 8795
4680, 5997
4889, 9707
5641, 9198
2032, 3502
2124, 6615
4919, 9489
6122, 7034
6764, 6800
8199, 9908
340, 4635
911, 8858
1139, 6650
1227, 5512
1325, 4029
2968, 5528
3320, 3882
3360, 6763
4578, 9115
6779, 7009
266, 7285
947, 5283
3097, 8899
3302, 9856
3406, 7688
4788, 8937
6703, 8303
1620, 2305
2065, 7576
2267, 2581
3760, 9511
4571, 5017
6440, 9710
937, 3228
3471, 4768
3853, 8791
4881, 6374
7722, 7900
8391, 8884
204, 4235
419, 4319
615, 7661
2098, 7362
2772, 8517
7213, 8411
928, 6525
1510, 7729
1595, 5118
2077, 6051
2521, 7207
4880, 9315
5499, 6153
7042, 9649
7066, 8693
1721, 4934
3562, 3689
8425, 9101
8532, 9044
56, 9693
1249, 5679
6080, 7037
8052, 8082
3466, 7303
1160, 7148
1170, 1812
5375, 8650
580, 6516
657, 2373
1506, 5147
9140, 9629
2171, 3073
3532, 6617
3627, 7481
5492, 8506
6478, 6691
573, 2303
2417, 5840
2424, 5535
3413, 9966
3647, 4885
1668, 1937
3346, 3393
2100, 5580
2606, 7941
5798, 8468
371, 6156
805, 7618
1292, 9947
7502, 8187
7852, 8011
1127, 4785
9235, 9284
34, 3780
3842, 6353
4027, 9195
4095, 4334
5855, 9000
301, 8245
2739, 7984
3682, 4872
4814, 8635
5055, 8086
7840, 9307
8413, 8927
1638, 6407
1734, 5147
7553, 9191
141, 5539
1909, 2038
2006, 2744
2091, 4231
3893, 8687
4309, 8783
70, 4205
295, 5238
826, 2756
2311, 6834
3273, 6284
4234, 6944
1563, 2046
1843, 9808
2784, 4278
3564, 8611
5959, 9732
254, 9359
2369, 8135
3348, 5384
3456, 7181
6399, 6496
739, 4236
2649, 7529
71, 930
144, 1126
6138, 7635
1110, 4464
1695, 9813
1802, 9389
3979, 8512
3981, 7528
3999, 7519
5924, 9617
821, 5225
1924, 9900
4242, 4998
4487, 4566
118, 851
385, 3222
1348, 1894
1610, 3714
2219, 6979
6726, 7023
2989, 6195
3981, 4592
5067, 6796
131, 8658
2879, 6431
3423, 5520
5065, 9763
934, 7023
1683, 3457
2694, 3450
3751, 6946
4253, 9274
4590, 5880
5476, 6103
577, 2797
3528, 8810
5975, 7028
2884, 8917
1253, 6912
1442, 4686
3930, 7483
4199, 5771
4292, 9470
7188, 8168
1518, 9840
1744, 8310
2191, 3533
2222, 6626
612, 3462
1736, 3361
2503, 2665
3118, 5560
4676, 6698
7193, 9420
1425, 6531
2523, 7626
4365, 5745
3844, 4696
3956, 6458
4392, 7117
1339, 9556
1484, 9768
1768, 2868
1815, 2903
2573, 9664
3645, 4409
3651, 4150
4928, 7315
7656, 9996
8407, 9779
2374, 2779
5003, 5794
7417, 7972
559, 1167
1366, 6860
3819, 6908
1547, 6072
4076, 8059
23, 3652
1091, 7453
1102, 7525
3472, 4468
1816, 9036
3349, 7067
4238, 9212
246, 4468
552, 5327
1771, 6399
1915, 4132
2004, 9685
3985, 5990
1009, 1818
1729, 6766
2041, 8133
3288, 3317
4949, 9976
6613, 6742
1133, 1741
2104, 7379
4502, 6309
1662, 5756
1807, 5957
5887, 7537
9481, 9655
1507, 8290
1755, 9846
5309, 8608
6151, 7370
442, 6480
993, 6225
1044, 5062
1406, 4679
2092, 8985
2316, 2593
2947, 9291
3659, 8274
5212, 7334
712, 2380
2240, 2897
3287, 6403
8100, 9672
807, 5255
1215, 7323
5132, 6665
5139, 6650
1487, 1858
6485, 8476
2920, 3467
3194, 7488
4539, 7896
97, 887
790, 2978
5141, 9959
905, 2936
908, 8128
3070, 3790
8773, 9642
113, 3485
6364, 7649
7660, 9524
1092, 9383
4429, 8498
5891, 6408
9242, 9696
1950, 4027
2462, 2546
2111, 8154
478, 7852
1039, 6402
2747, 5138
2041, 2983
2065, 6372
7618, 8516
1288, 6810
8520, 9903
662, 1190
2282, 7503
2575, 6236
383, 3413
1169, 5237
2354, 3881
5975, 8916
7581, 9709
8816, 9800
4355, 9738
8667, 9107
3358, 6644
4651, 8466
1030, 7399
287, 8456
954, 9476
960, 8617
2613, 3724
7282, 9948
5073, 6897
6, 5952
1275, 8793
1934, 2183
5683, 7510
1295, 3200
1326, 8413
2807, 7716
7450, 8105
2738, 4839
1587, 4797
1865, 3618
2878, 4591
905, 5009
1862, 8781
3839, 6001
3980, 5176
75, 5006
4148, 6899
2662, 9910
3675, 5163
1506, 8386
1480, 8520
1678, 5975
4843, 9334
7347, 7545
8067, 8207
11, 293
2036, 9215
101, 5222
2734, 8708
7474, 8864
1103, 8306
3289, 6008
574, 5436
1883, 9987
3068, 5290
5983, 6661
3582, 5353
6808, 9951
2132, 2597
4155, 5982
2039, 2604
2423, 7844
166, 3496
1924, 9965
2944, 6465
6571, 6986
110, 173
4239, 5625
4279, 9502
4943, 9417
1495, 5457
2635, 6564
2665, 7562
3180, 6410
4964, 8374
1146, 5705
128, 2195
8894, 9747
2833, 6773
3120, 8390
4761, 5541
1013, 6983
1001, 1715
2950, 7201
2735, 4377
154, 2482
3553, 5020
4228, 8359
5091, 5250
8403, 9011
374, 4358
3144, 8387
1867, 2999
5110, 8300
2577, 9164
1670, 9461
2800, 6069
2466, 6490
8636, 8664
8117, 8121
804, 5932
4709, 5910
1516, 9277
2948, 5705
5574, 8109
1462, 3887
1982, 6522
399, 7290
3159, 8204
1935, 5396
166, 9854
4323, 7506
4434, 7495
7381, 7887
1234, 4654
8327, 9809
1504, 5298
3553, 7996
2690, 8149
3810, 7472
4802, 6987
74, 3936
883, 2220
3713, 5285
3127, 3705
832, 2221
852, 8621
726, 3516
4078, 5185
6062, 7706
2923, 6010
3180, 6563
5824, 7695
410, 6567
4011, 6314
3127, 5472
6959, 8472
1332, 2691
3852, 5697
7392, 9755
1511, 6190
270, 6060
915, 6409
10, 5434
4699, 6625
608, 2645
1967, 8618
3561, 8617
7431, 9562
3060, 7168
1398, 5927
6822, 9219
2789, 7458
3730, 7663
3833, 9509
1710, 7260
3107, 4429
3368, 9865
147, 1436
591, 4643
2218, 5338
3241, 7349
4906, 9494
5877, 8685
8685, 9576
2434, 3036
3877, 6836
1901, 3579
4222, 7843
5157, 5817
5283, 7163
1032, 4647
1700, 3299
2210, 9937
2290, 9207
3897, 6116
3956, 9367
7870, 8709
48, 2064
8508, 8565
2773, 7052
3976, 8401
6819, 8166
877, 9152
4603, 8999
681, 4194
3061, 6177
591, 1576
3380, 4419
4583, 8902
7831, 9285
5682, 8138
248, 6570
1345, 5151
201, 2567
7231, 7462
1650, 9890
7285, 9694
7083, 8031
135, 5836
51, 3498
3387, 5611
4396, 8132
1094, 1190
3002, 5822
3325, 5051
3691, 3854
482, 4904
480, 5154
560, 5158
3558, 3744
1591, 7247
3281, 5236
717, 2087
2657, 3294
6223, 9840
813, 1836
5203, 7752
3128, 4800
6610, 8191
4, 3431
4642, 5305
3119, 7076
924, 8110
5419, 9578
4100, 5276
1629, 6728
3572, 4939
441, 843
2182, 4082
3814, 4201
1750, 7929
253, 4123
1150, 5778
290, 6567
4420, 4635
6282, 9998
1812, 3568
3589, 5702
4289, 5196
3293, 5067
1359, 9783
3078, 3489
3741, 7758
4432, 8391
5296, 6724
1264, 4373
895, 4797
2281, 6220
931, 1211
8256, 8481
1863, 3282
13, 5150
3444, 3962
6563, 7212
793, 6265
2986, 7284
4219, 7524
2401, 5301
3962, 5459
3046, 3866
5142, 9400
1709, 4730
1736, 6569
6927, 8169
1550, 3147
9927, 9959
2901, 8957
1365, 9369
5140, 7209
4999, 9623
3939, 4610
1895, 3875
3628, 5208
1222, 2354
1261, 1394
3989, 5969
406, 1166
4024, 5334
31, 3628
2559, 7055
5584, 6135
4223, 4402
2810, 7036
3720, 7977
3993, 8497
1274, 2661
2633, 8758
694, 1719
2774, 9147
3272, 8810
7745, 9340
640, 6638
2781, 8061
1749, 5697
5733, 6164
633, 7825
138, 9908
6923, 8730
2362, 6866
8283, 9186
3991, 7466
