24.376602
4069, 5929
627, 9999
4703, 6886
5974, 8166
2449, 7621
180, 7114
263, 1624
5745, 7890
6116, 9103
1097, 4775
2811, 7295
5234, 7884
564, 9359
2886, 8473
3357, 6786
1481, 4451
1587, 4649
3215, 4009
7072, 8864
457, 9856
881, 3069
3581, 3872
4712, 6741
944, 6206
4928, 7431
259, 6098
68, 5946
3773, 7085
2221, 5496
2311, 7530
2354, 7279
2297, 5564
768, 1850
1484, 8663
1700, 8982
3665, 4178
8087, 8162
9880, 9908
3645, 7497
4294, 8377
4717, 4840
133, 2084
891, 2090
1473, 2984
2771, 3565
5602, 8857
297, 6729
3671, 8813
4047, 6214
395, 8658
442, 2749
578, 8887
3976, 7114
191, 2240
994, 4653
1907, 8412
7523, 8754
5214, 6017
1817, 7222
9480, 9517
199, 2218
2301, 2317
3285, 5773
688, 6712
1105, 2638
4189, 6701
4890, 7321
7388, 9398
7835, 9541
791, 7124
1254, 6442
2857, 8878
5228, 5714
1072, 3540
2938, 4778
1992, 5544
2918, 5637
491, 9840
1141, 4369
1561, 8520
1882, 2628
172, 3096
1319, 2066
2325, 3429
4729, 9388
3192, 3834
7273, 7425
6692, 7822
815, 7382
2130, 8422
2818, 4867
6091, 6699
6671, 7940
1164, 3307
1385, 6991
3702, 5824
4230, 8509
4798, 9003
4562, 9208
4861, 5602
8657, 8809
366, 7322
2895, 4339
7032, 9008
3655, 5564
3969, 4396
4649, 7314
83, 3949
1500, 9153
2337, 9631
3710, 6719
3533, 7056
4047, 9974
4441, 9011
1313, 6713
7773, 8408
4439, 4624
4493, 8089
5860, 7382
5806, 8895
2026, 7448
3369, 5983
7452, 9869
295, 9705
1793, 6116
2129, 4817
473, 8508
3058, 6160
6799, 8803
7028, 7167
518, 6814
1506, 3361
1962, 9702
4975, 9614
6193, 7377
2589, 4095
3555, 3725
3817, 4036
4666, 9530
6158, 6932
6344, 6368
492, 8381
2137, 6955
2375, 3346
3049, 9555
463, 631
655, 3869
5440, 7427
8305, 8677
5260, 6216
4418, 5797
4745, 5635
6325, 8583
2070, 4177
1324, 2867
2255, 6561
1060, 2379
785, 6230
4403, 9418
6354, 9605
276, 647
30, 3607
555, 6275
641, 3955
153, 4035
1082, 7543
1095, 4502
1441, 5672
1910, 4304
5425, 8064
5563, 6994
898, 2190
4792, 5652
4805, 6270
854, 6804
2335, 5576
2859, 5232
3652, 8006
1584, 5893
2812, 6819
60, 8930
4100, 5119
7184, 8269
8219, 9465
20, 326
389, 8066
4182, 5449
1268, 9611
2016, 5504
2465, 7564
94, 2795
2749, 9258
1781, 4383
2379, 9049
2891, 3712
584, 4427
5965, 8423
644, 3006
6290, 7653
6366, 6625
2698, 9241
3484, 3503
556, 4799
3898, 7701
8971, 9219
1443, 7333
3428, 9172
2373, 3895
2514, 5532
3893, 6295
5363, 9874
2921, 8079
3256, 4287
6197, 8823
817, 3384
3100, 4078
5484, 6893
7330, 7707
1820, 9291
4335, 5545
4767, 6658
7023, 9651
8409, 9646
9338, 9905
3883, 7289
2101, 9562
2527, 9030
5112, 7031
490, 4526
7562, 9898
9069, 9782
737, 7735
6888, 8026
770, 4642
2511, 6210
3051, 3372
4401, 9519
4603, 8668
333, 1414
24, 2386
230, 9314
5778, 7388
6080, 9101
939, 5921
1838, 8061
2214, 7567
3596, 9240
8715, 9035
3719, 4497
222, 1749
2165, 9709
2873, 3304
2027, 4387
2784, 7132
2890, 3147
3698, 8036
5588, 8983
1078, 3781
1319, 1412
1411, 5900
2529, 4551
6279, 8596
9013, 9042
2351, 8212
5329, 6720
4994, 9183
1643, 6130
7667, 8813
679, 2890
2386, 6382
5069, 7612
8155, 9595
508, 3063
4741, 8528
8379, 8692
3338, 7063
6729, 7136
7250, 7681
5140, 7747
7962, 8647
630, 5673
1056, 3631
2093, 3777
5082, 8351
1474, 1904
1364, 1679
3610, 7790
375, 6373
2996, 3825
1996, 5340
3390, 4866
4621, 6455
439, 3041
6043, 6531
6993, 7328
7509, 9344
8297, 8914
0, 1370
1625, 9422
2582, 3985
1109, 9416
2293, 8732
2455, 3255
6483, 7066
7430, 9252
4641, 8167
1142, 6487
6283, 9352
953, 2963
3637, 9585
5933, 9245
7079, 9795
476, 9831
869, 5561
3730, 8933
4941, 8614
5095, 6589
1569, 6056
537, 8081
1448, 3393
1716, 6051
1724, 8804
6015, 9896
844, 1230
912, 5130
1390, 2282
3782, 4806
5022, 8710
5875, 8725
4344, 4932
2101, 8056
2407, 5530
4976, 9918
567, 9374
2303, 3632
3924, 9259
4473, 7832
7642, 7808
8039, 8970
1629, 2460
3678, 9044
673, 5419
1714, 6432
3382, 3771
1036, 2692
1925, 2621
2960, 3732
424, 6763
851, 8742
5456, 6322
169, 1549
1474, 6051
4088, 9448
510, 4398
7503, 7921
2053, 8538
2516, 3617
4048, 7144
2900, 4622
600, 5097
664, 7604
871, 4826
2805, 4205
2905, 6967
4827, 4907
8441, 8552
167, 6024
1554, 5170
3008, 8543
5105, 9607
5491, 7657
6549, 9881
205, 3782
4393, 4846
6770, 7060
282, 8317
7341, 8304
2905, 5781
5248, 6830
6050, 7868
7226, 9546
2856, 2952
5385, 6978
6689, 8302
6887, 9632
819, 4970
1368, 4210
3824, 9829
3908, 5786
7986, 8168
1855, 6504
3348, 6542
8615, 9619
269, 1750
782, 8468
983, 2232
1850, 9584
2127, 2650
4462, 6835
150, 4814
8441, 9884
766, 8269
1174, 4481
3487, 7786
627, 9338
1229, 2465
3401, 9202
8710, 9290
1126, 5790
3946, 7664
481, 4687
8053, 8427
995, 1401
1056, 3455
7796, 8371
934, 9093
125, 3758
2481, 3474
2775, 5346
5108, 6508
7504, 9859
2186, 3942
4645, 6863
8836, 8887
596, 6413
1666, 9828
3620, 6702
4007, 8015
5140, 9065
424, 7897
1786, 8014
6988, 7794
1127, 8198
1993, 5817
2687, 6870
5586, 9035
1049, 2171
2757, 5442
4658, 6600
5931, 6271
316, 3425
1292, 7481
2147, 4455
3692, 7778
3943, 4024
4668, 9544
2781, 4376
2830, 6194
6016, 9055
162, 2196
1696, 7845
1698, 5075
1931, 7083
4612, 9824
7384, 7684
8637, 9470
39, 1958
194, 9396
889, 3951
4747, 7878
2447, 8315
5038, 5689
8742, 9770
625, 9546
1129, 9446
8682, 8702
124, 7768
272, 4897
4279, 6554
4463, 9812
1218, 6293
2347, 4458
4197, 5803
3324, 5222
3689, 5990
5896, 8857
2473, 6600
3430, 7884
5094, 7574
3104, 6368
9014, 9783
2078, 3279
1091, 1976
6579, 6736
2504, 9037
2777, 9319
4007, 8571
948, 4329
2471, 2716
4988, 7405
3739, 8569
350, 1103
2385, 4423
2162, 7432
2620, 4385
9062, 9382
2076, 9609
223, 6934
5462, 5625
2377, 4656
3983, 7204
62, 1937
555, 3678
1999, 5102
895, 8739
2549, 6646
3128, 6514
4035, 5185
5726, 8240
25, 2636
1175, 3833
1946, 6444
5440, 6465
5984, 9146
1648, 3453
1420, 7268
3324, 9776
2105, 2133
2379, 2495
5394, 6233
1951, 9781
4338, 8485
6277, 8523
7033, 8149
304, 5835
6145, 6602
6108, 6823
1860, 6402
2999, 5582
3761, 7725
4721, 5031
389, 698
1984, 2357
1676, 6330
1752, 5374
2926, 4369
3455, 7072
3834, 7184
596, 6784
3473, 8515
8108, 9009
1930, 6269
2138, 8853
82, 6132
1882, 7956
3012, 5155
3252, 4757
5569, 6328
86, 6873
671, 5554
2616, 8930
4497, 7576
1996, 5592
8132, 9028
1050, 7422
4041, 4648
2295, 3495
2777, 5139
5248, 5989
2480, 9250
151, 1334
530, 6408
1691, 9370
5032, 9135
5363, 9617
6771, 8693
1470, 6396
6304, 8365
4670, 5654
1739, 2390
3639, 6830
5021, 8744
6071, 6538
5413, 5617
4747, 9467
3274, 6334
3617, 6298
4616, 4812
573, 8610
3121, 6785
6992, 9219
7196, 8483
1796, 5033
5185, 5362
754, 3387
2435, 9244
244, 7491
5627, 8333
2493, 8747
7520, 8709
942, 9005
3804, 5540
185, 5878
1210, 5472
1342, 3457
2053, 7541
690, 6236
5407, 7591
8864, 9882
3170, 3229
84, 4777
773, 7722
3289, 8154
3897, 9044
4841, 7642
1137, 7780
4068, 4986
4392, 8692
4819, 7447
6471, 9983
7293, 9203
2569, 6822
4272, 5655
8, 9456
3569, 7624
7451, 9860
9360, 9921
1431, 9227
5219, 8052
6228, 9939
7450, 9801
8678, 9020
5384, 9711
5867, 9057
255, 1898
654, 5559
710, 1299
2102, 8648
3945, 7135
21, 4238
266, 5845
4771, 7424
3208, 8688
4060, 9113
4294, 5211
4316, 5341
6322, 9501
1212, 8431
6597, 9854
3190, 5099
3680, 7163
4468, 7308
4623, 7026
4671, 6828
619, 1919
884, 2781
3670, 7190
7866, 8804
8809, 8919
959, 8268
972, 2074
3993, 9121
6064, 8271
2310, 3477
6130, 6422
6361, 9458
8805, 9033
1862, 4635
4601, 5645
2931, 7797
5886, 8731
6461, 8309
79, 6501
358, 4844
5987, 8283
724, 8761
1628, 2750
3033, 5187
5099, 6808
7404, 9036
223, 1080
783, 5712
267, 4006
4965, 6828
6139, 6580
3747, 9809
1771, 4745
4919, 6083
6997, 9355
2122, 5611
3132, 5490
1385, 2751
3077, 7416
6289, 7628
529, 5331
2581, 7867
6941, 9635
1567, 9465
2125, 6782
1462, 8395
3658, 6089
806, 5092
3124, 5753
3689, 9917
3742, 7779
4900, 5036
6846, 9755
1337, 9056
3401, 9536
5634, 7551
735, 9533
7167, 7205
7420, 8974
5118, 8391
683, 3062
2809, 9749
1945, 3264
2644, 5762
5990, 7095
7511, 9072
1663, 4869
5085, 5244
7427, 8902
1674, 5270
1609, 8068
2396, 4755
4299, 4557
6167, 7132
8749, 9168
219, 5385
3005, 9789
6758, 8587
7201, 9387
387, 4295
7014, 9326
1582, 5859
1690, 9337
5813, 8864
1616, 1862
3616, 4172
6475, 9240
760, 5932
1064, 9849
2587, 8383
2685, 7357
5725, 9311
6058, 9310
351, 9396
5298, 9423
686, 2188
2808, 4438
104, 8013
982, 6236
1053, 2530
909, 2732
4564, 5366
1125, 6761
1253, 6289
2404, 9033
3174, 3535
4005, 5782
7561, 9127
4630, 7715
656, 1795
6557, 9487
4496, 8703
7437, 9729
339, 3220
391, 6293
1124, 5883
1339, 3605
1444, 3815
2891, 5791
3050, 6708
3100, 7363
91, 5860
6295, 7978
124, 2473
613, 3403
758, 6243
2597, 3687
4251, 5323
4880, 6829
8634, 9910
2457, 9152
2908, 5242
3867, 6318
6244, 8520
971, 9147
1193, 6491
3090, 5226
4109, 5433
1818, 4262
2529, 8562
2637, 9913
8784, 9354
343, 2053
3983, 5823
4983, 6165
5512, 5611
6163, 9269
660, 6349
1433, 5485
1891, 4571
2066, 6088
3467, 7444
5060, 8067
628, 1667
8895, 9473
898, 1481
4055, 5448
90, 1318
191, 8166
403, 2587
1695, 6648
5220, 9923
374, 655
2372, 5336
3871, 8538
5539, 7831
184, 5850
5210, 6299
5547, 9657
1920, 4384
2083, 4019
7428, 9919
532, 9068
1183, 6333
6979, 8406
647, 3461
707, 1415
924, 2848
6953, 9448
1492, 8675
564, 9181
782, 4663
1193, 3363
526, 4514
608, 8043
4220, 8763
8108, 9484
325, 1028
1834, 9918
3386, 7843
3396, 7854
4869, 5233
5352, 9311
2262, 5495
2824, 9463
1291, 2398
4620, 6292
1050, 7713
2673, 5598
3531, 3882
453, 3671
1438, 5000
5318, 7472
6202, 7026
1075, 1264
1994, 9602
3413, 5737
5077, 8643
5471, 6666
1234, 3729
4636, 9829
55, 6568
478, 1025
2143, 8099
814, 4431
7427, 8049
1121, 5235
1148, 7780
3317, 4866
3897, 9235
5530, 7068
7419, 9289
4944, 7757
5215, 5304
5334, 6018
5377, 7487
71, 7155
5841, 9204
7093, 7784
4114, 8491
1975, 9695
4956, 5672
6053, 6207
3885, 5989
4537, 6656
7667, 9208
2884, 6185
7200, 9824
97, 7616
278, 9528
5664, 6902
6675, 7744
5299, 6603
5302, 6870
8719, 9431
387, 1737
2602, 3317
3912, 6023
7305, 7797
86, 1959
115, 7955
716, 7822
4256, 8531
2210, 5417
2944, 3874
3036, 5281
8448, 9356
260, 6849
363, 1319
4526, 7734
6036, 7308
8504, 9402
9111, 9611
16, 7894
766, 1609
2416, 6669
313, 1433
7274, 8703
3005, 9817
4687, 7476
4851, 7449
4985, 7449
667, 4969
5841, 6698
3699, 8988
615, 4309
1001, 7703
1034, 7845
3100, 7301
383, 917
1315, 3672
1727, 3303
5515, 6555
7366, 8084
121, 8258
4257, 5962
5136, 5818
4640, 7181
169, 4908
508, 2604
1846, 6996
4428, 5099
3502, 6431
7313, 8275
9264, 9441
1700, 8469
5540, 8563
5908, 6137
3473, 4497
4361, 8879
7805, 9592
6921, 7730
520, 8145
1533, 4362
1626, 2233
2247, 2594
5295, 8210
316, 6291
5846, 9082
6178, 8175
4810, 5038
9255, 9869
3121, 4377
557, 8968
3921, 6888
5056, 8266
1538, 2023
4635, 7649
464, 8913
4769, 7556
6226, 7578
9192, 9269
1177, 3972
778, 3534
1613, 4351
3208, 8233
4511, 7554
4447, 4829
5187, 9912
4597, 5358
5136, 9365
2286, 2306
2995, 9253
7572, 8573
7664, 8840
1565, 5841
494, 5436
1072, 2701
5410, 5773
8591, 9486
2750, 9615
567, 4662
1004, 7337
2321, 9377
5871, 7057
3098, 6933
4704, 6648
790, 7381
3692, 7988
227, 7988
4713, 6623
234, 3156
3086, 6311
6179, 9807
350, 9038
1450, 1940
1626, 5186
2474, 7033
1563, 2622
592, 5382
1020, 6237
1407, 9344
4042, 6581
4505, 6259
283, 4158
3947, 9902
4226, 7008
83, 579
1436, 8489
3618, 7851
3706, 4534
4228, 7133
4497, 5799
4821, 8418
509, 9725
814, 7090
1113, 6893
1838, 3806
3897, 8282
5823, 7588
8786, 9430
894, 1496
1767, 3804
2670, 6013
752, 928
4812, 5131
5434, 5732
6893, 8382
2010, 6139
3229, 5684
5346, 8178
5433, 7491
110, 4600
2024, 6568
4337, 8753
341, 6982
3526, 9039
5785, 9566
2068, 6938
4694, 8911
65, 1646
184, 1087
1112, 6757
5932, 8024
8172, 8178
5708, 6821
5820, 9828
7307, 8099
836, 1346
2825, 4664
2980, 6594
5214, 6417
6117, 6613
904, 9516
2277, 7109
3148, 8439
4479, 9676
3792, 7206
5733, 8147
232, 2065
3102, 4941
2963, 9321
1721, 4955
5886, 8923
6333, 9628
2162, 3990
4511, 8372
5548, 9071
2249, 7513
3111, 3272
4964, 9671
5897, 9695
90, 6716
5371, 9728
1832, 3690
128, 8218
1943, 8978
3856, 9203
6485, 7645
806, 2091
1707, 6736
2386, 4693
3709, 6102
5593, 8256
732, 1956
869, 7609
1272, 7683
2551, 8336
3386, 7580
1818, 7431
717, 3524
2890, 5061
3281, 9819
806, 4825
2080, 5440
4218, 7407
7116, 9107
1931, 4278
2540, 3298
4045, 4707
5425, 6800
506, 5960
8008, 8457
2753, 3096
7754, 8275
5452, 9427
886, 8425
1351, 7748
1771, 2203
3467, 6773
3698, 9844
3722, 9160
5286, 9133
5410, 9056
8526, 9681
3960, 5696
1705, 4898
1907, 9518
2896, 8372
324, 6270
1654, 3393
3117, 3387
2181, 8600
2599, 7758
4115, 4733
4236, 7894
2493, 6993
4235, 8124
107, 370
3110, 3285
5079, 8324
2070, 9314
5975, 6494
2833, 4590
3326, 9003
408, 7659
2784, 3528
3995, 5723
180, 8826
6701, 8102
2822, 7456
4453, 8206
1715, 1778
4687, 4778
6047, 7515
1737, 8193
1715, 3024
1746, 8501
2263, 5289
3476, 8088
1602, 4573
608, 2389
1565, 8691
3092, 8941
3544, 8680
1036, 2711
1328, 7498
621, 5051
613, 9128
2037, 7944
2135, 9380
3609, 7436
4536, 9666
5043, 8728
9225, 9849
9490, 9996
470, 1034
6629, 7905
6705, 9190
634, 9128
3101, 9597
4975, 9730
1520, 3665
8882, 9247
1028, 9429
1646, 3054
2460, 6494
5353, 8422
6678, 7093
2295, 8310
2386, 8612
3389, 9732
8002, 9368
1544, 4484
5952, 7092
1680, 3765
3714, 9668
5669, 7022
1547, 5891
2056, 3976
2263, 5143
2380, 6642
4910, 6342
1363, 1676
2637, 4257
3016, 6141
1046, 1925
1806, 7186
6353, 8947
7674, 9398
269, 2181
1074, 4681
2270, 6538
4155, 7335
1209, 5170
1702, 7867
3476, 4902
1993, 5099
2260, 9146
4441, 6001
7232, 8896
2504, 8949
7563, 9207
4042, 8777
4143, 5666
4594, 7461
3952, 4226
3055, 4804
4123, 4506
1198, 6379
5511, 8487
5926, 7673
2064, 4952
3601, 3932
5002, 8486
1183, 8229
362, 2113
3695, 5267
5417, 6267
6187, 9311
8044, 9845
472, 6190
931, 2701
4093, 6016
722, 9442
1514, 6504
1859, 7926
3974, 4636
462, 2040
8568, 9082
263, 4459
349, 6590
783, 3419
1951, 8273
2046, 5031
2953, 7475
2967, 5876
3603, 6169
3885, 8521
5882, 7979
409, 6245
3186, 4044
5091, 6829
2499, 3429
2620, 4632
2313, 8105
1921, 9836
3335, 4629
3561, 5396
3568, 8488
5543, 9574
1299, 5662
6181, 9307
3388, 5695
2360, 5841
2495, 9059
3857, 4151
7753, 9297
202, 6479
7071, 8744
251, 5758
631, 6335
809, 7524
1316, 9145
7333, 8212
87, 4869
3783, 7530
7434, 8252
1422, 1717
2029, 7535
2814, 9071
2836, 4283
6815, 9310
565, 9300
2051, 3296
3178, 4510
301, 3814
315, 7547
846, 3845
2220, 3490
3588, 7592
8411, 9122
505, 5876
141, 8524
4287, 9232
4183, 6358
1035, 4104
2174, 4444
4556, 5233
1799, 6266
435, 7725
860, 1691
1897, 5518
5879, 9881
125, 4508
1608, 5176
2267, 7817
3465, 8869
4166, 5370
5617, 5858
6361, 6370
6377, 9169
8675, 9180
1169, 6433
2603, 2657
874, 3286
2315, 6398
554, 5351
1679, 7565
3904, 3967
8054, 8115
252, 1260
1983, 4196
4190, 4410
5540, 9757
7622, 8326
7907, 8499
2339, 4746
5940, 6702
677, 9086
6335, 9745
9133, 9720
2056, 6330
4326, 8058
428, 3719
1700, 9122
1748, 6006
3925, 8509
810, 2897
5045, 6705
3577, 4798
1470, 7565
2668, 7156
1368, 8972
1397, 3385
3048, 9470
5491, 6602
4170, 4973
2701, 7273
5080, 9629
5292, 9389
1276, 7069
1847, 2940
4857, 9240
1677, 9829
5408, 9812
550, 9528
676, 7286
3160, 3743
7404, 8062
6097, 7172
3108, 6799
6774, 7278
1025, 5404
8577, 8674
1810, 3745
2992, 7796
5257, 7578
6887, 8534
5037, 8371
697, 9218
4983, 5797
2148, 2608
3126, 8176
3002, 6467
946, 3960
3557, 6854
6889, 8412
9641, 9716
161, 5932
942, 9143
2018, 9487
2924, 3110
4582, 8559
6497, 6501
8540, 9577
327, 1056
520, 2387
4539, 6397
8427, 8730
3300, 7899
5233, 9992
3297, 3642
3579, 4947
2506, 7734
3621, 3984
4108, 9161
5676, 7341
4591, 9589
5286, 5741
7550, 8801
2652, 3089
5156, 9912
1980, 9916
2817, 9658
5476, 6104
5662, 9080
2084, 8485
598, 1968
1089, 4944
1702, 2932
1655, 6522
883, 7497
1641, 6269
1994, 8452
2092, 6297
4363, 6619
7569, 8635
136, 7470
4366, 9899
36, 1178
1497, 4692
1583, 2801
3782, 8718
4937, 6295
221, 5604
1355, 5933
1856, 3224
6763, 7391
6937, 9565
5652, 7690
725, 8123
2187, 2287
960, 6325
5971, 7318
7697, 8811
209, 5706
837, 4620
2816, 4516
6691, 7278
6109, 9184
3066, 7549
1011, 5638
1319, 2721
2918, 5079
5908, 6132
2804, 9434
4131, 9645
9054, 9363
633, 1236
3773, 9340
2354, 9261
3726, 4364
4639, 7733
5022, 6265
7399, 8965
773, 6066
4679, 6020
8673, 9826
1887, 6848
3457, 9911
3809, 8946
4234, 7510
7830, 9907
505, 7529
749, 4219
984, 9446
3411, 6136
3964, 7824
6375, 8043
810, 2223
5954, 7368
7492, 7625
3622, 7986
4942, 5626
737, 9103
1448, 4292
9241, 9778
1126, 9503
2318, 5806
1978, 9582
2447, 8979
6810, 8177
787, 7204
1550, 3375
1633, 8494
1756, 9032
2170, 3786
2440, 5950
5844, 7462
5614, 5631
2137, 2976
1157, 4820
4309, 7829
5166, 9049
307, 6216
482, 6484
528, 1020
1454, 9223
2020, 6121
4484, 8473
6563, 6608
493, 3575
2897, 9642
1566, 6920
4733, 5330
84, 6925
787, 8722
1581, 8995
1923, 6242
107, 8181
460, 3124
2091, 9693
6620, 7677
6674, 7411
1504, 9580
4233, 8097
6764, 7785
1105, 6436
3649, 3729
4939, 6933
7684, 8668
6268, 8408
6984, 7159
221, 8908
558, 8156
1608, 1832
2883, 3879
37, 3320
564, 5236
3245, 3863
5787, 5817
353, 5591
5410, 6518
5358, 5426
5556, 5835
7288, 7664
1303, 9417
5298, 7399
7770, 9733
1821, 2871
3286, 9989
3333, 6481
8322, 9639
7441, 9526
19, 3832
2012, 5618
3794, 6224
6851, 9436
461, 1941
3736, 5435
4043, 4283
4198, 9897
1152, 3384
3153, 9553
4642, 9774
520, 6230
1134, 1812
2621, 5216
3007, 5845
5435, 6005
39, 524
9502, 9742
209, 6227
339, 9198
2684, 7766
8132, 8176
4397, 8890
4514, 5762
8177, 8822
1009, 3843
2947, 3932
3562, 9644
984, 5891
1327, 3817
2766, 3415
4831, 8031
1106, 5369
1970, 9350
6644, 7846
2199, 4998
3683, 4827
4007, 7938
4026, 4305
9067, 9583
2128, 2701
2348, 5116
4467, 5434
6407, 8252
6479, 7391
1876, 8875
1782, 3041
1114, 1174
5949, 7087
7962, 8676
1870, 7477
3312, 6579
1372, 5907
2015, 8060
8397, 8949
133, 3841
2445, 9013
3323, 5631
8178, 8616
9338, 9986
1153, 8298
1391, 2250
4021, 8876
873, 8329
1219, 9895
1622, 7958
5405, 7759
6137, 8558
643, 693
1980, 7045
2655, 7727
4920, 5003
55, 7101
930, 2387
1504, 9500
3511, 4628
838, 1583
2871, 5467
4029, 6883
117, 2568
2093, 6725
4714, 6274
6314, 6580
8384, 9183
1628, 3920
2420, 3851
9033, 9853
433, 3582
844, 9164
854, 8611
3784, 9256
4216, 4684
6494, 8590
8512, 9485
2211, 3624
3520, 5624
1843, 3691
419, 6296
1676, 5280
2467, 5382
2837, 8451
3925, 9182
4502, 5853
1048, 5391
1147, 9538
6290, 9474
1405, 7613
849, 4326
2582, 6641
3975, 4416
4425, 6162
106, 9374
429, 4595
7780, 7842
9177, 9476
391, 3779
5455, 7558
8240, 8280
289, 5269
1604, 8585
2200, 8552
2855, 7201
4091, 8122
6102, 8203
8797, 9225
3596, 6081
404, 2035
796, 8136
175, 4777
2657, 4306
4471, 6389
8315, 9061
427, 5478
739, 5724
1839, 5611
3446, 7195
4033, 9238
4558, 8528
5013, 7778
5606, 8700
2561, 7492
6379, 9914
8649, 8785
9405, 9702
2524, 4318
5455, 5945
5922, 7801
90, 3751
990, 3001
2940, 7135
5922, 6645
1449, 9832
2772, 9012
4784, 5681
9284, 9548
2106, 4871
1909, 9029
2501, 9102
2037, 3820
6891, 9377
225, 7825
1790, 6048
4333, 6596
8762, 9106
5537, 7668
6022, 7875
624, 3231
6773, 9789
3484, 6808
3973, 5692
4704, 6830
8018, 9511
281, 3872
545, 5487
3684, 3708
4017, 7153
3983, 9047
4249, 9837
5176, 6052
7137, 7436
505, 7715
2181, 9670
6355, 9479
7963, 8571
233, 3670
2546, 7252
3012, 5693
4141, 6103
3825, 6347
1434, 7929
3683, 7140
2592, 9262
1097, 5841
1543, 8298
2723, 9141
4979, 7011
24, 1077
2692, 7149
1061, 4789
4129, 7425
68, 8776
2558, 6733
5932, 6332
890, 4885
1252, 9975
3700, 7290
4358, 8940
5147, 5380
134, 5026
1216, 6399
7202, 9274
1214, 1925
1511, 1779
1595, 9821
1986, 4526
2016, 6636
2602, 3660
8091, 8346
5279, 8050
1393, 3870
3027, 3297
5372, 9871
817, 2890
5916, 8412
705, 1651
1719, 1753
2749, 6485
5029, 8014
550, 4032
2593, 9130
8976, 9022
1788, 2298
1490, 1590
5087, 7290
2078, 8918
4777, 8270
7032, 8477
300, 3794
4666, 4767
4822, 7226
6461, 6908
898, 6643
4448, 7798
7001, 9352
1064, 8912
1376, 1748
5150, 7593
2173, 9254
100, 345
1800, 6009
2423, 4607
6883, 8996
44, 3865
1356, 9387
1707, 2440
2948, 8385
7047, 9083
3239, 8815
3725, 4276
6149, 7706
742, 3657
4332, 8283
6053, 7564
6472, 9525
8178, 9115
752, 4210
4238, 9197
3478, 6539
9886, 9961
293, 4503
2330, 3941
2550, 4211
2674, 4293
4461, 5887
2838, 7981
781, 5463
5500, 9705
7787, 8917
4604, 8579
6556, 8950
1057, 7365
3630, 3820
418, 5866
1462, 3846
2002, 9937
2814, 3327
2896, 3138
5006, 5932
5600, 8073
496, 2930
1999, 6755
709, 5283
3179, 6728
3571, 9216
2389, 2573
90, 4987
1047, 6103
3092, 6718
692, 3116
1138, 2501
2269, 6016
3136, 8137
6749, 6797
8024, 9984
1755, 4296
2005, 3936
2994, 7016
733, 5067
4125, 6297
9055, 9530
266, 5284
1111, 6709
6761, 9864
8663, 9372
8709, 9456
1061, 3068
4107, 9730
6801, 6924
8, 2269
2120, 2993
9485, 9956
614, 3160
3682, 7792
4937, 6436
1342, 4775
6718, 8305
6913, 9450
2081, 6987
7252, 9594
313, 4961
1343, 5449
3758, 5626
3965, 6458
7022, 8581
3104, 8557
1074, 1644
1702, 6039
3840, 8709
2065, 7229
339, 5143
5364, 8065
803, 2013
1825, 1882
4306, 8198
5842, 9570
7475, 9512
1120, 3319
2622, 3420
5530, 6626
1601, 6846
3267, 8379
5695, 9599
9306, 9991
2179, 7896
2720, 3062
3053, 5933
3471, 4214
3910, 9618
596, 1613
1234, 8785
2053, 9770
649, 4844
2842, 7531
400, 3019
949, 6393
4726, 5461
369, 3766
414, 3370
2467, 6934
2963, 4292
533, 1106
3580, 7151
1512, 8700
6477, 8041
6771, 9529
367, 1899
5067, 7506
2243, 2459
7271, 9862
338, 3747
3181, 4260
3621, 8795
771, 3559
1057, 3764
1647, 2552
2359, 3925
2376, 6051
2498, 7625
2798, 4740
3205, 5562
5041, 7891
986, 7032
2245, 7683
5686, 6795
8617, 9598
1681, 6862
2011, 5389
4251, 6444
5025, 5239
3254, 4963
3690, 6483
1968, 8181
5413, 6955
1110, 9881
3157, 4172
3711, 5101
4026, 8178
1257, 9825
1653, 7738
375, 5264
495, 7352
2013, 7322
2545, 4333
4101, 8447
4400, 8774
4514, 7014
6566, 8415
7963, 8001
93, 5123
4389, 6009
5693, 9644
6093, 9744
7435, 9893
9163, 9623
44, 7560
1214, 1364
2159, 9606
3768, 4645
1565, 4663
2408, 8897
3322, 7498
418, 5783
3006, 7858
6064, 7244
6969, 7362
8488, 9696
994, 1418
1417, 2366
3144, 3767
6819, 8640
4008, 8116
6943, 7871
642, 5270
1095, 1609
1116, 5507
1500, 2355
4230, 6612
6100, 9539
1905, 6777
5344, 5519
6775, 6891
1469, 6756
1815, 5875
2906, 8457
4162, 7468
82, 456
925, 3629
4996, 5625
6945, 7063
5714, 7300
3317, 8605
5583, 7182
4112, 4980
4877, 5869
1997, 7211
757, 5958
893, 6891
2161, 8216
1957, 7946
2664, 6266
1869, 2131
3445, 6418
322, 2839
1509, 3014
5173, 9538
5263, 8930
8873, 9993
4827, 8722
3854, 6660
6220, 7923
1394, 2801
9442, 9655
6018, 6985
49, 7811
2953, 9281
4672, 9515
6940, 7285
147, 5726
2034, 8801
2327, 2478
277, 498
4805, 8791
4160, 8801
4419, 9168
8173, 9159
1320, 1547
2588, 9186
5769, 7676
116, 3305
1416, 6327
1552, 9794
5899, 9572
6131, 8347
9, 6461
2072, 7182
2651, 5822
839, 7127
2549, 3685
1994, 5634
3706, 8354
6344, 6492
498, 9024
1431, 6524
2014, 5263
3076, 3173
143, 3509
466, 2494
6399, 8971
4494, 7778
1820, 4668
5479, 7859
1252, 3439
2411, 8494
2926, 9220
226, 332
918, 3403
1931, 3783
2164, 9474
2406, 3984
3510, 8660
8798, 9547
889, 3461
4287, 9974
1705, 2735
2555, 9218
2182, 6470
1420, 8489
1332, 9558
4927, 7792
9027, 9982
256, 3315
2823, 5324
5413, 7441
321, 3074
2504, 6313
4333, 5912
8619, 9080
1292, 4829
2606, 6177
5352, 9655
379, 1382
634, 8254
4062, 6890
590, 7115
1914, 5858
2032, 6284
6440, 9429
7631, 9563
8144, 8398
540, 3437
935, 983
3775, 7075
5698, 6478
7799, 8432
2103, 5719
4651, 5142
8156, 9188
2800, 9088
326, 7594
616, 4097
1463, 7403
4210, 4792
2903, 6218
4155, 7427
4302, 4780
3252, 7867
4274, 5173
4409, 6759
964, 7978
2809, 4626
4185, 6665
1731, 4581
3159, 5001
4812, 5434
6074, 6677
660, 8286
2230, 8480
3041, 3602
2241, 8465
3782, 6787
299, 6329
8006, 9384
8793, 9574
1006, 8403
1334, 7677
1505, 3917
7777, 9955
6603, 7892
988, 1659
3320, 5349
449, 8211
965, 3892
2298, 9740
4162, 4539
4647, 7017
117, 9090
2383, 9119
5638, 7931
1041, 8458
6402, 9438
7821, 9621
539, 9989
1885, 8859
2073, 2705
2747, 7129
958, 3508
2237, 6459
5336, 9140
449, 9469
608, 8524
4092, 7354
8351, 9958
635, 771
4214, 5915
6163, 7201
3470, 4605
7156, 8597
840, 7996
2467, 9531
5232, 7190
7863, 8761
3, 3413
1528, 7922
5926, 5950
17, 3590
298, 9959
2359, 5265
2544, 5397
3073, 6696
3294, 8669
747, 751
979, 6826
1901, 2448
2211, 4030
2914, 3154
2140, 4290
5229, 5814
6131, 8617
6205, 9966
7156, 8601
1813, 6017
4345, 4959
4718, 8139
7858, 8586
818, 6140
3681, 8373
7323, 9256
1882, 8869
4016, 9025
552, 6070
2707, 3291
8810, 9260
981, 7396
1797, 2194
7834, 8464
3258, 3359
1842, 9623
3698, 6233
6975, 8696
3461, 7053
6500, 7182
3834, 9835
4632, 4900
1918, 8149
5497, 8762
6983, 9789
1121, 9786
3024, 5635
3798, 6182
4486, 7147
5301, 5606
6985, 9231
8065, 8634
1738, 3403
3565, 3766
43, 1943
8285, 9797
5116, 7001
1799, 6052
6085, 8741
2354, 4590
5070, 9137
3858, 5899
990, 7385
1218, 6915
3493, 8565
3769, 7916
285, 8351
3749, 4416
470, 7237
27, 359
1484, 8660
2712, 5916
3759, 4199
878, 945
5271, 7948
5484, 7380
7328, 8029
514, 9471
1810, 2624
2022, 7886
3097, 9199
2196, 7921
2493, 9517
5558, 5727
5855, 8315
6880, 7056
861, 1275
3541, 8157
3567, 4472
4031, 6415
4961, 9684
4841, 5597
2393, 4333
7791, 7892
6467, 8673
540, 2181
3593, 6732
3958, 9475
904, 6000
1029, 4414
1456, 4125
850, 6248
1254, 3552
2204, 3487
975, 7013
4308, 5545
4503, 9867
4785, 5287
6334, 9411
2181, 2374
5107, 5322
1892, 9280
2951, 9458
3855, 5120
7936, 8572
97, 7740
5375, 5414
2429, 9311
4773, 6847
3024, 9685
3717, 5237
6029, 7973
6970, 7368
8835, 9101
2873, 4001
1651, 4376
2303, 4574
2446, 3066
253, 9379
448, 5676
592, 1074
2933, 7871
3333, 3742
5749, 6770
374, 7984
6386, 6816
7059, 9541
1328, 6150
2245, 2813
2908, 8733
5822, 9666
6499, 6550
151, 7337
705, 5305
1917, 8046
2804, 3028
3879, 8614
5461, 6252
693, 3947
1579, 1633
4015, 7048
27, 2886
1949, 4242
2427, 8410
6738, 7849
442, 4291
2053, 2890
2228, 7217
306, 6886
874, 5812
1246, 1676
915, 4573
1910, 9978
2236, 2376
4759, 7112
1556, 3276
3904, 9573
5720, 7185
589, 5651
1966, 8371
6912, 7908
8265, 8487
347, 8528
2342, 9426
6287, 9743
7825, 8565
2854, 5470
3623, 6613
4619, 7135
1727, 9710
4492, 7480
1054, 9598
863, 8643
1036, 8231
1617, 2987
2456, 8990
6225, 8790
2793, 5872
639, 2368
1386, 2460
5827, 6841
721, 3646
1975, 4153
6478, 8259
1560, 8641
2963, 9115
3302, 7498
3375, 6857
5538, 6280
7375, 8975
414, 5473
1444, 7054
987, 5933
2547, 5300
3052, 7142
16, 8171
1168, 7000
6238, 9901
920, 5478
1489, 4070
7840, 8515
1472, 2942
1705, 3401
1549, 6629
1642, 7638
2156, 5167
3138, 7059
3250, 8912
5628, 8340
632, 6919
760, 1206
4534, 9835
5602, 8765
375, 9428
400, 7379
2064, 8401
3376, 5629
178, 6053
4781, 8554
6147, 8964
6749, 9543
8534, 8584
1441, 9160
1695, 5299
7926, 7999
1910, 8755
4728, 8538
5999, 6235
7526, 9857
759, 2032
1146, 9944
2252, 6528
2705, 8709
4307, 6581
2459, 4966
190, 6659
7320, 9969
7333, 7464
7788, 9947
1781, 9869
3728, 4532
46, 4467
1576, 3714
3443, 8473
4512, 9753
1093, 7426
2932, 7891
3445, 6818
3701, 7710
144, 6581
947, 6619
1184, 5184
1729, 1816
2052, 9432
5471, 9256
5641, 8999
1653, 8357
1786, 5477
4747, 8910
7299, 9672
3138, 4458
493, 5949
979, 8873
3562, 4348
4338, 6576
7030, 9716
9061, 9171
2850, 4982
3303, 4301
5870, 9826
979, 6970
5442, 9890
259, 2389
4302, 7798
4816, 7082
672, 5763
706, 7866
1713, 2993
2542, 4770
387, 3149
6139, 7837
3456, 5856
6836, 8037
8173, 8373
103, 7705
4568, 5007
4575, 6304
5820, 6552
7200, 9511
184, 7110
4501, 5526
849, 7298
3671, 6404
4138, 7526
186, 9406
272, 7998
3043, 9619
3103, 9560
366, 6260
3725, 4864
8709, 8777
3884, 6523
28, 992
2182, 8283
6153, 6417
2834, 6591
6123, 7135
112, 1292
1643, 4673
2011, 9102
2934, 9081
587, 1544
683, 807
1640, 4778
1188, 8237
39, 5756
1097, 5278
3063, 6889
125, 7662
8758, 9484
720, 6691
1560, 4337
3492, 4679
4784, 5644
4954, 6439
5268, 6993
2577, 9222
4229, 9218
5236, 6969
6599, 9693
6902, 7279
11, 1918
2040, 8081
4666, 7614
5622, 9630
6672, 9257
7005, 7033
1990, 9927
4658, 6059
321, 7627
2818, 3860
4112, 8460
5934, 8702
834, 9834
678, 5892
2478, 6183
4437, 9096
5740, 7431
211, 5509
245, 6913
1334, 1485
1764, 3492
2901, 6153
4254, 8559
1653, 4076
2870, 5633
1050, 8986
1253, 7819
2212, 4356
3777, 8339
7541, 9854
522, 6922
1978, 4345
2593, 9948
8455, 9963
361, 7034
518, 3780
1366, 7134
3589, 4145
4729, 5063
349, 1607
5954, 7125
6687, 7911
7516, 8087
7982, 9907
1249, 6276
4638, 4973
2654, 8107
1341, 4969
2583, 4752
3382, 5369
9337, 9598
2223, 3316
7060, 7660
1269, 1992
1314, 6325
5088, 5849
2679, 5963
5732, 6887
640, 3699
4264, 5011
5068, 5823
6896, 9337
4897, 7237
206, 5026
1781, 6371
4099, 9503
9499, 9999
2772, 5595
7414, 9056
210, 1063
1992, 9523
4419, 4627
8000, 9092
7001, 8284
7202, 8550
2622, 7436
3267, 5600
4104, 8008
227, 291
1226, 3598
1324, 8436
5949, 6494
2085, 8109
3307, 3826
6819, 9605
963, 9252
1555, 3303
770, 5047
1963, 9939
2320, 8235
1205, 3847
4598, 7019
2091, 9429
2575, 6159
5297, 8497
1684, 2411
7196, 8072
718, 5946
3105, 4219
456, 4889
1676, 2001
3366, 8758
3704, 9718
5695, 7680
253, 3420
1174, 7039
3755, 8531
5200, 8227
84, 1922
209, 2035
1607, 1610
2294, 6720
553, 9776
1152, 1846
2522, 8053
2071, 4903
470, 5141
1466, 5236
1653, 8317
2125, 4409
734, 2766
1420, 6004
4051, 6621
5073, 9005
5238, 8422
1435, 1470
1553, 6839
1336, 2279
2829, 5627
4185, 6599
4646, 5033
5429, 7548
1776, 9366
5581, 7987
1777, 7493
2830, 9716
4479, 6506
5119, 8592
1388, 3158
4588, 7365
5704, 6640
6147, 9521
954, 6387
3286, 9612
6606, 9030
7759, 8216
1450, 6295
2692, 4774
4071, 4820
4786, 9026
5180, 9147
1453, 2679
5198, 7973
7323, 8528
867, 2639
1115, 3034
1498, 3150
2278, 6611
3399, 9217
659, 4777
2044, 4444
2684, 6162
1064, 8978
511, 4915
907, 6089
7829, 9618
1366, 7318
8062, 9279
399, 3835
1000, 1817
1836, 4055
3293, 6539
1834, 9817
8075, 8765
20, 6679
366, 3643
1488, 3650
4419, 8659
4696, 5829
6487, 8027
385, 3300
3985, 5918
4714, 7517
3106, 9004
5232, 7875
4234, 9567
848, 1205
2514, 4084
2946, 6741
4342, 5323
7, 7047
54, 8892
846, 3255
1532, 5553
1962, 7913
2094, 6780
3380, 5645
3721, 7269
728, 6975
1233, 1874
2931, 4823
5460, 8834
6546, 7730
880, 8300
1818, 3325
233, 9752
595, 654
606, 8560
5074, 5205
5747, 6281
3623, 5921
5128, 8355
5256, 6539
3468, 3896
6043, 7833
7402, 9323
271, 3973
3179, 7332
1247, 2489
1689, 2680
2110, 3997
110, 1801
6532, 8756
430, 6873
3752, 6170
5335, 9426
5454, 6675
5993, 8767
2139, 2579
5222, 9819
4537, 6064
5939, 8374
6456, 8037
11, 2779
2066, 2635
2843, 3979
3773, 5758
4982, 7806
166, 5718
481, 7293
2803, 3799
3454, 7802
1368, 8906
1490, 8790
127, 748
1454, 6483
1958, 8806
9072, 9537
2774, 7576
3801, 5472
4380, 6544
4927, 9787
6145, 9459
475, 1538
483, 6417
1741, 5239
1777, 3670
5415, 8976
1384, 6563
1410, 5911
1577, 3606
4206, 7748
4316, 5373
1826, 8663
2921, 3094
3593, 9208
4160, 6580
2827, 3143
1522, 9139
2619, 9928
3352, 9507
5091, 9836
7022, 8185
351, 2940
365, 9278
3417, 6669
9002, 9277
1038, 9091
22, 3145
615, 3697
810, 1543
1371, 2152
4104, 5748
4139, 5920
5276, 8900
601, 8797
2275, 3624
2494, 6671
2833, 5341
1793, 8323
2522, 8967
3503, 4161
2991, 5810
5280, 6195
2857, 3014
2857, 4801
3359, 9060
6237, 7418
9335, 9991
8126, 8854
1886, 8889
3790, 9196
7126, 7430
9322, 9519
912, 1116
6345, 7299
1046, 5462
5170, 6701
1310, 8640
1254, 8580
1830, 3476
2973, 8129
4979, 9082
5261, 7398
4933, 7358
4007, 9345
318, 6913
613, 9412
1187, 4777
61, 809
1687, 4078
6137, 9091
1101, 6315
2756, 8422
2785, 5657
7170, 9114
1671, 8677
3355, 8627
411, 1099
3813, 8778
6286, 8451
7380, 9626
892, 2114
1664, 5249
2816, 5988
3650, 7131
4984, 7293
5637, 9856
1136, 9238
2215, 9545
6737, 6968
6828, 8109
1073, 3258
1368, 9120
397, 2247
2660, 7654
3211, 7481
4204, 8807
2146, 9591
96, 6601
2260, 7367
4700, 6081
7520, 8046
671, 1348
965, 5800
4764, 9093
5226, 8878
6011, 7757
6661, 7578
710, 7834
1703, 4931
2473, 7939
1291, 4725
1000, 4124
2739, 4089
265, 2071
3153, 4406
6816, 7647
2405, 2767
2687, 8394
5505, 6277
719, 2086
1688, 8963
7906, 9264
8234, 9820
301, 3715
2068, 3513
4314, 7770
5585, 9770
1143, 5409
2550, 2943
2977, 8994
3039, 3472
3208, 5697
5531, 7027
1585, 9667
4836, 5408
6859, 7338
8856, 9348
2425, 9721
4698, 5307
114, 8056
1324, 6310
5777, 7625
6978, 7104
8789, 9084
5652, 9448
3274, 9608
7955, 9101
2161, 6043
1547, 7509
4717, 9241
7743, 9211
779, 4736
1610, 7415
2456, 3450
4029, 7648
5813, 6016
6752, 9909
57, 1314
606, 7904
1884, 2609
2318, 2968
3987, 8044
7717, 8731
480, 2450
727, 2234
1653, 8605
2574, 5827
4407, 9126
848, 4995
917, 5833
2399, 3186
2904, 6576
4800, 9969
7300, 8238
854, 2976
3424, 6428
67, 5246
3099, 8431
4870, 8721
491, 9989
1749, 9234
3363, 5781
5420, 8460
7753, 9110
515, 3770
6163, 9320
3493, 9801
4954, 7862
5884, 8926
9271, 9371
238, 3420
1818, 8281
3719, 7571
107, 3650
246, 7137
520, 1915
1461, 9904
3277, 9751
3661, 5992
5694, 6377
3326, 9385
3570, 6379
293, 5464
3232, 6098
5185, 9471
489, 2000
993, 6433
327, 393
2579, 6545
8096, 9308
1650, 6525
2324, 4489
4979, 8299
3830, 7531
7037, 9491
9362, 9512
406, 8108
2755, 9271
3403, 3642
3520, 5720
381, 6360
40, 1655
5236, 8881
4281, 8450
692, 7944
1320, 8469
3747, 9786
1797, 3878
495, 6490
3348, 7784
4852, 9895
3612, 4962
1819, 4902
2742, 5806
2900, 3031
4739, 5819
5166, 8271
939, 2147
2227, 8002
2993, 5069
3719, 8169
6410, 7889
3071, 4419
4368, 7110
4533, 6147
7523, 9772
1118, 5013
2342, 5446
5021, 9684
2893, 6339
694, 6519
2238, 3125
2432, 8762
1314, 9022
2249, 3868
113, 3239
4439, 7998
5419, 5496
332, 9251
5815, 6065
5832, 6444
1275, 6683
2323, 5961
3500, 5454
286, 8321
1799, 2388
4307, 5404
4699, 9787
5490, 7754
560, 9214
217, 9840
2048, 9580
3070, 4709
4256, 5104
9304, 9409
2099, 9151
2659, 9232
947, 5951
1918, 7802
2947, 3862
157, 8936
1370, 8706
6363, 8448
990, 5295
2460, 2875
6409, 7267
318, 1062
3080, 6615
5066, 9925
5552, 8156
8195, 9634
8410, 9569
165, 2393
177, 1652
1988, 4026
3341, 9077
5190, 7738
5912, 8268
5990, 9741
6067, 8517
1901, 9955
3086, 9185
3859, 7409
6715, 7678
1087, 7031
7137, 8564
7167, 8697
7935, 8413
718, 791
954, 7047
1602, 4906
4154, 8330
4433, 6061
119, 7027
2421, 7544
4418, 6525
7337, 7972
933, 6854
2329, 7092
2447, 4679
3952, 9471
4386, 9182
2050, 2892
4059, 6827
4700, 7223
1886, 2636
1974, 5728
8335, 8586
3030, 5945
6060, 6432
1065, 2594
1986, 6306
2104, 6223
3417, 3777
2028, 8043
4583, 9795
5622, 7027
7666, 8040
261, 3316
2542, 6559
4550, 9562
5547, 7036
5974, 8686
7900, 9417
623, 6211
3546, 4317
3939, 9198
4241, 5467
4973, 7284
1763, 4319
2089, 4061
2779, 5695
3310, 8839
4968, 9098
7755, 9066
455, 5461
1410, 4503
2437, 9982
4396, 6970
7891, 8793
397, 3059
1563, 8003
1570, 4322
2163, 9757
7555, 8731
9473, 9854
4008, 8331
5918, 7803
6366, 6733
1391, 8706
1506, 4812
5383, 8777
6084, 9583
1882, 4829
2981, 7745
4032, 5007
4650, 5531
4125, 8273
1539, 4969
2332, 8888
2557, 4893
9503, 9856
1139, 8528
3010, 4944
5388, 7553
5731, 9593
1560, 3633
2561, 2984
3167, 3985
6195, 9567
930, 3578
1356, 7305
3927, 8254
4339, 7776
9847, 9984
51, 9967
406, 4902
7307, 9747
7621, 8647
4704, 8102
453, 7344
1186, 5150
733, 6447
929, 2643
4641, 8383
114, 4813
1996, 6529
2286, 3171
3100, 7073
2279, 5370
3169, 5348
5146, 8048
5897, 9716
2649, 9747
2579, 8947
4674, 5758
679, 8845
3539, 9110
7764, 8172
4795, 5531
1230, 3117
4231, 9089
4869, 8191
15, 133
1190, 7314
1390, 8687
6665, 6995
2755, 2906
4051, 4830
4196, 8071
399, 2786
436, 5684
1085, 1950
3151, 9792
3494, 4786
5760, 9203
8495, 9195
7542, 8331
2212, 8784
2870, 6350
4391, 7517
65, 4067
463, 4028
1972, 6500
1974, 8453
3117, 9170
7520, 9058
205, 3690
2073, 4895
4449, 9166
5496, 5878
1265, 7986
1664, 1900
1801, 5089
4690, 9908
8017, 9820
1700, 6839
5223, 8735
2708, 6091
265, 687
1938, 5856
3871, 4587
275, 8235
458, 6623
797, 2009
3411, 6279
2198, 6749
6946, 7381
1022, 5541
1544, 3231
3046, 4020
6759, 8787
7279, 7427
861, 2318
1316, 2022
526, 5050
1185, 8980
1905, 8645
302, 6421
743, 1837
1632, 9153
2604, 6215
2860, 3212
5602, 9196
5851, 9131
935, 9506
4032, 8423
6702, 9461
2246, 9135
201, 5200
4242, 8715
3897, 6987
6030, 9436
7074, 7307
8248, 9201
4598, 5356
796, 2003
3843, 6640
5062, 9096
2211, 9714
1186, 8748
5589, 6785
7711, 9403
6252, 8616
83, 248
849, 6367
312, 3549
1606, 8521
7533, 9473
1465, 9097
5185, 9769
1309, 6264
7512, 8652
816, 3138
1439, 3082
1961, 7960
5183, 9507
6692, 7402
3460, 4751
1559, 9790
3589, 6016
3996, 6870
4620, 8836
3345, 9795
4278, 9909
1034, 7629
2550, 5089
4279, 7912
126, 239
893, 5775
2807, 8476
189, 9842
4481, 8213
7763, 7867
3154, 8365
3551, 7137
2974, 5001
4262, 6932
3057, 7586
4663, 8981
943, 7340
5631, 9775
6237, 6816
6857, 9199
2235, 8845
2719, 8114
1647, 5111
1817, 9254
1941, 8849
374, 1019
815, 6428
4029, 9282
8117, 8845
1272, 5123
1453, 6869
5195, 5554
276, 3576
2101, 5526
4124, 8239
5949, 8579
162, 7018
880, 6376
2608, 3731
4290, 6611
3120, 4679
59, 2159
1019, 4121
2997, 5523
5386, 5710
7096, 9011
2090, 3835
1430, 1755
1904, 9419
2176, 4839
4528, 8885
6824, 7297
1110, 6539
1482, 9055
120, 7369
3453, 5267
105, 4584
410, 7589
999, 7405
1464, 9386
1797, 5000
5493, 7327
8446, 8676
8937, 9967
958, 2247
1925, 4873
4145, 6988
4161, 5220
5880, 7515
2594, 8298
4259, 6494
9150, 9942
2351, 4469
5100, 9829
128, 6284
1268, 8432
1818, 7142
2062, 8738
686, 3914
6924, 9554
1735, 6571
4649, 7600
5122, 9634
6608, 8689
5087, 7986
8281, 8898
1387, 4569
1596, 2037
1796, 5322
6427, 9217
9238, 9426
107, 6824
822, 3028
5191, 7939
257, 2283
1733, 6563
1664, 2199
60, 1399
863, 1459
3918, 4069
4422, 6979
3129, 8506
6297, 7575
1296, 5569
2153, 9038
3689, 9100
4936, 9041
8124, 8550
482, 3138
1280, 2933
3907, 5432
4182, 6606
140, 2238
3982, 4355
4079, 8180
5600, 6752
5335, 5439
932, 3677
5915, 7004
1104, 1175
2878, 4678
3258, 6886
6294, 6923
3059, 5530
8911, 9730
2146, 3123
7026, 7098
2036, 7238
3848, 4764
4178, 6154
876, 8967
2789, 8708
5957, 8601
3179, 6134
2432, 7315
2192, 5953
2588, 2748
9201, 9447
9718, 9949
3664, 9034
5423, 8203
6549, 6567
285, 9315
2345, 7492
5140, 5153
438, 8006
3081, 3404
4369, 8680
1192, 3707
3627, 5327
4848, 7442
801, 4873
2643, 7656
497, 512
623, 6404
643, 2675
896, 2129
2392, 3932
2768, 3798
1109, 3902
6992, 9688
3073, 8241
5241, 8785
6585, 8338
1759, 3316
8704, 9433
1424, 9284
2571, 9782
243, 4386
1449, 9403
1616, 2472
875, 9261
3948, 9382
91, 5349
2966, 6474
213, 1628
5726, 7590
23, 4805
1438, 1784
3326, 5965
2762, 8611
2770, 3436
3075, 8871
5066, 8503
89, 8172
1712, 9086
3374, 7706
4477, 7322
3396, 9720
3298, 5205
3949, 4212
5184, 5328
1401, 9717
1804, 6014
5667, 6587
901, 1034
1292, 7190
1445, 7608
1833, 9735
2083, 6312
1763, 9012
4436, 6679
9458, 9878
247, 2184
623, 5185
1093, 4318
7542, 9872
309, 7828
1145, 1734
1232, 4349
3577, 7177
4056, 4492
4092, 6097
4589, 9460
4963, 5127
5505, 5552
302, 2153
452, 6366
1917, 9099
2098, 9277
2715, 5284
1480, 8551
4990, 9405
3835, 9328
1785, 1933
2814, 9372
3197, 5042
5767, 7792
9050, 9981
1672, 6558
1720, 5543
2523, 9886
2953, 8471
4491, 5424
5196, 9501
9595, 9998
2456, 4554
7349, 8985
7929, 9860
1503, 6756
405, 4494
1213, 2634
1271, 6036
2702, 2800
2986, 3206
637, 9597
4673, 7156
5736, 9216
139, 9510
3751, 9980
6585, 8317
450, 2013
5922, 7859
4713, 6733
352, 4953
1110, 2854
1707, 2389
4602, 9591
346, 4635
2056, 9054
3539, 6406
3941, 4258
4689, 9177
4898, 6300
736, 1596
916, 2568
3189, 9544
5365, 7297
3210, 4147
355, 6293
453, 9430
4358, 8502
366, 8231
4564, 7367
8742, 9081
2711, 5932
4425, 6292
5644, 8557
6244, 7837
1548, 6760
3566, 5273
4397, 5794
5317, 9286
6187, 7653
7567, 9861
2490, 2837
3158, 3802
3210, 5608
4927, 9222
4933, 5077
5607, 8099
1698, 5741
2788, 4356
2962, 5797
3582, 7362
3679, 4111
832, 3179
3651, 9484
5706, 9832
5965, 7124
3469, 7768
3304, 4226
4923, 7343
7278, 8553
2222, 2683
7199, 9571
7234, 8904
464, 3860
1439, 1579
2357, 2633
3650, 8579
1928, 5145
4649, 7427
4682, 8605
250, 5153
2324, 3785
6413, 8361
7406, 9170
8354, 9850
1319, 6230
4501, 6789
319, 6934
1011, 5665
1675, 6008
2670, 6173
4363, 9011
1121, 8232
2259, 9767
4819, 5926
281, 5238
1378, 8086
282, 727
4166, 7855
6771, 7759
963, 4883
1863, 2136
2353, 5908
3621, 4451
7441, 8561
590, 1252
3373, 9828
8686, 9792
8650, 9418
2115, 4491
3637, 4324
3853, 9258
3935, 6686
1162, 2457
5746, 7280
5092, 6756
577, 7319
8607, 8908
291, 7628
897, 8769
1135, 2551
1471, 6452
3754, 7563
5058, 5999
4928, 6564
5883, 9460
5113, 5706
8509, 9886
795, 5393
3374, 6837
2719, 2916
1571, 5281
5838, 7372
4, 978
554, 7710
1120, 8216
472, 2540
3347, 6829
8719, 9184
2466, 3950
5524, 6439
1827, 8660
3972, 9547
152, 350
1906, 7222
3909, 8350
7814, 9232
1714, 2086
3484, 7877
8820, 9886
2199, 5196
3990, 5270
2053, 9295
4576, 6786
1255, 2075
1259, 4057
750, 9466
2734, 4609
2870, 3639
6102, 8397
9301, 9723
390, 7655
3478, 3738
7425, 9440
289, 2544
1723, 9777
4020, 8132
4117, 5442
5290, 8088
6711, 8876
8898, 9147
832, 5395
4577, 8728
5090, 9262
6709, 7962
6808, 7960
1, 7279
1458, 9009
79, 6037
2116, 9829
5492, 5966
1529, 5087
6485, 8403
1027, 5213
1553, 6648
2000, 6318
4776, 7246
415, 4865
5405, 6390
2571, 5592
3607, 6375
460, 7220
2099, 3883
3534, 4392
539, 789
564, 2490
3695, 4917
3749, 4916
5440, 8139
6130, 8904
6264, 6350
8474, 9838
577, 3024
3711, 8742
4267, 6136
5881, 5899
1038, 8885
3202, 5091
4870, 8805
613, 8551
1543, 7261
2633, 8020
1445, 7306
3895, 9916
4332, 4455
157, 3909
274, 4766
3187, 3265
3472, 9879
5048, 6113
1938, 6316
2503, 7134
4286, 6187
4812, 4961
362, 1414
633, 7822
1854, 7220
1121, 2299
2226, 7802
6053, 8011
1979, 9975
2310, 5689
2479, 2802
2648, 2920
5197, 5880
8871, 9473
1811, 5915
4134, 7540
5860, 8474
2210, 2651
3567, 5513
5199, 8435
576, 6912
753, 4681
252, 5045
1752, 2979
6907, 7315
8104, 8484
392, 1499
946, 2431
3357, 9386
5114, 9675
3464, 8861
4151, 5033
5057, 5431
1888, 4679
728, 8368
2386, 3073
1699, 3065
5224, 7643
3738, 8296
1175, 6881
1243, 5369
6075, 8495
5839, 7410
221, 1559
1272, 6670
3749, 5398
3837, 7324
4581, 4719
978, 2989
4264, 5435
4844, 8730
5830, 7380
6931, 9599
7040, 7252
5150, 6173
2119, 6349
4323, 6257
28, 3228
1845, 7370
3423, 9555
2341, 9217
3022, 4076
3169, 4065
1315, 4359
2117, 4675
4572, 5779
5134, 9648
816, 8305
2854, 2887
4221, 6336
1629, 3149
1700, 9430
2313, 6167
4593, 6166
1274, 1815
2613, 8508
2888, 7041
4359, 5492
249, 6240
6539, 9096
6082, 6637
3307, 5395
3317, 8230
293, 2725
4114, 8274
18, 8557
236, 5572
3898, 4833
4770, 9791
1295, 2179
4066, 4807
6720, 9805
6620, 8422
7373, 7922
696, 5805
6038, 6466
8400, 8835
751, 6422
1281, 7774
1738, 4802
2727, 4468
3635, 6794
483, 3323
1336, 3258
4007, 6902
7441, 8295
429, 4704
4367, 6472
5084, 8523
7277, 9711
224, 5041
258, 1780
737, 9738
1052, 8441
7410, 9047
392, 4571
1183, 7318
1945, 6740
3319, 5039
1420, 1501
1621, 7045
2765, 5446
61, 9788
2302, 9610
3512, 9945
4152, 5580
4203, 6605
5355, 9127
2598, 4274
4120, 4750
1098, 6293
2277, 3510
2297, 5556
5447, 9696
1149, 2326
2912, 7466
3807, 4838
2176, 6564
5158, 9358
1975, 7402
3680, 4199
3995, 5766
4311, 5339
6518, 9299
5165, 8551
5413, 7810
253, 2337
1325, 7899
1931, 7265
4892, 8075
2166, 5692
154, 4075
1007, 6250
4388, 8661
7623, 7631
2523, 5207
1488, 7273
2683, 6006
5606, 8650
204, 5811
531, 6042
1225, 3571
2525, 3489
1622, 5254
3323, 6856
4669, 7657
7379, 9583
7657, 9184
666, 4900
3987, 7314
5663, 6907
2226, 6666
5308, 9976
6683, 8302
7779, 8043
1214, 6246
2585, 5363
3516, 5990
942, 9960
1617, 6439
357, 1247
3788, 6610
5155, 9145
101, 5884
323, 6671
2768, 7680
2984, 7576
3144, 7669
1029, 9396
5649, 7489
4288, 4498
6295, 8922
7491, 7911
1307, 4521
2171, 7937
3136, 5439
3878, 8591
8099, 9784
3430, 8342
7646, 8786
8457, 9089
6915, 7474
1247, 8732
3740, 9785
4582, 6288
7274, 8475
1426, 9489
3785, 6900
582, 794
2945, 9422
4623, 5721
6188, 8369
6873, 9950
3522, 7941
7455, 9071
497, 1861
846, 7010
2441, 9468
47, 9747
2575, 6847
6797, 9207
1844, 2031
1955, 2481
2055, 5000
4329, 5208
3024, 7599
301, 7001
677, 5934
1731, 2345
2398, 5133
4540, 5889
4903, 9779
5202, 7679
1855, 8805
2757, 3265
589, 9538
1360, 6328
7155, 9495
1554, 7875
2620, 6982
6819, 9552
350, 1717
994, 5051
2599, 9455
4916, 9254
4605, 9945
5803, 8012
6468, 7133
627, 3897
1396, 4694
6111, 7984
1752, 4204
7422, 7883
1251, 8116
6470, 9575
4672, 7534
657, 9107
6422, 7174
7378, 8441
3571, 6853
515, 9746
1345, 1924
3068, 5029
2043, 8140
4755, 7902
241, 851
5550, 5647
4004, 5882
6799, 8462
7134, 7370
551, 9012
2572, 9298
5250, 9866
2182, 2823
6021, 6116
1108, 9877
3158, 3939
195, 6905
1282, 2297
2802, 8783
3839, 6319
552, 9823
4403, 9568
1209, 6662
4187, 8865
6225, 8423
281, 9591
1120, 6062
1134, 9392
2967, 4818
3185, 6807
3614, 5213
2283, 8915
2557, 3013
5373, 7346
1395, 3039
8398, 8444
3880, 4695
3131, 4081
5963, 6100
7123, 8071
9758, 9792
534, 9015
1851, 3517
2947, 6629
3356, 8158
3615, 5260
1410, 3020
3383, 7344
4297, 9222
6203, 9170
415, 2946
1202, 6186
2056, 6670
4336, 5255
561, 2293
3127, 6277
3466, 7109
4363, 7469
3300, 9611
3890, 9038
4166, 5522
2714, 6458
3279, 5899
1798, 3778
6456, 8229
136, 338
8575, 9165
47, 1754
1307, 7527
18, 2601
539, 2628
4059, 8527
3256, 8245
3437, 6493
3192, 9519
306, 1741
605, 1416
3800, 8995
6366, 6735
8055, 8679
5898, 9157
3404, 5949
1620, 7385
2660, 9701
3340, 9958
6392, 9301
561, 6042
914, 2886
2441, 8514
636, 6476
6075, 6276
929, 6484
1794, 5462
3410, 5278
3706, 7872
5600, 6286
6013, 7693
67, 2722
685, 6343
2585, 5064
2734, 5316
210, 6808
5167, 6287
7405, 9824
848, 9762
2601, 9238
5043, 8337
4144, 8530
601, 840
1748, 9131
2749, 8805
6048, 7806
9861, 9977
2712, 4683
430, 9652
2125, 7620
113, 3764
666, 3837
893, 3604
1775, 9413
4499, 6004
2895, 3698
6684, 6935
4981, 8977
679, 1870
1395, 9107
2838, 7513
5842, 8099
2195, 8779
3927, 7426
3935, 9311
294, 1854
1075, 1863
4878, 8955
887, 6785
2329, 9455
1397, 4715
5801, 8628
1157, 1325
1967, 9845
2118, 6595
5802, 7049
986, 7350
1763, 2587
2007, 9851
2959, 7460
1370, 6201
3427, 7665
6084, 6274
1454, 2578
1552, 6522
2561, 6202
3014, 9868
3713, 5142
4019, 9268
4533, 6505
6478, 7220
286, 2900
377, 9580
1408, 8061
1779, 7243
4232, 8901
1012, 7137
196, 565
1247, 4826
3179, 9981
4043, 5645
4215, 7125
4689, 5191
3182, 5209
5836, 9547
6886, 7473
3872, 4221
4157, 9239
1206, 7061
1958, 4791
3009, 6363
331, 7905
1881, 3940
7, 6351
957, 1258
3046, 8765
5824, 8524
428, 8547
563, 6334
1212, 5917
1507, 2221
2252, 9232
1627, 3896
1678, 9976
7362, 7725
1979, 8531
4918, 8366
2874, 4667
3275, 8284
4806, 6206
6386, 9813
2337, 7902
3330, 7248
6845, 7924
5205, 7910
5627, 6629
421, 1034
523, 627
6463, 7211
2747, 6276
6820, 9383
345, 4202
2624, 6593
3663, 5909
127, 6713
801, 3403
3068, 6933
3613, 8471
6874, 9333
1191, 4466
6197, 6480
613, 9912
1812, 6185
6578, 9927
5043, 9017
9286, 9566
8556, 8745
2373, 4576
3607, 6278
4459, 8961
7924, 8443
2356, 4927
1607, 8123
4721, 9688
8483, 9297
7504, 7909
428, 4632
4113, 7452
6519, 6700
6919, 8772
3948, 7471
4352, 9375
5202, 7077
2044, 2081
3620, 4400
4429, 7198
3028, 7045
8260, 8604
389, 4699
1656, 4011
4275, 7102
1538, 9214
2879, 3993
269, 7891
1508, 8070
3858, 4972
4197, 5466
4893, 5399
5555, 6138
6527, 8135
2853, 9334
5965, 6248
640, 5869
2314, 7784
2198, 5660
2861, 8093
7551, 8990
2491, 3752
3529, 7224
3850, 5767
5710, 9710
1363, 6281
1217, 4052
1770, 2835
166, 6466
4403, 4575
1162, 3436
1217, 5092
3829, 7661
3885, 9374
5567, 6667
7203, 7482
494, 7798
3332, 3442
1917, 7589
2552, 6476
220, 7019
268, 5391
6922, 9020
2274, 9848
796, 7022
5656, 8826
1924, 9428
2841, 9713
1887, 8240
6691, 9796
117, 433
1824, 8931
4341, 5930
5826, 7167
5968, 7003
2031, 2390
7620, 9272
771, 4816
2115, 6230
255, 1011
1124, 1338
5859, 6711
7892, 8508
1263, 4176
1625, 8906
8934, 9988
3905, 6945
4266, 5322
4933, 8270
377, 9489
3002, 6649
3636, 8615
4145, 7718
8529, 9469
1176, 1606
2581, 5260
982, 5647
1123, 7952
3192, 3594
643, 8313
2954, 9114
1425, 5420
3614, 4755
4236, 6816
5887, 9237
6199, 9136
8192, 8335
8646, 9224
4047, 9042
659, 8168
3115, 6564
483, 986
1347, 5726
2102, 5326
4461, 5757
7500, 7580
1002, 7032
571, 2291
1420, 1444
7258, 8754
179, 7388
1658, 2430
3144, 9669
4204, 8696
5607, 7071
267, 1034
1954, 4808
2558, 6441
4724, 5395
5586, 7108
7173, 7930
202, 9811
1057, 6959
3585, 8649
2502, 8937
3572, 9303
81, 2319
3270, 3939
75, 3784
2891, 6540
3130, 5040
136, 6544
3421, 5555
6130, 8621
6595, 8485
4830, 9279
8040, 9446
1879, 8347
6449, 6484
113, 3427
3577, 9829
2870, 5271
56, 6269
611, 7974
5719, 7573
6777, 8705
6857, 8147
6180, 6404
898, 3571
4035, 6688
4655, 6897
6251, 7347
8477, 9560
2044, 4182
6097, 8555
472, 2338
4678, 7930
182, 6888
338, 9010
3144, 7573
3702, 8254
6369, 7451
7045, 9247
14, 472
4076, 9848
4171, 9157
4440, 7379
5093, 5790
8725, 8800
452, 4787
2093, 2836
3017, 4188
3719, 4940
4991, 6626
2217, 9486
2742, 9009
3816, 8950
5182, 6525
5255, 7032
8364, 9459
1921, 4992
5150, 9701
7587, 9384
9574, 9739
2668, 3862
3066, 8448
3336, 7056
527, 8280
5134, 9880
4809, 7100
4992, 6935
317, 6108
2681, 7144
2880, 3669
5628, 7699
2040, 8932
8457, 9701
2714, 3374
4175, 6668
4292, 8247
536, 6902
1601, 1672
1852, 7499
5193, 6580
5344, 9119
4394, 5695
4996, 8387
5264, 5833
822, 3122
7884, 7931
2620, 9512
4614, 5594
6355, 7524
3380, 6954
5824, 9489
365, 4454
1395, 9443
2331, 5018
3242, 6681
5432, 5800
4748, 7139
9025, 9221
548, 4265
2903, 6811
3108, 7297
4972, 9245
2557, 5684
2883, 7487
6435, 8529
111, 1676
1325, 8098
1924, 2327
2015, 5547
2667, 5771
3072, 6209
5852, 9122
2764, 3135
3453, 7910
5328, 5786
6414, 9946
2137, 4950
1165, 3754
2154, 4396
3047, 5555
3111, 9659
3755, 6696
775, 2380
5310, 6277
1639, 3097
891, 5674
1501, 3155
1866, 8368
3995, 4680
4586, 9998
164, 1053
1467, 4956
2487, 5388
32, 4373
753, 4665
757, 4309
1512, 8671
3206, 4659
3585, 4358
6757, 8082
1741, 5367
4128, 8605
5615, 9050
6180, 7253
7391, 9368
1103, 3296
1864, 6283
826, 7807
1408, 8331
4357, 9209
1610, 4429
2099, 9367
3468, 9146
5847, 8915
8435, 8480
3208, 8520
4330, 8618
911, 4316
1153, 1670
3861, 6758
5569, 8239
4514, 6184
5046, 9683
1443, 1518
6851, 9225
540, 5296
1483, 6168
2731, 3991
4917, 8247
1203, 9838
1796, 6170
218, 3491
5310, 7160
6500, 6935
313, 5193
1348, 3750
2364, 8928
3948, 9584
4672, 5994
6942, 8961
573, 9158
3598, 3688
5966, 9164
898, 9481
1843, 8252
1617, 4287
2329, 9210
1188, 7094
1519, 5715
1643, 9359
3106, 3180
3129, 3871
5373, 6349
5924, 6829
120, 9150
286, 3543
5037, 7817
6055, 6961
2370, 6392
3687, 5167
5013, 6950
5076, 8716
4996, 8084
7425, 7716
2460, 3083
2672, 4840
3004, 9555
4903, 8883
602, 3185
4165, 5348
5531, 9249
6637, 6993
9058, 9795
215, 971
2245, 3720
2813, 5887
5698, 6689
6281, 6473
160, 8127
2664, 5468
3724, 9991
4202, 9622
7175, 7439
9170, 9640
655, 4050
1615, 4443
3160, 8223
5895, 9759
1105, 6739
1008, 9182
1368, 8635
2493, 9155
4576, 5671
429, 6968
680, 1502
1464, 1576
2198, 7149
3065, 3126
863, 3432
1487, 2801
3073, 5066
5109, 6791
72, 8840
1024, 3572
6047, 8315
3379, 4471
6446, 7519
7424, 9028
1825, 3029
3081, 3155
3591, 3702
4426, 4775
5262, 7151
337, 6582
625, 3279
2297, 4983
2532, 8469
3057, 7639
3263, 7233
3744, 8614
5653, 7876
70, 8039
197, 6210
2296, 9215
8501, 9023
1305, 9292
3066, 3749
3521, 9833
27, 3054
4068, 6132
1276, 6890
2780, 7879
4061, 4588
3429, 6405
1224, 9920
1723, 6840
3868, 8515
5011, 7907
593, 2083
1986, 4587
2349, 5974
184, 6694
763, 9246
1654, 5881
5394, 6533
1214, 5752
2846, 8063
4597, 6341
5736, 6879
1502, 2586
3643, 4101
8072, 8742
393, 1302
1707, 6932
5683, 8941
139, 2437
1134, 3564
4052, 6457
2408, 6935
2884, 7874
7725, 8458
1448, 1821
2363, 2584
2509, 5958
5212, 9804
6526, 8318
992, 4379
1652, 2021
6592, 8011
101, 8460
1302, 2539
3540, 3809
4437, 5471
5827, 7938
2935, 7904
3211, 7818
7470, 9822
576, 2212
567, 6986
1927, 8994
1012, 4809
3881, 5323
609, 1874
3789, 9940
6606, 9364
1764, 9842
3009, 9243
744, 1122
135, 6875
1020, 4449
4361, 7460
1016, 2649
3506, 7476
7689, 8730
332, 7235
2851, 9133
4714, 5981
8971, 9230
457, 7437
676, 4541
732, 9145
2581, 6369
4008, 9086
5272, 9126
1230, 4451
2342, 4381
4176, 4495
5310, 9726
6049, 9458
2146, 9032
4430, 9262
1199, 8607
1512, 2791
2330, 5321
2524, 6702
3455, 5621
7348, 9873
8105, 8709
9188, 9815
1252, 8409
1825, 6284
3605, 7856
1547, 6659
911, 6204
6984, 9305
2325, 8225
2762, 5231
237, 809
2793, 5959
1939, 8496
3944, 9906
8982, 9839
5071, 8925
7736, 7827
696, 9742
3669, 4812
1153, 5341
3391, 8009
4207, 9964
1381, 4230
2942, 8976
4046, 5342
5431, 8720
6517, 7380
7846, 9705
3295, 3892
7951, 8931
2710, 8716
6372, 8154
289, 989
569, 9854
3843, 8765
6483, 7506
1794, 6533
2479, 4158
695, 2212
2749, 9523
2905, 7151
3728, 6375
3033, 9802
3461, 6767
3670, 5939
811, 1491
1479, 5768
3637, 8078
8007, 8044
6235, 7221
154, 972
1438, 7109
2351, 4767
2821, 5121
4243, 7537
5034, 8964
6680, 6805
5280, 8977
5673, 6762
452, 1826
822, 1699
1334, 3823
2205, 4410
4020, 4205
24, 3376
67, 2947
4130, 6615
127, 3944
1622, 4151
2467, 9620
59, 9393
5116, 6358
9196, 9591
2637, 7465
1749, 5850
3415, 6874
6589, 8248
188, 1248
115, 8343
241, 355
714, 1898
4382, 6234
23, 9572
3708, 9946
4977, 5629
1722, 3499
2413, 8872
5171, 6809
5456, 9015
1441, 8303
1944, 7851
2179, 3628
6727, 7051
8780, 9464
4411, 8454
1128, 1702
2132, 5492
3435, 5692
4251, 6651
1588, 4334
2169, 9524
2802, 6370
7257, 8544
3551, 4485
5436, 8167
6982, 7445
8083, 9978
3611, 5577
792, 5724
2756, 9814
3011, 8992
3026, 9505
4068, 4751
36, 8441
243, 5256
1505, 1803
2774, 4824
2042, 2083
497, 1838
2929, 5946
3001, 6814
6924, 7283
1436, 4609
3725, 4748
9088, 9928
2692, 6680
3833, 5894
223, 7270
3490, 4028
4581, 7954
4720, 6222
1157, 9968
1828, 3180
5880, 9526
7799, 9254
270, 9096
1395, 1680
2662, 7384
3415, 5501
4798, 7254
2093, 6780
4338, 4703
5051, 9652
6810, 8071
3829, 8937
6668, 7677
30, 1519
2484, 5613
1943, 6922
6319, 9505
3, 694
692, 9647
113, 6546
1236, 8217
2351, 7669
3811, 7162
5629, 8565
798, 8481
1640, 3758
5033, 8194
8668, 8893
672, 8243
8150, 9451
88, 4649
1933, 5317
7857, 9984
292, 4997
986, 4603
1178, 1372
6975, 9537
8, 9402
717, 8278
900, 1022
4315, 6029
2389, 4653
2693, 7051
547, 3264
2161, 4126
690, 6416
2296, 4254
2992, 7313
3352, 6720
889, 7096
2984, 6115
900, 8859
2012, 4848
2446, 8389
3523, 5764
6679, 7856
8657, 9460
1145, 7868
4845, 4908
1407, 8611
4092, 4854
5322, 9856
7842, 9905
732, 8431
309, 9669
463, 1888
6066, 9992
4018, 9878
2394, 5706
2769, 4982
3069, 9135
4071, 7669
647, 2702
2096, 3139
6562, 7050
7834, 9999
600, 2571
592, 6520
793, 6936
1756, 6261
2413, 8627
3169, 9880
3760, 8863
551, 8050
862, 2909
4806, 8182
6040, 9864
861, 4146
2883, 4765
4805, 8122
810, 9974
1733, 9041
2900, 3355
3559, 4219
5520, 8923
9466, 9770
5367, 8997
1057, 7104
5432, 9541
402, 1028
2519, 5119
3155, 6600
3994, 5108
197, 2125
1310, 5469
3273, 7047
2820, 3972
380, 4116
4561, 8481
4755, 9949
779, 5877
1449, 9732
224, 1147
740, 2398
1354, 2986
2386, 6928
1879, 3247
2136, 4548
2872, 3450
3191, 7425
1450, 3244
2934, 4436
4966, 9877
5010, 9210
23, 173
5892, 6445
525, 5856
1817, 5652
2998, 5598
4129, 9101
6539, 7441
7105, 8473
79, 6314
708, 4219
485, 7975
3721, 6612
4624, 6957
377, 5904
7203, 8681
8057, 9878
689, 2778
1609, 8486
2555, 8897
59, 5991
718, 3137
1083, 2659
2992, 3982
3099, 6567
4289, 7940
3690, 6657
4946, 7827
1178, 9132
3740, 6044
5581, 9665
7551, 7553
1440, 1889
7384, 8288
7670, 9688
1466, 9641
1973, 6650
2164, 8442
3402, 6093
8723, 9105
3550, 3827
4869, 5527
1872, 7269
6504, 7586
1600, 7679
266, 5579
438, 6433
1163, 5293
2410, 7480
1597, 8229
4983, 5013
8589, 9809
7754, 8126
848, 6714
7723, 9429
7057, 8859
3508, 5500
1675, 8776
3971, 6199
4558, 4635
5331, 9921
6230, 9983
8028, 9165
1107, 1561
7200, 8137
1716, 9880
3091, 9394
136, 6816
3491, 8541
4867, 9511
3190, 8116
638, 1099
1703, 8644
2836, 5083
2984, 3504
3831, 4726
5801, 9741
147, 5631
646, 1550
641, 5201
705, 6938
3239, 7092
4445, 5602
1499, 8991
2921, 4701
4185, 9689
4297, 7655
9081, 9161
333, 4677
1137, 8676
1199, 3144
1368, 2820
1014, 6022
1396, 5139
1589, 9023
1926, 7612
2910, 4195
3185, 8902
5650, 9902
7666, 9627
4712, 9185
6187, 9148
691, 2639
4453, 6641
7636, 8735
2581, 4314
437, 9202
528, 7230
2506, 3915
6600, 6904
461, 1914
1424, 8929
2387, 5149
3110, 5369
7438, 8398
1682, 6923
2158, 9862
2652, 5420
3445, 3939
3935, 9478
415, 5706
854, 3182
2239, 2529
4035, 7119
456, 5902
3437, 7713
6586, 6886
8132, 8506
330, 8249
1862, 9483
4018, 4817
3317, 4619
3858, 4662
5553, 6877
6852, 8419
111, 9685
2024, 5342
5388, 6774
6667, 7586
9036, 9712
1278, 6516
1837, 6088
2356, 9098
2939, 5507
1198, 3773
2639, 3694
2685, 3281
2894, 5377
3730, 7334
7903, 8496
2640, 3471
5007, 5904
1491, 5964
3343, 7642
3248, 3425
411, 9929
478, 9900
4651, 6404
5485, 8917
503, 696
969, 6971
1279, 7259
3812, 8925
3922, 8069
4113, 8032
1157, 4271
1855, 3706
3903, 8714
4994, 9053
5834, 7060
6617, 9074
422, 6241
1345, 9288
1428, 4149
4705, 9194
1211, 9268
1293, 1704
803, 9096
1274, 1333
3434, 9896
7528, 9128
8225, 9614
141, 6665
3464, 4680
1001, 7634
2639, 5057
1392, 2824
1457, 8708
1567, 2924
2379, 4030
4705, 6489
1992, 5768
5303, 5357
2147, 2828
6710, 9431
1971, 9119
2169, 9140
5345, 5431
1935, 6029
1977, 2678
756, 5917
3383, 7609
4487, 5317
5749, 8247
355, 1673
1717, 6457
8713, 9209
345, 2805
497, 7721
1289, 7730
1885, 3624
4458, 4821
908, 2752
2502, 7654
4789, 4917
1796, 3242
4453, 9762
1064, 5850
1460, 6087
2286, 7087
2571, 5753
2979, 6883
3710, 4480
9532, 9677
2121, 2998
8696, 9055
1986, 8127
3502, 9770
9786, 9945
1196, 8742
1484, 1590
3104, 4444
4021, 6770
7720, 9301
2750, 6301
2851, 7899
2667, 4341
4705, 6463
5231, 9271
972, 7847
1006, 9382
1125, 3646
7871, 9930
4201, 4424
2437, 7082
3569, 7142
4932, 7354
8798, 9736
470, 4956
2637, 8595
2915, 9471
4192, 4317
4288, 9224
5961, 9386
265, 8155
4803, 6465
960, 5612
2063, 8366
1317, 3590
2945, 7050
4980, 6675
6361, 7336
9152, 9421
1280, 1467
1450, 4600
3844, 5011
5623, 7087
305, 2030
456, 4440
5782, 9546
5900, 9669
1235, 5733
3366, 8600
3601, 4542
4538, 9875
4921, 6909
7374, 8075
3618, 7960
4981, 8950
853, 7194
975, 4843
1317, 3489
2827, 5653
3974, 4569
1560, 6511
2120, 2150
2531, 7482
4470, 6008
3495, 3570
3797, 9682
4471, 6601
3409, 8851
4917, 7793
845, 9527
9195, 9652
9453, 9652
2911, 3615
3779, 8612
6733, 8175
507, 9200
642, 6340
4065, 9282
4811, 6344
5101, 9022
2020, 3012
6797, 9238
71, 2109
225, 2115
1213, 6613
1815, 4870
6665, 9488
160, 3303
795, 5356
2898, 2997
6148, 8119
172, 2432
4605, 9691
6789, 8424
1455, 9832
8312, 9185
3952, 8766
5244, 9952
319, 9296
2322, 6779
141, 5006
2131, 8698
3544, 8544
4146, 8020
5125, 9349
139, 8694
314, 7565
6185, 6858
7049, 9183
8128, 9463
185, 8225
2198, 9034
3874, 5387
2617, 6299
8040, 8328
1526, 9627
2180, 5428
3641, 6435
3960, 5285
15, 236
1737, 3087
3552, 7757
814, 7512
2284, 5767
399, 7151
2346, 4944
3538, 9200
574, 6074
213, 7705
4464, 4835
5110, 8878
649, 3578
2944, 4149
5141, 6509
444, 1522
907, 3269
5493, 8813
489, 7240
787, 8053
7693, 8330
2144, 3136
4383, 4571
920, 3297
1966, 9751
3587, 4502
6914, 9127
1795, 1901
2114, 5397
2820, 8595
2383, 9985
4815, 6083
295, 7890
1224, 4787
5400, 6316
3103, 8145
5702, 9424
517, 5568
744, 9371
6124, 8413
6555, 8764
8170, 9947
5894, 7131
1864, 6889
1952, 4170
3149, 5058
1980, 4504
3026, 7962
4634, 8423
5572, 6895
5420, 8337
9184, 9404
9404, 9828
1641, 3260
1344, 4938
3364, 4527
5521, 6736
1457, 2514
2029, 2695
2974, 5963
4868, 5032
5860, 6376
3490, 9341
579, 3122
801, 6256
931, 3416
2225, 4594
3473, 7732
243, 6816
528, 5990
990, 2329
5390, 6960
5863, 9371
6038, 8011
1034, 8058
1525, 2585
2376, 5108
3849, 7247
425, 3215
578, 9644
2736, 6142
1444, 2659
8022, 8181
1328, 8738
3472, 8852
5744, 7432
1294, 8821
1588, 2694
4246, 8912
1708, 9453
2086, 8039
1256, 3565
2622, 3976
3486, 5028
6089, 6346
7266, 7864
2476, 5572
5327, 7125
3315, 6249
2371, 4443
2575, 8460
6253, 9411
7886, 9733
8755, 9242
5059, 7471
270, 3761
1120, 6306
6675, 7556
9248, 9533
2912, 3293
3978, 7498
133, 404
4050, 4070
4354, 5703
4807, 6826
1948, 9993
3451, 9521
7310, 7932
1202, 3147
1368, 4005
1657, 5891
1835, 9147
2788, 9376
2933, 5578
2987, 8478
1119, 6514
35, 1078
2834, 7792
2846, 9957
2899, 7602
1791, 6057
4954, 7850
2185, 2670
6027, 9073
1609, 6583
1736, 5087
505, 6927
711, 6060
1081, 8777
2592, 4849
4075, 4677
5518, 6895
6769, 6967
867, 5556
1854, 3876
3957, 4603
4336, 4849
7472, 9241
591, 3903
1585, 2501
917, 1245
3217, 6188
3654, 8384
747, 9760
2680, 7187
2728, 8857
5310, 6269
2706, 5240
6292, 6388
358, 915
1320, 3132
1856, 5453
1924, 9234
3417, 8662
4562, 8861
3474, 6584
3992, 9368
2867, 3478
4434, 7881
682, 6622
3965, 8750
5544, 6158
6170, 9391
3127, 8980
3822, 3833
4417, 4467
5780, 9904
6627, 8955
283, 4061
4655, 9707
6043, 7809
769, 4947
202, 5998
3496, 6557
4538, 5011
88, 5413
1378, 7683
244, 5672
290, 9838
2165, 4091
5771, 7498
1529, 6318
3292, 4451
587, 5868
8369, 9779
1385, 3407
2778, 3654
2899, 5220
4404, 5482
4559, 6891
6031, 7360
6472, 9329
807, 4006
1194, 4762
1502, 3587
3253, 4845
4806, 7365
5398, 7340
7649, 9616
117, 8339
3837, 5625
5641, 9641
7526, 9111
2191, 4961
7634, 9565
201, 5825
904, 6702
2756, 4134
4217, 7641
5376, 7007
116, 5774
2267, 8983
2597, 7451
2842, 9752
3810, 6410
4266, 6288
8629, 8648
8822, 8997
287, 7191
859, 6788
1723, 5605
346, 4816
3823, 8048
3438, 7881
4178, 5542
4382, 7078
1556, 6862
6549, 9781
6773, 7090
1930, 9696
852, 2566
968, 3951
7611, 8726
3895, 5596
5068, 6436
3810, 4570
197, 9503
3816, 5607
4640, 8105
7153, 9636
2023, 5729
5687, 9376
1077, 9052
4564, 5741
770, 5013
1344, 2877
4916, 5321
5921, 9149
697, 1399
9236, 9843
2596, 3475
2816, 3320
2953, 3810
7327, 7672
1113, 5887
2151, 8587
4572, 7373
1525, 9180
449, 5926
3429, 5725
5712, 7738
5799, 8526
502, 2117
808, 1553
3003, 8632
312, 9860
4371, 6701
6697, 7313
1403, 9610
3672, 9348
5927, 9752
8151, 9535
2095, 9830
4986, 5575
675, 9071
1710, 6647
2471, 7225
4049, 9886
758, 8415
7243, 9662
1165, 7135
3190, 7061
5444, 8902
7073, 8116
1649, 8749
2731, 7976
7567, 7887
1716, 6895
3093, 4163
2230, 7078
833, 5733
1169, 3147
1242, 8154
2604, 4735
96, 2333
1696, 6794
1772, 6944
1775, 9105
2537, 3479
1147, 7388
5050, 7067
1018, 6620
2376, 6177
2920, 8681
5843, 9957
2359, 3966
1285, 4140
1923, 7998
3044, 8992
3441, 8891
5432, 6809
5596, 8337
6040, 7537
6429, 7314
7172, 7798
139, 4544
5149, 7678
7797, 9079
2660, 5668
4824, 6495
557, 9650
4358, 6932
4973, 8722
5605, 6000
5876, 8500
6554, 8911
737, 6406
3308, 7727
4377, 6568
1821, 8430
5401, 8739
1885, 9713
4688, 7551
5225, 5647
339, 5812
496, 4402
2617, 3801
3795, 5995
5480, 7452
623, 4681
3768, 8882
1526, 8603
4413, 7533
2184, 9486
3246, 4271
1340, 1879
2164, 8146
6516, 9808
9335, 9356
2514, 6548
2788, 4575
4998, 6592
7152, 8944
424, 2378
513, 9518
6990, 7272
1333, 7250
1587, 9826
2584, 7984
2502, 5640
2722, 5206
3215, 4680
3719, 5637
4567, 7453
6131, 6375
6984, 7300
2852, 3667
3873, 4292
4302, 6980
1102, 2219
5143, 5227
835, 7005
1892, 8311
3873, 8724
5224, 8872
2212, 6026
2627, 3229
4476, 9965
7905, 8630
1929, 5569
4292, 4451
850, 6758
1451, 8036
1855, 7271
2305, 5729
4925, 5900
1759, 5137
4021, 9395
3082, 7617
1857, 9714
5653, 8794
6850, 8184
971, 4200
69, 4236
1340, 8852
1953, 5932
3961, 5633
6074, 7805
1503, 5421
5004, 9157
6186, 7016
5430, 7038
5166, 8735
6992, 7394
167, 3794
3965, 6040
5483, 6809
5527, 7894
3266, 4396
2230, 8779
81, 5802
189, 1317
3252, 5243
1961, 4631
7505, 9156
5943, 6872
1653, 4512
2497, 4769
7131, 8258
292, 376
2478, 7659
3421, 3641
407, 9678
501, 8175
4650, 7082
5304, 6462
603, 3943
2628, 2793
3349, 9796
7251, 8526
1408, 1465
3673, 3942
4060, 7991
4164, 5139
6543, 6584
5127, 6867
887, 7622
2413, 4722
3687, 8276
838, 5508
1400, 6027
654, 6741
765, 9801
4342, 6391
6834, 8119
735, 8183
1985, 5925
653, 4457
2833, 9265
3988, 9991
4325, 7325
4369, 8734
6033, 9009
553, 7802
1523, 3946
4441, 7555
6012, 7121
6858, 7525
6965, 8446
7259, 9255
3649, 9748
585, 6300
938, 2146
2798, 4784
3317, 4717
6418, 7940
9707, 9794
298, 2308
816, 2578
3629, 4350
4807, 9338
324, 447
4552, 6913
764, 9588
1974, 4202
2046, 6372
2729, 7431
3276, 8704
5128, 8766
625, 1564
5897, 6548
7223, 8753
2276, 2376
3176, 4722
5017, 9510
1610, 7230
2147, 9793
4410, 7921
68, 6238
979, 2819
1999, 2437
5551, 8184
23, 9497
666, 4194
3223, 7004
3815, 8438
4547, 8642
1291, 9002
6426, 7340
1866, 4481
4448, 6833
4928, 9246
6959, 8273
1195, 2578
1308, 6568
4971, 6560
6643, 7650
4296, 7990
4434, 8207
4341, 7141
5442, 8817
6085, 6137
7235, 9087
8846, 9573
3879, 8944
5245, 9507
527, 7210
2570, 3942
6072, 6457
495, 6462
5731, 8228
7140, 8936
7539, 7749
7646, 8146
4856, 9029
1966, 5354
613, 2434
924, 5855
3372, 9903
4228, 4988
4706, 7314
8109, 9656
2464, 4961
5651, 5953
7160, 9222
102, 5243
7888, 8476
551, 1276
5499, 7393
112, 7539
945, 4772
6268, 8258
1071, 7189
1999, 7047
2949, 8584
63, 7021
5599, 7460
714, 6465
908, 5556
4092, 4542
6385, 9422
1853, 4957
4994, 5737
5973, 7835
1092, 1433
1453, 3092
3763, 9869
7919, 8086
1162, 6423
1624, 2924
5747, 6711
2555, 2936
8224, 9425
509, 4802
513, 3923
513, 2069
6107, 6419
254, 618
776, 7190
1461, 6575
2616, 6396
4288, 6734
6131, 8920
2198, 3491
3062, 5201
389, 6729
4574, 6681
5790, 8320
5057, 6828
5442, 6364
2562, 7358
6908, 9731
1584, 5302
1841, 9260
5247, 7632
7703, 8405
1622, 7013
2728, 3230
5810, 9399
8377, 9067
4066, 7893
8565, 8574
5108, 7097
9079, 9220
1037, 4647
1151, 8871
240, 5663
3579, 9916
8025, 8499
2476, 6176
3351, 5922
3382, 6533
4403, 5308
1391, 5549
1703, 5071
4381, 6774
3734, 6539
5249, 6537
1123, 7031
5850, 6036
784, 3512
1915, 2024
2980, 9379
5520, 8217
398, 9918
1949, 2947
4327, 8510
320, 1454
4433, 6588
1850, 7745
5362, 8955
1164, 7032
6832, 9788
2486, 3328
6384, 6760
7817, 9664
1377, 5328
2809, 8384
4000, 6789
4541, 9787
6109, 7152
2070, 4783
5263, 6355
6678, 8507
5741, 8082
8643, 9850
1399, 2861
5622, 6463
4126, 7241
4339, 9260
137, 6026
420, 661
2609, 5586
4244, 8562
2787, 9768
2848, 7864
3399, 7514
7308, 8196
549, 9729
5791, 8642
8975, 9259
4535, 5156
5753, 7908
2409, 9018
2496, 7431
3646, 6342
1209, 9480
3198, 7431
1366, 5911
2052, 8324
618, 8540
241, 2593
3707, 4462
260, 633
3564, 6706
5322, 5350
1182, 9396
64, 1543
885, 4159
25, 126
2392, 7188
2969, 6999
1261, 9670
2328, 6235
3194, 9553
149, 9451
217, 3456
911, 2600
1005, 3617
5182, 9140
1136, 1592
2010, 7821
6283, 6651
1468, 7106
2344, 5332
799, 5223
2828, 7557
544, 1453
752, 8081
2988, 9820
9024, 9807
792, 4785
2239, 7710
5781, 9195
1288, 5514
242, 4204
1400, 3698
2657, 8960
6578, 8122
1569, 8479
1583, 6618
1335, 5213
4181, 5538
5558, 6277
317, 9592
1919, 9301
8305, 9156
2231, 9388
1710, 5403
1939, 8163
2582, 3269
7806, 8492
3626, 9046
3878, 5274
2116, 2222
2993, 6585
3636, 6021
4266, 4473
4411, 7519
608, 7898
1420, 8912
3214, 7278
5964, 8796
1607, 5581
4560, 5872
3859, 9245
4891, 6837
5582, 7671
7048, 9184
2371, 3491
4542, 5565
418, 9822
3239, 8586
31, 3992
527, 6926
705, 2232
7487, 9156
4247, 6700
6580, 7623
793, 7805
3263, 8005
864, 2493
1311, 3201
1550, 8303
6176, 7077
6564, 6880
1208, 3596
1857, 3948
3542, 4449
8307, 8663
623, 3828
3908, 7755
7993, 8941
1487, 6455
6088, 7303
4158, 7044
5226, 9312
1077, 6198
2624, 8525
2283, 3230
2180, 6991
2778, 9541
5779, 7813
817, 4345
3595, 4268
583, 9815
5610, 7966
5787, 9188
2965, 9545
3044, 8214
3205, 5013
3803, 9874
4413, 8111
6826, 7229
2073, 8624
510, 4690
3081, 4120
3369, 8154
593, 1034
1345, 2520
4164, 6695
541, 2472
993, 9638
848, 3935
4988, 7700
2547, 7375
2707, 6726
3355, 7676
1661, 4740
2584, 8732
410, 543
2131, 9629
5373, 9192
5679, 7205
9339, 9999
219, 7223
3619, 4024
4319, 6076
2716, 8732
1505, 7476
3336, 8417
4517, 4809
4923, 5384
369, 8418
1478, 6952
1723, 6035
2830, 6480
4263, 5048
922, 5078
5048, 9721
7253, 9040
3755, 7242
793, 8966
2146, 5453
4800, 6827
871, 1215
2084, 3018
2470, 9627
817, 8848
3648, 6351
5526, 6445
5808, 7140
4263, 4699
802, 9933
5711, 8006
667, 3815
814, 4271
4612, 7642
6674, 6843
1318, 8950
1987, 4862
6770, 9757
321, 7948
6127, 9502
2289, 7440
3278, 3368
3324, 8261
8098, 9595
413, 1102
5982, 9503
7815, 8434
2248, 5192
1513, 9113
4498, 9715
63, 592
1618, 1744
1985, 2007
3727, 7133
293, 3634
3069, 8430
3498, 4275
40, 4930
2781, 2783
2787, 6223
4495, 5086
6804, 7774
2228, 2687
3807, 5688
4881, 7554
6031, 8046
4223, 6202
121, 6408
2402, 4027
2760, 9901
2858, 8507
3301, 3603
436, 6259
1035, 6391
5123, 8392
1940, 7359
3871, 8197
4168, 5669
1917, 9154
3623, 9955
3932, 4611
4496, 5625
98, 8655
2391, 8141
4191, 8945
4623, 7813
5411, 7282
1802, 5573
2077, 3278
3904, 4441
6640, 9564
2948, 6757
3152, 8949
4981, 6522
528, 7076
805, 8337
3020, 9342
7260, 9848
1045, 2302
1480, 1642
3554, 7689
74, 6780
1626, 5430
2638, 6313
5849, 5929
9573, 9810
957, 4994
4836, 7241
5294, 6707
1529, 5389
3506, 5554
1881, 5038
3529, 5686
3803, 4947
290, 6509
1215, 6175
3456, 5020
3547, 4606
4288, 7303
329, 9785
6977, 8851
7303, 8925
3539, 7532
1523, 3636
3992, 6563
6218, 8101
1688, 2939
5985, 8015
364, 1819
6798, 9170
7911, 7944
7918, 8161
5824, 6660
2771, 4181
3537, 5475
1541, 2991
673, 2105
2372, 6941
2442, 5617
3139, 3386
702, 5828
1249, 3891
4622, 6276
4936, 7779
5154, 7946
1279, 1671
2526, 8036
2566, 4885
3253, 9964
5346, 6523
604, 3100
193, 2625
780, 6476
884, 4590
6365, 6971
4904, 5156
8542, 8553
332, 3666
3451, 3693
5558, 9268
1024, 1842
4137, 7972
6422, 9266
7361, 8048
7668, 9583
308, 5865
388, 1624
344, 8997
3498, 4317
5325, 7428
32, 4513
404, 9783
1313, 8057
2086, 4541
4244, 8665
4457, 7846
1940, 2101
4168, 9842
5985, 7976
939, 7290
3756, 9367
4216, 9729
1494, 7838
3021, 3169
4011, 5936
4110, 4642
61, 1070
2285, 4217
4162, 5022
3008, 5071
3301, 8592
3838, 9178
5906, 9668
6282, 6423
289, 9693
2492, 6665
4185, 9343
3486, 7017
1200, 4189
1755, 6327
5162, 9281
5920, 7732
1634, 1736
5484, 8956
8289, 9885
2747, 4327
4714, 5931
7378, 8139
1567, 6831
2015, 7389
6682, 8815
4, 3241
101, 961
2755, 4097
2840, 6005
2963, 6323
6804, 9722
1310, 3352
3661, 6624
1759, 4734
3954, 5374
5949, 6114
610, 7101
617, 5532
474, 7909
734, 5851
3957, 5460
4055, 9636
7031, 8140
597, 6320
2709, 7899
7556, 9870
2016, 6389
4519, 5990
500, 5310
936, 2104
2010, 6084
2366, 7290
3570, 4249
8496, 8908
9246, 9405
1627, 9024
3531, 9604
4263, 8992
7421, 9897
1090, 8797
1905, 5463
2386, 5628
5627, 9549
741, 4476
1373, 6903
2847, 5321
3308, 5876
6035, 6513
1586, 8172
2184, 4696
4185, 9545
6573, 9557
228, 8288
1826, 5414
6185, 8605
7352, 8164
90, 441
250, 7292
570, 9962
1323, 4482
859, 4876
1811, 3213
2976, 9773
7314, 9921
413, 5072
3463, 8348
4082, 4472
3210, 9000
4253, 5174
5991, 6746
4753, 4831
3083, 8255
3628, 5822
6425, 9453
7874, 7921
8267, 8920
2032, 4067
2758, 6992
723, 7208
1499, 8657
1638, 4842
2547, 9339
4039, 7856
5178, 8591
201, 3869
673, 4303
4742, 9758
5004, 6688
6192, 7863
217, 2384
948, 1388
1413, 7772
517, 3865
1892, 3978
406, 1662
4340, 9044
5914, 8236
6527, 7872
4238, 6462
1956, 4670
7392, 8386
2100, 9544
529, 8661
6359, 9116
6437, 9657
1198, 6655
1966, 7989
3221, 6637
5254, 7448
4080, 5601
1291, 3378
2267, 4593
2278, 2327
1227, 4952
2284, 9953
2862, 6955
4885, 5896
3038, 3916
4011, 7323
2830, 6551
618, 7740
2922, 4231
6842, 8169
9139, 9755
9286, 9365
3693, 5613
179, 3525
1306, 4974
1659, 7288
2258, 7765
3118, 9645
356, 7110
473, 2530
811, 1993
3229, 4028
2868, 9489
8599, 9168
1431, 9277
4277, 4685
134, 4528
2136, 5445
4650, 8666
192, 7617
730, 828
4553, 4965
360, 5393
2799, 4984
8186, 9750
685, 9573
1549, 1916
1769, 4461
2755, 3134
602, 1238
2298, 2823
4845, 6181
3581, 9464
4343, 9660
2739, 8189
3169, 9904
3229, 3903
3689, 7934
413, 2017
2459, 9922
2527, 7596
4723, 5722
1490, 7347
3921, 7387
452, 1260
7896, 9229
2716, 8715
3166, 8770
7861, 8805
8496, 8670
1959, 7218
7687, 9760
2727, 9969
2815, 5145
3006, 4945
5744, 7347
2113, 2564
3121, 7915
5034, 5438
908, 5872
3253, 5196
213, 5112
8094, 8896
310, 2925
1401, 7437
1921, 5867
3082, 9509
1442, 9163
4862, 6293
1706, 1782
2180, 3633
2773, 6118
4618, 7664
856, 4282
4338, 4395
5372, 9229
1294, 8080
3936, 8380
8763, 9270
833, 2344
3686, 4625
5008, 5936
819, 7571
3097, 5252
76, 377
5146, 8533
9283, 9972
89, 7570
2072, 8994
2115, 3114
4799, 7088
291, 1223
2475, 9040
2239, 6187
2485, 5450
5078, 8506
45, 7204
1421, 9475
3283, 9115
231, 1961
1817, 3659
4489, 6314
6309, 8797
275, 658
6821, 7809
1540, 8802
2798, 7138
6146, 6771
3139, 6927
489, 2419
1694, 4309
4353, 4910
7830, 8925
3637, 7619
672, 3145
1005, 4741
8341, 9536
2959, 7547
7376, 7568
19, 2093
3902, 9549
4594, 9246
6999, 9364
3748, 9002
6117, 6516
8041, 8697
959, 8156
8140, 9821
299, 8137
2866, 4371
3056, 5030
3198, 7067
5928, 6354
58, 3243
830, 2549
1350, 4295
4132, 8015
7351, 8038
3522, 9254
6218, 8533
380, 6677
936, 9836
2811, 4542
0, 3048
8537, 9538
2286, 4471
3051, 7989
1534, 2953
2364, 8930
6977, 8168
2360, 6391
2944, 9472
3156, 8790
3307, 7752
420, 4501
1285, 3586
732, 8866
3149, 4479
4084, 5317
8360, 8814
2937, 9950
4435, 9352
66, 4808
1147, 8236
2581, 5465
3228, 8464
5105, 9479
2827, 5439
5449, 6141
230, 8053
3586, 4302
541, 8128
3458, 9227
1322, 7463
2258, 3575
6939, 7541
594, 5573
4452, 8817
6496, 7364
2353, 2964
2138, 6421
8578, 9614
185, 1328
2998, 8132
2242, 6672
3434, 8745
6909, 9051
3069, 6224
6654, 7439
3235, 7877
8157, 9821
7184, 9995
2680, 8157
4511, 6063
2695, 2908
4394, 8141
6557, 8160
7407, 7934
373, 5701
1302, 5435
1945, 2706
2248, 4906
3032, 9158
2573, 6029
5602, 7329
7023, 7108
2110, 8854
3007, 3238
3558, 6644
2839, 5476
5167, 7130
354, 6823
3114, 4102
6331, 8599
1198, 2503
1049, 5080
4547, 6896
1084, 6957
2121, 3274
3870, 5682
4993, 5978
9231, 9521
600, 5584
1364, 1570
5590, 8236
1633, 6452
45, 573
801, 4384
7804, 9179
667, 4421
9313, 9865
883, 2652
1129, 4810
1902, 4752
7989, 8334
3165, 8328
9175, 9296
3101, 7081
437, 2781
3101, 4360
1189, 5956
1596, 9737
3279, 9555
4967, 5378
1577, 8132
3099, 9820
3610, 9833
4385, 5127
6236, 6851
395, 6306
1608, 7463
3157, 9960
4567, 9926
6538, 9254
4048, 8931
4651, 8484
401, 8858
2935, 8512
5014, 6877
7015, 8651
287, 4183
5972, 9134
6461, 9557
3397, 9658
3460, 7727
1605, 2109
2912, 5551
3605, 7552
4304, 7022
445, 9279
1611, 7711
2507, 9781
5716, 7906
2237, 3798
322, 2872
655, 6534
3101, 4355
4976, 6430
9290, 9988
1447, 5087
1788, 2960
6990, 9250
318, 6366
991, 6354
5563, 5673
1794, 4346
6038, 8706
1829, 7695
4625, 6602
202, 6148
4378, 7552
5431, 6193
934, 3255
1044, 4503
4867, 7826
7964, 9290
2223, 7916
3866, 7160
3968, 5640
5219, 7681
7538, 7784
5428, 5844
4061, 6726
4, 7536
4419, 7012
411, 7284
7127, 9031
351, 7454
2678, 9616
5362, 7046
136, 4438
721, 7301
3311, 4736
7834, 9553
955, 9976
2132, 6521
2935, 9003
4804, 8067
5557, 6092
7221, 9943
1884, 8535
3497, 9882
3654, 9551
6247, 9412
2259, 2825
437, 3665
1758, 6637
2120, 8638
7102, 7861
7213, 9844
855, 7109
1681, 7842
1954, 3785
2029, 2250
3607, 6209
4321, 5449
41, 6411
1915, 3352
3424, 5854
4870, 9373
8558, 9792
557, 2432
2188, 4704
2792, 5873
790, 2433
1478, 3623
6206, 9931
1033, 5659
1413, 7731
3919, 9380
3309, 4486
3342, 8431
3371, 3569
8758, 9586
597, 3005
1343, 2857
5098, 9814
6524, 7343
7879, 9406
728, 2204
1325, 8027
4152, 5092
6537, 9924
1181, 7894
4525, 6769
664, 5893
3035, 5852
337, 3168
8004, 9935
239, 2559
2965, 8309
3074, 4888
7480, 9991
582, 7785
697, 3482
5353, 7236
6079, 8440
2394, 4531
6695, 9191
2662, 5384
3279, 5814
3543, 9267
5050, 8179
6503, 6646
1513, 5923
1934, 3865
2362, 2387
5121, 9064
2744, 2895
5818, 6542
5840, 7143
1513, 4332
7348, 9480
1361, 8172
4445, 9946
6200, 9203
4615, 6444
5873, 5894
2057, 7715
3448, 4228
3764, 7178
6904, 9603
1722, 2635
2511, 5511
4850, 6670
5422, 8742
572, 1631
3587, 4828
3877, 4398
4016, 8436
7122, 7454
310, 4636
2531, 6552
6679, 9077
6334, 9302
3886, 7588
7090, 7281
7411, 8776
203, 403
2018, 6897
6820, 8814
8218, 9765
222, 6981
3496, 5796
4082, 7250
2126, 9280
7009, 9828
2166, 7122
1880, 8955
2082, 8074
5186, 8968
7245, 7493
258, 5215
333, 6650
1765, 6632
897, 3598
1184, 7661
5917, 7829
1619, 3160
2736, 7450
6775, 8939
1751, 6410
3504, 6631
7795, 8044
3881, 6077
5713, 9868
5822, 6796
2187, 2429
3995, 4222
4109, 9006
4940, 7139
808, 7980
7093, 7633
212, 9373
412, 7287
1772, 4345
3982, 7971
8393, 8796
3075, 7695
4596, 8586
1298, 1367
2428, 5545
6034, 6442
1354, 7877
6471, 9902
757, 6717
5963, 6273
1340, 8153
7341, 9135
4554, 8209
5175, 8551
6873, 8063
5305, 8717
6377, 6963
168, 5207
1234, 7731
2850, 9836
4004, 5878
546, 4235
2190, 4926
2224, 7824
4748, 5819
6963, 7804
7086, 8691
1092, 6918
4993, 7373
2369, 4015
912, 4253
2361, 9974
6178, 8494
2135, 4665
7867, 9934
751, 4657
1304, 2459
5636, 8066
4705, 7028
9470, 9798
650, 8886
1032, 3072
1922, 1932
2064, 8040
3976, 8437
2005, 9627
274, 937
322, 1652
3981, 5526
4469, 8200
4979, 9970
5145, 6066
3741, 6405
5557, 8550
6607, 7904
198, 3632
1468, 2048
2776, 8683
85, 3538
2088, 5731
116, 9119
3071, 8594
3588, 8124
4404, 6507
749, 4500
1402, 7446
2933, 5979
1158, 6998
1031, 3738
1376, 9785
3447, 4251
772, 9726
1269, 1380
1658, 6029
7219, 9505
2298, 8399
3357, 8038
4479, 5811
6774, 8613
158, 323
5058, 8594
6133, 7622
2278, 2402
536, 2254
620, 4718
2592, 3883
4041, 8907
154, 5306
7760, 9517
2730, 4730
5789, 6081
2004, 3237
3482, 7326
1743, 8840
5070, 6014
5804, 5945
767, 5477
3707, 5853
2729, 6722
1012, 7561
698, 8386
2264, 3566
3723, 5700
201, 3471
1779, 9920
2501, 6901
78, 2838
1770, 5727
7382, 8490
7464, 9755
8576, 9571
170, 3619
1069, 9160
5222, 8248
7436, 9692
2949, 6299
9440, 9672
1047, 1474
3065, 9633
4793, 6360
1382, 4250
2364, 6093
1178, 7429
3934, 6337
5046, 6979
616, 2295
1498, 2650
8390, 9771
2101, 4876
26, 3400
386, 5314
2049, 6489
6645, 9379
6682, 9004
6781, 9932
626, 4576
2892, 8611
5487, 8867
2704, 9319
4905, 4967
2931, 8244
969, 8947
2567, 6067
7485, 7775
288, 4117
4527, 6623
176, 1693
6565, 7316
3915, 7040
8131, 8562
731, 8915
8556, 9303
1715, 6245
912, 5307
4567, 8661
7001, 9663
7163, 9554
5296, 9661
6010, 8920
3663, 6613
3148, 8851
2110, 9036
2589, 5458
3076, 5324
2472, 3451
3901, 5247
4484, 6962
4846, 8635
5072, 6724
315, 4869
2057, 8596
5691, 7318
965, 7495
2126, 2505
1652, 8493
910, 5257
1021, 2787
1278, 9064
2755, 2790
2943, 5154
3391, 9186
1159, 4533
1709, 7238
3373, 6437
872, 4064
2683, 4709
3523, 3973
8324, 8455
2154, 2335
3534, 6699
1863, 3452
494, 3141
3174, 6448
4089, 8294
36, 4069
121, 5535
6007, 8971
5855, 9078
6888, 9771
2643, 9858
3730, 6758
799, 6450
6717, 6868
4725, 8472
4932, 5528
9040, 9767
3124, 7280
5050, 8886
764, 8060
2007, 2364
3186, 7045
4631, 7276
4, 5350
662, 1613
2226, 9578
4007, 4599
2060, 3162
2167, 2526
2553, 2889
3707, 4389
1173, 5823
1934, 8982
2713, 3103
2748, 4017
5369, 6208
8674, 8768
3876, 8010
4913, 5209
917, 9462
4960, 8401
6661, 9613
1300, 5939
4859, 5019
3500, 5072
4872, 9965
5490, 6909
5508, 6713
2490, 6823
2814, 2832
1683, 9513
3204, 7533
1673, 8090
6530, 9274
3067, 5454
9031, 9317
431, 8581
4276, 9423
5417, 7795
2014, 7064
4856, 9701
6478, 7853
826, 2729
4198, 5277
8042, 9390
1326, 3963
3507, 5053
4085, 9611
8077, 9454
1657, 7619
3044, 4782
4270, 6428
1802, 5055
2112, 8952
1823, 7266
2031, 8861
4013, 6110
5118, 6804
538, 2615
1759, 8344
5321, 8804
921, 2564
1149, 1450
2004, 3444
6102, 9219
64, 2213
1303, 5370
605, 1142
2443, 2487
2519, 2793
3875, 8089
5319, 7539
4131, 8686
674, 1043
1170, 2426
3371, 6802
3971, 4107
927, 9803
1867, 8630
6763, 9045
5153, 7326
5487, 8978
1667, 9308
4390, 9148
7183, 8123
193, 1806
1919, 8924
1395, 3963
6285, 9278
2877, 4629
2191, 3189
7308, 7701
580, 5371
5078, 9285
6474, 8269
333, 9363
2500, 8209
1162, 3105
5863, 9823
872, 4308
2545, 9697
3935, 8771
5253, 8070
37, 8349
1801, 7264
6256, 7302
7051, 9949
1602, 7567
4298, 6877
6951, 7267
238, 5027
8264, 9433
116, 1345
2512, 2545
6454, 7493
481, 2282
1910, 2956
5742, 8245
479, 5390
2257, 5301
999, 5570
1349, 2900
1892, 7185
3308, 6221
8704, 9438
2518, 7068
478, 6397
1792, 4829
1503, 3597
829, 3723
3157, 8979
995, 2183
2041, 6309
2073, 8180
2322, 4315
902, 5051
1751, 2231
4960, 7075
1112, 8880
1212, 8144
7702, 8873
4815, 7608
2169, 5357
3066, 8498
2982, 4375
3414, 7955
165, 5772
365, 1547
3351, 4957
1180, 1430
6663, 8990
4710, 6080
7015, 8683
3293, 7353
4272, 6166
4148, 9670
6938, 8995
4563, 6733
9, 8573
208, 5416
5368, 5814
4352, 8501
7370, 8443
273, 442
1551, 6721
1042, 9836
3948, 5943
1327, 2684
362, 4330
372, 6385
2072, 7212
2916, 8806
2070, 8103
5553, 7101
484, 8543
254, 8763
1728, 8841
4576, 9366
7928, 8913
2558, 4347
5739, 6848
4316, 8480
6604, 7256
1194, 4255
2206, 9064
4126, 4920
832, 3314
7251, 7974
604, 5054
1334, 6905
4219, 6160
387, 8094
414, 5941
3466, 4922
4143, 6886
1375, 3019
4523, 6004
1431, 3150
1663, 3846
2149, 7454
915, 8847
1690, 3900
6505, 7644
3287, 6867
1947, 6217
741, 1451
3556, 3627
3559, 9942
4341, 6803
4198, 4333
3792, 6932
6893, 7865
7798, 8858
684, 8393
2170, 4484
2450, 8928
7368, 7746
1422, 4375
3300, 8712
6610, 8064
4449, 9520
1460, 8748
1494, 2641
3575, 4912
126, 9183
1594, 3287
2316, 6428
3588, 8984
2264, 7781
40, 4617
440, 7146
388, 8087
2054, 5903
4735, 8874
1232, 7919
1270, 4252
845, 6763
912, 7970
1231, 8743
1916, 6762
5678, 7806
7826, 8877
987, 1140
3489, 6634
3188, 5819
2366, 4644
506, 2699
3083, 5792
2261, 5175
2634, 7527
3242, 4281
824, 3698
1741, 2983
5451, 7434
8560, 8931
1301, 4955
3199, 3366
3336, 5705
4963, 7107
670, 9232
2375, 6582
2703, 8555
5444, 9408
2657, 5894
2552, 2902
5622, 8959
6547, 9208
707, 5234
1794, 2301
2062, 3887
4762, 9167
6321, 8847
360, 5452
654, 7246
1638, 6480
2093, 5661
2623, 6196
5784, 9360
1872, 4964
5954, 8476
4623, 6775
2046, 5450
3550, 6241
1629, 2134
4698, 5366
2902, 6427
1812, 4815
398, 4736
1667, 2922
5847, 7317
1623, 5572
5420, 9772
8272, 9295
2221, 7733
1789, 2373
4728, 9123
2395, 4165
3888, 9234
3330, 8177
3937, 9790
9425, 9811
917, 9251
1768, 9877
2485, 8899
1970, 6096
8287, 8338
213, 2510
2242, 5916
6872, 8033
4772, 7438
5754, 8821
277, 6394
5334, 5893
5418, 9784
2067, 8433
1524, 4858
2882, 7918
6627, 7885
24, 7439
448, 2642
2909, 6343
4847, 6841
38, 5861
921, 3685
9402, 9445
6385, 7489
4780, 6488
369, 1562
1217, 3398
3635, 9159
7292, 7488
857, 3739
1833, 9987
3550, 8775
7195, 7269
563, 7164
3334, 7406
6871, 8439
2923, 4647
4579, 7461
5597, 6639
1535, 3331
4183, 4884
364, 9407
3842, 7388
5154, 9313
5452, 6014
4120, 8125
4799, 5801
422, 2450
2142, 4949
4058, 7682
6584, 9260
3603, 6164
4064, 8840
4252, 9248
2021, 3527
288, 9189
1787, 7503
3005, 9831
5012, 7257
1337, 3405
1367, 8904
1790, 5603
2560, 5232
154, 6812
7488, 7582
105, 7408
386, 5623
3208, 4367
1971, 8045
3958, 8025
5596, 7372
5878, 6536
1423, 9840
3688, 6471
4831, 9147
7704, 8554
4891, 6615
5188, 6989
5023, 7963
383, 5016
1505, 5900
9723, 9888
2497, 7162
3667, 3960
4516, 5942
5754, 7716
5284, 8816
3010, 3382
5201, 5770
7923, 8832
3999, 9041
5852, 6878
6683, 7748
1775, 8046
565, 8751
3376, 4343
1366, 7063
2009, 8716
1237, 5599
3046, 7783
5060, 6344
348, 5573
1125, 5159
701, 4060
2743, 4241
5860, 9727
4667, 6527
4914, 7689
5848, 6739
7532, 9834
5703, 9128
5320, 7812
3875, 9699
3163, 4686
6638, 9997
1002, 4675
1448, 4217
8345, 8591
1285, 7208
2364, 6574
2746, 6371
3037, 3654
3381, 8412
7626, 7753
6638, 9139
587, 1981
5573, 8647
4905, 9480
6061, 8089
6461, 7923
8651, 9566
4374, 6828
6955, 8115
1346, 1927
382, 3120
886, 1492
3612, 8138
7492, 7816
4851, 7410
257, 1780
5417, 7767
933, 8117
3796, 7515
323, 8016
1425, 2563
4553, 5380
7091, 8752
1697, 9561
2776, 9754
3125, 7798
94, 2066
1375, 4299
3382, 8984
4002, 9151
2219, 4201
3545, 7153
6879, 8767
3041, 5326
1082, 4885
2167, 9075
2142, 5918
2958, 7624
793, 6561
2268, 8954
5862, 8470
3436, 5474
1372, 6721
2985, 8312
3664, 7605
4054, 4875
5266, 9031
1323, 7335
5855, 7478
4529, 7268
3068, 9400
7283, 9335
1362, 3642
4335, 8250
1088, 6921
3862, 6866
7187, 8812
305, 8849
2543, 9974
1701, 7148
9401, 9452
1373, 7746
181, 5176
4791, 8421
7212, 9892
1735, 5724
9237, 9604
479, 9891
545, 4208
3540, 4370
4814, 7064
6545, 9298
2268, 4006
2291, 6896
2421, 9390
5382, 6747
7216, 7536
6562, 7751
1058, 8101
5890, 9579
135, 7378
2848, 6105
2945, 7311
1189, 4862
4773, 7501
4519, 5534
6345, 8034
7741, 8030
1873, 5600
1299, 8332
1819, 2340
5756, 7173
121, 2552
2607, 4675
2626, 3931
4924, 8486
2039, 5400
2002, 2516
284, 1361
2387, 2860
4367, 7518
5181, 7016
196, 8891
4896, 5465
1266, 8043
1538, 8571
6359, 8825
4232, 4256
5334, 6598
985, 4782
1156, 3770
4608, 5238
1140, 2148
5570, 8366
2423, 6234
7529, 8988
1894, 2988
2412, 2499
4409, 4692
5776, 8507
6125, 7649
588, 9482
4130, 5253
3850, 5442
1169, 9244
1569, 3144
9353, 9827
6083, 7611
1357, 8113
4094, 4201
4749, 5392
5715, 6057
5866, 9441
5670, 7309
2400, 9950
3353, 5856
3986, 6408
1548, 5774
831, 9773
1352, 3509
4392, 6647
8775, 9825
2135, 9397
2645, 6249
4053, 6329
1091, 3546
3493, 8190
1358, 1517
3055, 5258
979, 4191
1083, 2551
4334, 5947
2063, 2917
6994, 7398
8948, 8967
143, 7199
790, 2583
1142, 5221
4182, 9318
2921, 4613
4733, 5785
557, 2313
658, 8531
5409, 8197
910, 6439
337, 1188
2595, 4521
7120, 8160
1452, 5159
4872, 6892
5512, 9256
4292, 9457
771, 9300
3545, 4963
4123, 6581
1001, 5226
1459, 4723
4366, 7993
7376, 8064
3152, 7750
3554, 8570
3901, 9725
3931, 4496
3003, 5405
6128, 7540
8051, 8451
295, 4456
2745, 8898
3810, 6151
352, 9788
434, 1304
2717, 9393
3109, 6169
1133, 3507
2856, 4695
7103, 9815
5, 89
1490, 3836
439, 8812
3467, 7663
6034, 6360
6849, 8575
8297, 8465
5901, 6165
1302, 8819
5941, 9533
1395, 1397
3055, 5648
3905, 4493
8708, 9330
104, 9141
1063, 7548
2769, 8363
1496, 4016
234, 4310
2267, 7331
8369, 9534
2418, 2971
4909, 8776
3088, 8241
5549, 6963
266, 9747
1891, 9556
3501, 9393
2885, 7321
5922, 7180
7478, 9361
4485, 6032
4407, 7996
5412, 8921
7278, 8519
685, 1383
4280, 8431
9476, 9658
503, 1047
8112, 9400
235, 9390
906, 5206
4815, 7228
2661, 8154
2863, 5578
5119, 9125
1163, 7423
2775, 8322
7531, 8278
1761, 4643
3475, 4438
5151, 8557
1723, 7936
5396, 7888
416, 2045
2288, 4430
2730, 9199
4414, 6731
6254, 8844
2696, 8592
5359, 6353
3532, 8970
1355, 7165
1558, 3831
175, 7146
5376, 8719
6317, 7426
1958, 7806
496, 6750
2480, 3974
9305, 9430
1833, 2373
2729, 6152
4077, 6171
3122, 4176
3791, 7992
7581, 8133
2488, 8988
5700, 7117
5937, 7957
7194, 9244
62, 785
1291, 3218
932, 8843
4031, 9263
8467, 9820
586, 2156
3268, 3540
3310, 4541
528, 2397
552, 8636
2609, 5076
7010, 7142
5656, 6882
426, 8257
669, 1451
3754, 7486
5976, 9434
2026, 6424
3383, 6249
6924, 6930
3772, 7065
6817, 9986
7462, 7995
8026, 8632
3356, 5290
4114, 8736
5387, 6307
335, 3854
2126, 7209
5053, 6289
268, 7944
1669, 5043
2343, 8238
3418, 6568
475, 1442
1637, 1718
2727, 8097
1371, 7219
1867, 6110
3630, 8402
3890, 9561
4884, 9228
7698, 9509
702, 5037
806, 5337
5457, 6077
1524, 3568
4255, 7235
5804, 6789
455, 7381
2317, 2517
919, 7038
2489, 6778
6707, 7858
3607, 5506
1268, 9236
1874, 8559
376, 746
4500, 5358
5990, 8987
7396, 9184
7691, 9932
5903, 6066
6605, 9501
962, 5064
3306, 5009
6763, 6860
123, 1532
5360, 8778
8414, 9168
1030, 8419
2467, 7685
2615, 3052
4870, 7581
8153, 9263
66, 3942
568, 9331
799, 1574
1548, 8674
4463, 5179
2197, 7781
762, 1632
8442, 9468
910, 5381
3723, 4096
5315, 5888
5499, 7302
92, 7916
4143, 6512
6765, 7848
8462, 9315
7932, 9848
2209, 6489
2890, 3644
1117, 8887
1440, 8909
32, 3984
1136, 6822
1826, 9970
7355, 8720
2671, 4963
4853, 5141
6766, 8455
1563, 6413
58, 4533
1645, 7366
674, 2793
4472, 5738
5094, 8402
4474, 8646
1774, 5970
5401, 6024
821, 8216
1463, 4262
5686, 9953
1899, 9762
9248, 9836
5515, 5778
1391, 7704
5125, 6863
792, 7354
3054, 9383
3278, 4999
4647, 9570
5969, 9470
204, 2375
2913, 3748
3776, 7244
4470, 6156
272, 9610
794, 1542
1076, 7628
2301, 5489
1049, 4417
487, 3361
4633, 7305
7515, 9625
1726, 4753
3201, 3648
5021, 7591
4099, 9415
3441, 6844
3480, 5284
1260, 7942
4955, 5621
2674, 5689
1831, 1996
5081, 7080
5946, 8426
4589, 5594
1983, 3852
7452, 9624
2961, 6020
729, 6570
2315, 8405
4770, 7594
4733, 5690
5597, 8396
193, 2774
469, 1335
2975, 5613
1978, 4911
2944, 9531
6140, 9876
2654, 5507
5642, 8176
8841, 8892
3419, 4412
4883, 8428
905, 1415
1669, 8653
6078, 8138
2331, 4228
2370, 4558
396, 5462
3311, 4405
5100, 7849
39, 4073
8023, 8886
1286, 9695
1385, 6577
210, 9401
2047, 5961
5184, 9070
5837, 9301
2692, 7118
545, 9866
2107, 2394
6911, 7727
5022, 7003
55, 3479
4545, 6796
6824, 8221
7380, 8711
3249, 6515
5910, 6450
782, 2554
2286, 6099
8460, 9353
3254, 3329
575, 2740
3589, 4606
1603, 4739
1614, 6141
1432, 3857
1622, 2978
412, 2604
8035, 9249
336, 9699
5844, 8833
7506, 7579
1848, 7216
8159, 8221
975, 4135
3002, 3426
201, 8064
1032, 9532
1478, 3440
2269, 7761
2357, 5172
4244, 8566
54, 5025
2739, 9226
226, 9477
1175, 8974
1140, 7873
5323, 5525
2160, 5787
6257, 8913
8136, 8256
980, 8360
446, 8320
2732, 9883
7385, 9174
903, 8377
7502, 8234
812, 4684
748, 3733
746, 6419
8327, 9227
316, 3154
3843, 7457
3885, 5015
3929, 7305
1071, 7218
3284, 6352
3412, 4169
6106, 8118
17, 2856
4868, 6045
7479, 9155
3133, 7102
3771, 9193
1691, 4978
1833, 9492
4653, 9493
444, 9351
5095, 8110
2733, 7303
3631, 6976
5005, 6687
5547, 7881
566, 6193
2148, 8359
5502, 7770
7950, 8311
1913, 7022
4892, 5463
2950, 7476
5929, 7965
4074, 7097
6288, 7635
1637, 5258
1219, 9381
2008, 6676
612, 1945
3110, 3130
3216, 9721
2810, 3835
1382, 2238
5241, 8362
287, 9074
340, 790
1720, 9673
940, 2695
8780, 9590
759, 9068
4180, 9700
5734, 6895
6644, 6743
145, 3947
1252, 7029
9495, 9635
2877, 8487
6436, 7193
3332, 6441
3889, 9425
4883, 7154
5682, 7164
8358, 8437
1686, 5146
882, 5917
1631, 4264
1679, 7708
1060, 2405
1583, 8293
3595, 9719
7818, 9023
1747, 8051
3107, 6282
104, 4369
1975, 1991
6050, 8111
4322, 9915
1540, 3110
1975, 9818
5031, 7467
4799, 9936
3779, 5343
108, 5564
3261, 5047
2205, 9922
4969, 8292
4592, 8162
331, 7154
1849, 2553
2995, 3382
3611, 7874
3265, 7345
838, 7860
4758, 5909
134, 9287
5443, 5902
53, 2276
6929, 9127
1711, 4819
4038, 6019
639, 7623
3826, 8074
1175, 6920
1197, 6290
6659, 9654
5135, 8230
5240, 6538
208, 660
6690, 7170
8319, 8600
6118, 6696
6676, 8637
8222, 9655
2006, 2839
1357, 6408
2677, 9165
3400, 6782
6763, 8263
6383, 7282
6448, 9435
1220, 8812
3760, 5132
254, 6648
4978, 7604
2618, 3188
5160, 7459
7073, 7371
105, 6348
2536, 5635
1402, 6776
1871, 7771
2087, 6506
4727, 7149
3040, 5410
6011, 6482
5811, 8445
2691, 8103
1572, 3653
9355, 9573
5997, 9859
186, 6168
5610, 7811
1531, 5178
5024, 6800
5815, 6957
3372, 5360
4480, 6290
5653, 6356
8692, 9750
1557, 9814
3391, 8151
5152, 5321
5442, 9971
2816, 6532
4427, 5728
98, 4359
3673, 7157
1420, 4156
8704, 9951
609, 703
242, 8727
610, 6294
704, 1366
786, 3732
990, 4269
1335, 6231
4265, 8619
2090, 7128
1494, 9060
1638, 9846
5651, 6917
6712, 8680
7860, 9889
877, 8624
1118, 3717
7147, 8360
1757, 5886
4490, 9407
1122, 4628
1237, 5809
6247, 9394
1172, 4900
5259, 9017
49, 3535
1545, 3620
1455, 6502
8549, 9427
7879, 7988
2043, 4282
5335, 7521
854, 2726
2910, 9679
1107, 7169
1936, 7195
4277, 8042
3881, 9233
6442, 7882
59, 5729
976, 7923
4224, 8608
5429, 6972
570, 4431
5103, 5483
5117, 6030
651, 7058
827, 7365
2737, 5738
7145, 8236
2124, 8860
4293, 8773
367, 9893
6069, 9734
1386, 9275
6161, 6741
4461, 8914
3505, 7942
3553, 3638
5019, 5734
761, 9647
3412, 5655
2034, 4083
6426, 6553
4353, 7613
5705, 9046
35, 8110
3869, 6054
4139, 7052
7125, 8376
2382, 2673
3140, 5697
5890, 6728
3038, 3553
3903, 5862
825, 2476
331, 8855
1888, 2307
6148, 7836
6453, 7885
606, 923
5955, 8329
1805, 5447
4074, 8285
7473, 7863
753, 2079
3975, 4548
5700, 7174
2034, 8095
4476, 6337
2247, 4038
432, 7292
1061, 3210
2843, 5410
5129, 8566
6860, 7267
1837, 3629
3857, 5699
8429, 8467
982, 9947
1066, 3659
3284, 4537
3595, 7737
3017, 9458
95, 2134
2453, 5353
6604, 9045
2636, 7507
2216, 4862
605, 4749
1778, 2452
5373, 7742
456, 2431
2721, 4660
3955, 9031
616, 8195
617, 2422
1659, 3535
2388, 9941
202, 9284
6480, 6998
2207, 2699
4629, 7658
2631, 8880
6239, 9266
261, 9649
1500, 4097
1637, 3926
2358, 9190
1277, 4376
6451, 9999
2660, 7848
3222, 3871
7559, 9540
5998, 8760
1808, 7074
4698, 5755
640, 7775
844, 2739
712, 1788
2175, 8565
3288, 8375
3591, 9176
1762, 9009
2494, 2853
3036, 4354
468, 9304
682, 9216
3240, 5254
4295, 6838
4886, 7116
5356, 9995
3371, 8279
4835, 6424
2005, 9581
4561, 8951
6305, 8790
9104, 9259
8672, 9378
1969, 5804
15, 7953
5144, 8766
4003, 9671
2041, 5970
1693, 3704
3454, 3970
3245, 5796
3672, 8204
1379, 9157
1144, 8572
52, 6953
2897, 3337
7483, 8696
1024, 2365
2075, 5691
3479, 4432
1051, 1403
97, 6272
142, 8303
2359, 2844
1484, 6685
3650, 7458
7772, 9764
4136, 6192
8273, 9542
3135, 9668
820, 4556
2928, 5407
1852, 6223
5655, 8030
3194, 6948
5311, 9653
6620, 6624
296, 8009
3269, 6864
1675, 3791
4119, 8498
5163, 6201
2926, 9759
366, 6947
1425, 3207
6106, 7120
1015, 1673
1995, 8841
632, 4849
1305, 9256
2611, 5764
7723, 8757
806, 8201
2693, 2718
1352, 5262
1423, 6055
5238, 8406
4934, 7214
6120, 9989
6809, 7231
1542, 3618
5378, 5743
4090, 5727
1012, 2178
3528, 5275
2797, 5370
909, 3820
2343, 9498
563, 6971
2094, 4313
4281, 4362
4488, 8433
2288, 8375
4685, 6371
765, 7121
2281, 3878
521, 3749
5611, 7150
443, 3749
2605, 2830
1725, 4407
2623, 6485
4284, 8367
1201, 5446
4157, 7791
407, 5542
927, 9002
2223, 4754
2265, 9545
2865, 5307
7505, 7961
1912, 8624
4990, 5320
382, 6003
3172, 7498
423, 4708
2077, 9715
8387, 8633
1196, 3536
6099, 9734
1867, 7089
2266, 6692
5313, 9330
4672, 7898
9010, 9558
4795, 8308
371, 4961
7075, 7397
2280, 6224
3783, 6046
3808, 8105
6703, 9485
2996, 4819
7548, 7920
4022, 6479
334, 9820
2005, 7618
4096, 4133
6572, 8628
2538, 7921
7163, 7606
3243, 5510
4707, 9710
6624, 9200
3054, 7282
7895, 8461
3491, 9944
3821, 4305
3849, 6620
2898, 8126
4591, 7398
8079, 8776
3234, 6868
6041, 6900
264, 2270
661, 1572
5223, 6628
7571, 9346
3424, 4081
3993, 4104
2033, 5702
2396, 5291
5195, 9019
5939, 8737
1300, 8669
1364, 4580
1988, 2426
3089, 6028
3537, 6035
7168, 7750
7191, 8463
2415, 6617
9369, 9889
372, 2826
1942, 5443
2812, 2822
4014, 8876
2881, 6433
5380, 8000
2300, 2416
2740, 3238
2913, 9609
446, 1248
1964, 6951
2952, 9414
5047, 6189
7695, 9276
3474, 4397
956, 7705
4141, 4894
5810, 6984
3350, 8584
3514, 4245
952, 6473
7914, 8785
996, 6419
2161, 4159
1272, 3181
4789, 8047
798, 2151
2845, 9307
777, 3984
8643, 8743
1130, 4847
2045, 2155
2349, 9761
3660, 4213
4779, 6501
2947, 5864
3392, 8010
2339, 4862
4687, 5944
158, 5371
2132, 4163
5533, 7343
6431, 8916
9117, 9564
2176, 5169
378, 1460
5253, 6380
6400, 6486
8511, 8523
686, 5630
5030, 5445
8001, 8606
3376, 3408
2798, 2907
3560, 6290
3340, 8346
5041, 7583
6675, 8226
2925, 3272
211, 4108
1495, 6374
3300, 8413
1567, 3064
1889, 5598
1143, 2957
303, 3253
8092, 8788
4727, 5364
5372, 8907
892, 6865
1580, 9218
3494, 7736
4439, 9504
6799, 9494
5406, 9423
7104, 8539
7739, 9787
3177, 9539
3521, 8620
663, 4649
1746, 5807
3801, 5632
4855, 6965
1546, 5051
5616, 6411
368, 7287
599, 1066
2271, 7871
977, 8540
1844, 8202
5937, 6628
603, 4352
4148, 5333
171, 5833
2738, 8736
2065, 7756
1896, 5715
2999, 8665
1370, 2444
400, 8121
2067, 7052
5675, 9205
5470, 8367
129, 7488
4647, 6326
5805, 7869
9375, 9674
2059, 3799
5810, 6348
742, 5689
3597, 4834
790, 7006
8715, 8938
2541, 8522
1490, 1636
4367, 5731
581, 8474
3166, 3179
1656, 8679
2910, 6789
4517, 6229
4676, 8187
6745, 9466
9384, 9800
4674, 8525
6648, 8143
3037, 6566
3327, 9863
5929, 9211
566, 4057
2364, 8085
2710, 5160
4314, 9559
1565, 5158
1729, 7696
2553, 3383
8648, 9332
3053, 5109
1709, 9186
2059, 9660
288, 6616
7333, 9389
2273, 5712
1271, 3805
5999, 7771
3943, 8291
1108, 7020
2681, 3377
4555, 5585
1807, 7368
33, 1938
214, 3822
2198, 6587
649, 5390
4572, 7170
7384, 8251
6631, 9876
3720, 4543
5836, 6906
8695, 9707
715, 1985
1681, 3938
1732, 2710
3930, 9458
4494, 4871
6798, 9293
361, 1804
3227, 6696
3899, 4934
7419, 8282
3956, 4177
1033, 3248
997, 4136
585, 1167
4132, 7179
2367, 6421
1460, 6359
308, 3456
703, 7041
1902, 8860
4411, 5667
4509, 9511
2112, 8717
2583, 5106
4579, 5919
4009, 8100
1317, 3023
1543, 8546
3189, 8969
406, 3306
1156, 6348
4984, 6565
240, 9576
4167, 8122
77, 6608
1358, 3295
2204, 2580
622, 1884
4141, 8407
2743, 9859
5933, 7901
568, 8094
2612, 9293
836, 8012
6467, 7927
2845, 7577
4852, 7498
358, 6205
584, 3566
6322, 8274
5967, 9289
3251, 5663
3083, 7390
4095, 7391
6086, 6871
967, 2343
3517, 6481
4122, 5676
4236, 6090
1475, 6399
2754, 3591
3278, 8608
2482, 6466
1934, 8461
3428, 8878
5702, 9438
6214, 7712
8958, 9519
3774, 5833
4037, 9346
118, 6627
4788, 5102
150, 7559
396, 6393
2927, 3707
3216, 6510
5566, 8186
3060, 4350
8004, 8500
546, 2045
788, 5537
6896, 9043
3962, 5578
1030, 9767
3354, 8339
4261, 5472
504, 6306
3406, 9397
5325, 9763
1460, 6144
3498, 6073
1106, 4522
2319, 9112
1982, 2673
5681, 7607
5646, 7068
2513, 8421
730, 9396
2059, 7342
3701, 7585
4060, 6776
4087, 7279
4448, 7697
2105, 5948
494, 842
6339, 6647
2843, 9994
3331, 3912
6120, 8404
3184, 4306
3610, 9618
2760, 7309
8827, 9122
465, 1562
2405, 4763
6709, 8993
38, 9015
2973, 8246
5188, 7467
1635, 3172
130, 5162
6693, 6987
66, 9550
926, 950
115, 8466
2418, 6055
3780, 8567
6972, 8824
2639, 3163
1250, 9853
1264, 3705
306, 2528
2292, 5717
4225, 8725
234, 3015
486, 7566
2754, 8243
3599, 8740
3906, 9999
7824, 8711
5276, 8977
138, 2998
6096, 6940
3819, 8115
383, 6255
1714, 2697
5251, 7101
607, 1489
823, 3248
1166, 2056
4179, 6298
1915, 8019
3658, 7442
4731, 8836
699, 7589
2917, 8656
4766, 6961
5445, 6898
71, 3911
2785, 8228
6105, 7831
7124, 9039
1722, 8569
1010, 9787
1905, 6535
4737, 6270
3005, 8623
9513, 9593
2885, 5865
783, 7002
864, 6541
7302, 9940
745, 874
2417, 8776
376, 6728
3164, 4528
3558, 8588
148, 6340
1998, 9327
1110, 9954
2671, 8188
1890, 9991
6629, 7325
8927, 9527
668, 6907
1297, 6557
8295, 9703
3150, 6101
2536, 4929
5296, 9085
553, 3726
7416, 7541
2971, 7566
2970, 6515
5347, 6582
2409, 8350
7196, 7918
5952, 6122
5293, 5745
966, 7018
918, 1330
3209, 6634
2483, 2570
3440, 7383
4408, 8461
207, 6402
1977, 9898
5138, 6054
5688, 9519
1816, 8461
2682, 6531
4676, 6217
2535, 8606
888, 7020
614, 1115
499, 7666
7827, 8058
2646, 8898
1760, 6984
7553, 7789
7791, 8449
6623, 8604
6174, 9848
352, 1427
1761, 6894
6222, 8863
2304, 4547
2202, 6064
1360, 6813
7714, 7928
2145, 5232
4683, 5503
340, 5960
28, 4086
3974, 9830
7582, 8545
6062, 7484
497, 7111
4193, 7144
6864, 9437
804, 9191
2058, 9772
62, 9206
2201, 3770
198, 4716
2996, 3760
8150, 9142
813, 4751
2070, 5338
7099, 7342
1014, 5042
7545, 8728
426, 4830
1120, 4273
1419, 9147
1296, 9350
4950, 8585
1989, 2998
342, 4406
1481, 8150
3862, 6514
4530, 4866
6151, 8517
2486, 2957
109, 3023
1728, 5885
4569, 4796
4025, 8540
7070, 8800
3453, 6949
1196, 9698
6661, 9887
4518, 6316
2340, 9894
4255, 4524
1913, 2676
1782, 1965
3113, 7009
847, 9417
2131, 8593
5115, 9748
1432, 1493
805, 7166
1878, 2369
5996, 9076
4645, 7197
4690, 8129
4655, 9021
7686, 9935
331, 3595
6239, 6793
3489, 9076
923, 3025
1247, 4010
65, 5177
5369, 6460
3548, 5467
2427, 9783
488, 9657
4691, 7616
3262, 7310
4951, 8325
6334, 6751
4109, 7158
1930, 4423
4874, 5384
1290, 2721
5829, 9325
2352, 3925
537, 1630
4467, 6885
766, 2724
8165, 8366
357, 5157
2157, 2610
7652, 9235
4711, 5105
4253, 9187
3079, 5087
187, 5413
974, 9527
1053, 8148
3593, 7440
1773, 5451
5560, 9135
1998, 3757
3115, 4012
4554, 8921
5759, 5824
41, 2721
1516, 2696
6602, 9109
3070, 4520
6112, 9045
7037, 7701
144, 4450
2466, 8960
3280, 7309
4797, 5895
1831, 7207
1497, 9084
5815, 6250
454, 2286
2251, 2678
2694, 3983
61, 2111
99, 2348
2744, 8828
562, 9349
4044, 6781
2475, 2794
2451, 7744
3463, 7679
1067, 6300
5937, 8381
1476, 7206
1168, 2020
3663, 6191
6375, 8356
3677, 8976
1216, 6792
498, 5164
3691, 4983
5361, 6620
2630, 3028
2306, 4935
5695, 7967
843, 6929
3933, 7430
5820, 8440
2686, 4220
3134, 7968
3574, 8492
4357, 8242
1840, 4821
6982, 7719
5049, 5849
5968, 6155
2967, 3894
4760, 7682
6550, 7500
1523, 8505
5329, 9682
5530, 7707
1782, 1868
4429, 5309
8266, 9460
1554, 4738
5798, 9221
2590, 9054
5658, 6114
272, 8870
1877, 2688
2883, 8888
4415, 5970
752, 3395
2807, 5955
8002, 9178
2360, 3061
229, 820
1893, 2526
6291, 7870
1470, 2629
4111, 7949
3728, 4566
4579, 6058
1730, 5408
311, 7831
423, 5556
3000, 6777
7584, 9085
1745, 7749
7691, 8865
2272, 7556
4331, 8836
6240, 9153
4040, 6540
122, 4124
2336, 5804
1666, 9327
851, 9804
6099, 7977
2189, 8666
3454, 7349
5514, 7017
3735, 5675
5124, 9631
1766, 2319
998, 6986
1055, 6155
1963, 7322
5938, 6390
1718, 6362
3026, 4790
199, 4155
2941, 3978
2515, 4837
2193, 7255
2990, 8924
3290, 7366
6232, 8824
665, 2930
1876, 4508
468, 5550
866, 8932
1066, 6438
3064, 8059
2020, 7610
1179, 5137
3772, 9373
6169, 8416
1059, 1820
200, 1161
6305, 8729
1329, 2958
477, 775
1039, 3760
2019, 4540
4080, 6430
1267, 1538
4111, 5914
1281, 6964
4653, 5675
42, 1080
4093, 5052
4549, 4917
3387, 7945
1719, 6395
4084, 9212
4594, 7148
382, 2108
3746, 3803
446, 5735
4476, 7601
5905, 9716
4321, 8788
4203, 7943
2806, 9793
9213, 9891
1901, 7490
5765, 7593
426, 8818
1100, 4265
1013, 1367
2592, 5874
7308, 8388
5395, 6633
7052, 9680
1154, 3591
2056, 6498
4510, 9896
1374, 8275
216, 7399
5831, 9606
467, 7801
5047, 9522
519, 7148
1777, 4245
6378, 9374
3042, 8308
4899, 9885
1515, 5957
2229, 4343
3299, 3506
6753, 9356
3762, 7874
2702, 4404
5445, 5574
6492, 8459
3456, 4072
5935, 6833
4058, 6828
6217, 8381
6171, 6987
6642, 7243
5565, 8513
801, 1241
5204, 5912
6092, 7969
3459, 9486
5529, 6502
651, 6671
4761, 6505
1389, 8942
4062, 7985
695, 1321
523, 5709
1608, 2157
2666, 9919
3286, 7239
5412, 7782
2238, 8420
5312, 6121
1284, 3472
4832, 7534
968, 8998
3399, 3431
2876, 4572
7788, 8316
4794, 7492
4879, 5915
6258, 9961
2411, 3851
3514, 4357
7623, 8069
2716, 5148
419, 2678
4934, 5101
4841, 9118
1809, 5774
3461, 4887
5134, 5203
4637, 9454
6708, 8699
5115, 9780
110, 1406
8367, 9420
3112, 3187
358, 3162
4078, 7762
549, 3203
4816, 7728
4643, 6157
4860, 8144
2078, 9273
279, 6562
5553, 8664
2327, 8223
2785, 4186
6219, 7822
6398, 7080
533, 3638
374, 3422
4150, 8764
3161, 8975
5707, 9921
2276, 9294
1658, 6262
1273, 9007
2195, 6254
841, 4808
1495, 5922
1228, 9762
99, 2761
629, 4638
316, 6526
1722, 6742
4205, 7694
559, 5807
9108, 9875
3163, 6754
7296, 7375
3219, 3689
2185, 3563
3820, 4971
2072, 6002
10, 111
9490, 9906
7595, 9698
183, 5313
280, 8415
3344, 3598
6569, 8556
1668, 3101
2134, 3481
3676, 6208
477, 4962
3360, 3697
1244, 2739
4237, 5535
1359, 9895
134, 2658
1616, 4054
2922, 3668
3482, 8497
868, 9976
2268, 8262
2591, 8310
4442, 9042
5816, 7302
307, 1040
3753, 8236
163, 7567
2782, 3670
332, 7933
5035, 9017
6132, 7947
7192, 7276
856, 6420
1096, 1793
2669, 5570
3348, 9643
39, 8602
271, 7637
1685, 1735
5751, 5951
8699, 8758
2163, 6652
131, 6155
8065, 9467
1378, 3656
4814, 7926
5424, 8325
3410, 9806
3226, 9592
1465, 4103
4654, 5812
2845, 5517
2173, 3959
4755, 7615
1164, 5085
1877, 3235
4507, 8828
1353, 7623
3108, 9124
1807, 9816
3771, 4311
2027, 7155
9257, 9482
2463, 3568
2556, 8078
5320, 8639
353, 9452
3095, 7829
3884, 5194
2980, 6135
5315, 7513
7844, 9934
2267, 2458
5194, 7815
6880, 9095
4873, 7171
4729, 6023
2019, 9829
553, 3271
973, 9490
4240, 8161
260, 5639
3977, 5555
1207, 1545
5889, 7709
3303, 5498
299, 4656
2350, 5168
2534, 8129
6428, 7176
471, 9846
2173, 6401
2024, 5995
2520, 6966
1191, 7812
4420, 7035
4837, 6384
5536, 6600
6538, 9283
298, 4899
1224, 6744
1240, 6458
4166, 7675
1304, 3519
4127, 4582
5667, 7262
3003, 7356
2309, 5172
1660, 3105
3263, 8705
6275, 6894
3284, 4106
8157, 9378
1908, 6290
7800, 9855
2061, 7318
3365, 7165
4155, 7917
6974, 7457
1287, 4262
4379, 7304
3061, 4365
4756, 7807
7692, 9775
516, 5476
2279, 8120
1606, 4478
1704, 7851
535, 8850
1911, 8530
640, 2403
6324, 8637
2869, 3078
7359, 9162
879, 2070
6063, 6338
2985, 5126
3515, 9852
349, 950
7560, 8518
989, 9763
4023, 7368
143, 9048
3611, 8894
1665, 7783
2025, 4550
4052, 7522
1306, 9024
2262, 8397
755, 1338
5357, 6783
5437, 5643
260, 6632
539, 1744
6730, 9828
3073, 3675
4450, 8942
6551, 7294
1404, 7344
1352, 3339
7055, 9836
2631, 8740
485, 749
3928, 9192
6462, 7339
35, 8199
1067, 8831
3328, 9138
3343, 4483
6477, 8609
2690, 5846
7726, 8961
1197, 3488
493, 3674
2982, 9587
12, 8864
1227, 3718
8548, 8712
2185, 8314
860, 3662
4105, 8253
505, 2123
1521, 8561
3249, 6685
1161, 9722
142, 7084
4744, 6272
3196, 5409
1221, 3564
5114, 8228
726, 5647
4222, 6395
1331, 8047
3684, 9129
3629, 9653
3703, 6870
5972, 8801
4585, 6411
1965, 3584
1349, 6750
988, 2972
2289, 7400
3310, 7215
1437, 6952
4063, 7341
5217, 9697
4978, 5571
5694, 7820
2533, 6606
1068, 8329
2676, 6653
1778, 6172
4262, 7598
11, 7959
2168, 4446
1612, 4403
6126, 6751
6785, 8935
6, 9909
3597, 4465
493, 7997
1079, 6352
3255, 6308
1282, 1911
6459, 8781
5168, 5909
329, 2665
1950, 6148
1450, 7024
2115, 7640
178, 2468
5788, 7826
5795, 6741
6590, 8482
6630, 9434
988, 3716
2462, 7909
3600, 8297
7582, 9347
2017, 3647
1599, 7118
1094, 7914
6237, 7443
4052, 5288
3402, 8782
262, 5874
3134, 3358
2831, 3316
4180, 7711
29, 2728
7275, 8387
6412, 6504
1919, 2763
328, 2976
2085, 8989
761, 8684
7708, 8850
2565, 3958
2656, 8541
218, 2414
652, 3343
678, 2253
8077, 9198
6673, 8880
1259, 2308
5794, 9173
2270, 3953
2508, 7888
417, 5749
438, 2454
1498, 4759
3084, 8105
4989, 7964
1466, 8667
698, 3195
8106, 8281
4661, 7583
1273, 9138
3796, 6212
2004, 8631
3237, 7043
6350, 8690
451, 3377
2700, 3882
4372, 6298
2653, 6865
3483, 9868
3200, 6810
1742, 4317
729, 2384
713, 9675
1537, 2391
3413, 5230
5460, 6614
2597, 6464
6779, 7338
2193, 9689
6704, 9801
305, 3367
6794, 8973
1169, 1783
1510, 1932
5218, 6408
3592, 4916
2168, 5299
3887, 5821
2637, 7413
2439, 2817
4153, 7025
3012, 8792
4643, 8752
5986, 9878
6855, 7711
3967, 5379
5871, 9063
3699, 8215
4447, 4697
1861, 2647
645, 879
3596, 8862
909, 1239
203, 5793
7042, 8977
1160, 8901
1429, 9110
7986, 9357
3154, 9001
1017, 9742
2991, 9444
8788, 8962
2256, 2532
8799, 9417
7946, 9708
5823, 6790
1575, 8684
3361, 9439
3793, 5894
865, 9909
7762, 8837
3674, 4227
4172, 4515
1561, 3183
132, 8750
330, 6188
5441, 8625
6210, 9309
5427, 6148
681, 1018
124, 7249
2498, 3989
5149, 6956
542, 2134
5941, 9690
3237, 5615
4807, 5546
3998, 5719
7143, 8017
2776, 7508
2883, 5516
1171, 1540
2521, 7661
4943, 8678
480, 5459
1313, 1536
2989, 4882
161, 9706
256, 1365
3583, 3687
5342, 7597
6609, 9472
2209, 4184
8626, 9029
9359, 9855
3363, 8306
6426, 7433
8538, 8884
3530, 6173
3778, 7983
156, 1636
1494, 2849
34, 716
8433, 8830
3149, 7412
6302, 8819
4644, 9799
1204, 7264
6030, 8378
6143, 7416
4209, 7911
8868, 9464
858, 8669
3233, 4226
5977, 9382
3608, 7114
4323, 6772
3970, 5282
903, 2401
2477, 8186
4105, 4116
3447, 8456
2658, 9694
1814, 3956
3045, 9290
4451, 8957
4691, 5677
465, 2576
4863, 7994
7312, 7544
1883, 9645
5979, 9724
1150, 1747
2334, 9863
5494, 9860
4725, 6768
2759, 5849
309, 6958
4601, 6025
745, 6910
7364, 8411
3104, 8905
8174, 9803
4098, 9506
4328, 6691
4678, 4702
6119, 7244
1527, 7978
1573, 8052
5514, 6303
5701, 8631
825, 3282
459, 9637
913, 7277
2879, 9979
242, 709
3737, 9915
3362, 9238
970, 9570
5096, 9961
1157, 7113
774, 9945
951, 5503
7546, 7987
4430, 4948
9530, 9600
2436, 7671
4902, 5120
2285, 2663
4419, 9144
248, 7263
2335, 3119
2461, 7070
5481, 7221
1155, 4289
1875, 5543
2860, 3980
8435, 9973
1131, 2826
1271, 6635
1502, 9316
807, 9449
2869, 9187
3085, 7428
1858, 5381
1291, 4578
1312, 2969
8353, 8838
3483, 6403
3433, 4172
1739, 6400
6602, 7630
3256, 6748
4995, 5913
4922, 8536
6094, 8512
7700, 7880
3869, 9601
3193, 4264
1840, 4034
934, 2424
5087, 8903
3146, 6336
8047, 9514
7494, 9465
3573, 6819
3640, 9559
6463, 8532
2910, 8076
7925, 9259
458, 4652
6539, 7035
1960, 6364
2541, 8715
5189, 8507
4448, 8220
2429, 5065
1814, 2864
5619, 7587
5437, 9978
683, 8829
5730, 8737
8907, 9704
146, 9305
8142, 8392
374, 8943
2177, 7243
2016, 7227
3235, 7651
1040, 4863
5556, 8130
5750, 7953
870, 8127
394, 9808
3121, 8838
1769, 8021
2063, 8516
159, 3934
459, 5053
7412, 7983
1101, 2897
5980, 6967
4104, 7688
1942, 8134
4285, 6554
174, 5140
9324, 9403
6723, 9524
1477, 9281
2172, 6862
6746, 7841
4915, 8208
2312, 4693
2990, 9094
3142, 3958
590, 4142
4985, 6973
480, 2292
8707, 9634
1026, 6581
1530, 3018
1670, 9596
5587, 5649
1903, 7530
3318, 9177
73, 4267
925, 2955
5486, 7245
5044, 6979
9419, 9852
1593, 8512
3485, 9686
8842, 9784
6053, 7724
3446, 5685
956, 7729
1252, 8208
3175, 9530
6365, 6806
3259, 8899
3114, 8582
8701, 9345
1086, 7831
802, 8430
155, 9466
2469, 4966
50, 9798
738, 7064
6330, 9766
1716, 2689
3847, 9016
297, 7496
6884, 7401
80, 210
2469, 2796
8953, 9493
4565, 5967
4460, 4832
1262, 4223
1409, 5560
6899, 6911
724, 5620
856, 2614
4239, 7481
6897, 8352
1091, 3321
2046, 3236
52, 1740
1291, 5161
1486, 8638
2919, 7313
6861, 7471
3570, 4320
2748, 8622
7502, 9336
3865, 5761
3217, 4300
4610, 8658
3603, 8290
1959, 4174
6469, 7833
3230, 6213
1219, 4732
3257, 6718
840, 2438
1598, 5273
1222, 5312
6160, 6381
13, 3886
573, 800
1568, 3603
648, 3283
2097, 4658
5441, 9022
2381, 4758
48, 7217
4927, 6664
1423, 8370
2038, 5414
3780, 9756
6884, 8432
3154, 4248
4546, 9325
3864, 9320
4575, 6263
7823, 9981
5609, 9445
7797, 8746
5900, 7161
1446, 6275
4312, 7366
4768, 9009
7922, 9686
328, 941
2584, 6095
3625, 8318
2282, 7386
2915, 5857
1865, 8504
1346, 4958
8301, 9348
7062, 9790
899, 7902
30, 1283
5800, 9687
2133, 3313
5488, 7922
4603, 9508
1976, 2208
5398, 7839
1266, 4475
3049, 3696
6129, 6877
4677, 9410
629, 8598
2300, 6916
124, 3449
3435, 7852
7603, 8507
6748, 9841
3469, 8654
1023, 5300
7389, 8205
1803, 7291
5402, 9275
3275, 3818
4326, 8685
1003, 5360
520, 2244
4684, 9990
1525, 1822
1398, 7648
3740, 8759
112, 2632
2290, 8251
847, 3913
1132, 8911
4525, 8152
2548, 7974
308, 7417
3047, 8277
3225, 5280
4901, 6782
1369, 5036
3982, 7769
978, 7395
1578, 8982
1895, 6012
6876, 9467
1692, 3016
1967, 4399
2079, 3787
6068, 8424
4743, 6693
3394, 9137
2, 1153
8836, 9496
1508, 5680
1059, 8808
613, 4118
4173, 8173
700, 2713
6357, 8408
2399, 6443
91, 9938
3671, 6434
806, 2141
3462, 7534
2741, 4599
3518, 9723
1456, 1591
6825, 9856
384, 1082
