2.394293
0, 2003
2003, 4465
0, 5301
1668, 5301
1229, 1668
1229, 2296
2296, 7132
2296, 3070
3070, 7501
7501, 7895
6286, 7132
5476, 6286
4465, 6104
6104, 7013
1668, 8614
2003, 6636
909, 5476
909, 8409
4472, 8614
1547, 4472
1509, 1547
2119, 4472
1229, 5885
3126, 5885
1159, 3126
1159, 8838
1159, 9054
7, 9054
3317, 9054
3317, 8524
1607, 8524
4606, 9054
3885, 4606
3885, 7545
981, 8838
3704, 7545
7, 4130
1607, 9568
841, 9568
841, 2118
2118, 2195
1552, 2195
1552, 7248
285, 1552
7749, 9568
1615, 3317
1615, 6336
1615, 7589
425, 7589
1615, 8564
8564, 9178
1655, 9178
1655, 4379
135, 9178
7545, 8829
3784, 8829
3784, 4653
3597, 4653
3007, 8564
1547, 4940
4940, 6882
3025, 4940
2252, 3025
697, 2252
697, 3476
3476, 3925
697, 2878
2168, 2252
2168, 3474
2168, 3659
602, 3659
602, 2669
3659, 6983
6983, 8247
320, 4940
3925, 8493
320, 3149
3052, 3149
5885, 7872
6699, 7872
3704, 9881
498, 6983
498, 7061
498, 3440
3440, 5544
332, 3440
498, 5453
103, 5453
5453, 7922
5539, 7922
2377, 8493
2377, 6090
2377, 3080
31, 3080
31, 1299
31, 3546
3546, 4017
6090, 7826
2711, 7826
2711, 5174
2711, 5119
3256, 5174
2711, 4961
4961, 7072
2885, 5119
2885, 9437
6168, 9437
210, 7826
210, 7994
210, 6861
3163, 3256
1834, 3163
1834, 7482
928, 1299
928, 9771
8050, 9771
8050, 8176
921, 8050
8919, 9771
6635, 8919
6635, 8082
1299, 2944
8919, 8931
8197, 8931
8197, 8261
8197, 8542
1443, 8261
586, 1443
1036, 8931
210, 542
542, 6886
6886, 8737
7396, 8737
2484, 7396
554, 2484
554, 4505
554, 3301
2484, 5970
1199, 5970
5801, 5970
2358, 5801
2484, 7209
5970, 7029
3162, 7029
542, 861
3301, 9195
5769, 9195
3862, 9195
1678, 5801
1678, 4141
3862, 5516
5150, 5516
5516, 9857
3980, 9178
3980, 6092
210, 5426
2943, 5426
2377, 2730
2730, 4026
2427, 2730
4026, 4120
1895, 2730
1098, 3256
1607, 2370
2370, 9795
1747, 2370
1747, 6305
8763, 9795
4285, 8763
4472, 8515
2885, 7880
120, 7880
120, 1107
618, 1107
770, 1107
120, 2510
1107, 9388
1373, 7880
1107, 4529
3841, 4529
4529, 5401
1107, 7648
1355, 7648
5401, 5908
41, 5401
41, 8805
8766, 8805
3590, 8805
41, 1909
5148, 8766
2416, 8805
3870, 5148
41, 9775
41, 3255
3255, 3333
3333, 5621
3255, 9854
3321, 9854
2533, 5621
1023, 3333
1023, 4051
4051, 4937
3337, 4937
3337, 4278
1904, 3255
2328, 2533
1904, 5953
6633, 9854
4529, 5664
5664, 9730
6682, 9730
6682, 6751
618, 1943
1943, 9796
6739, 9796
6739, 8796
2860, 8796
5346, 8796
5346, 6621
4076, 6621
5346, 5695
5695, 7666
473, 6751
473, 3688
473, 7961
5157, 7961
3096, 5157
3333, 8845
3086, 6751
2471, 6621
2471, 8193
8193, 9357
9085, 9357
4088, 9085
8813, 9357
2999, 8813
8720, 8813
7756, 8193
6633, 9738
600, 4937
600, 9135
2328, 4007
1823, 6739
1823, 2919
1116, 2919
2471, 2508
2328, 9699
3351, 9699
3351, 4853
3351, 6593
2148, 6593
334, 2148
2148, 6313
1184, 6313
1184, 2715
2715, 9723
1184, 3631
3631, 5205
2715, 9152
6974, 9152
3994, 6974
2335, 9152
2335, 9477
2510, 7007
1355, 3781
2416, 9197
2416, 8765
4007, 7175
4853, 9077
2689, 3351
259, 2689
3870, 4388
2551, 4388
2551, 7129
2232, 7129
2232, 5766
8493, 9073
1888, 4465
7378, 8796
5748, 7378
479, 7378
479, 3356
479, 4454
2503, 7378
4454, 5050
322, 7378
322, 3161
3161, 4156
4704, 5748
7378, 7398
3356, 9986
3161, 6883
3130, 6883
1409, 3130
1409, 9044
6358, 9044
1409, 1817
7378, 9693
4843, 9693
1562, 4843
4843, 9004
5755, 9004
322, 516
1232, 3161
6883, 8423
6726, 8423
27, 8423
283, 6726
6391, 9986
6391, 9090
1814, 6391
4685, 9090
1814, 8278
1252, 9090
1252, 2396
2396, 3902
1252, 3009
1252, 7267
4772, 5748
3961, 4772
3961, 6216
3485, 3961
4772, 9003
2938, 4772
2938, 4093
594, 4093
2938, 6458
5826, 6458
6216, 7424
4018, 4772
935, 4018
4156, 9496
6197, 7378
900, 4018
900, 8264
7999, 8264
900, 6401
516, 3757
3757, 3807
3757, 5985
1806, 5985
5985, 9368
6500, 9368
198, 6500
3536, 3757
1363, 3536
1203, 1363
1203, 2038
2007, 2038
2007, 2383
2383, 2507
2507, 7988
315, 7988
315, 6295
315, 2142
4114, 7988
4114, 4744
2507, 8384
3877, 8384
5906, 8384
2718, 3877
2718, 9242
315, 566
2383, 3905
3905, 6132
5498, 6132
5498, 8282
8282, 8419
7439, 8419
924, 7439
924, 7066
924, 9528
5585, 9528
5585, 8284
3594, 8284
6183, 9528
6183, 9426
5077, 5498
5064, 9528
2718, 6896
1363, 4461
252, 4461
1203, 6547
4257, 9426
1622, 3905
2731, 8284
1192, 2731
1192, 3399
1192, 2889
4114, 9861
985, 9861
9137, 9861
7617, 9137
2178, 7617
6202, 7617
6202, 6363
1583, 6363
1583, 2958
2958, 3513
1078, 3513
1078, 6144
6363, 9284
2958, 8029
8029, 8672
2000, 2958
2178, 6693
4295, 6693
6693, 8677
2667, 8677
4420, 6693
1682, 4420
1682, 3780
924, 4491
4491, 8112
4491, 6359
2351, 6359
2351, 3788
2169, 3788
2351, 2598
2598, 4563
4563, 6257
6257, 6747
2198, 6747
2598, 6040
1353, 6040
1353, 3708
2031, 6040
2031, 7365
104, 1353
2676, 4491
4474, 4491
4474, 9391
8926, 9391
2675, 8926
460, 8926
8386, 9391
2675, 5134
1762, 4474
1762, 7844
1176, 7844
286, 460
8386, 9741
286, 7579
286, 5686
2169, 4090
104, 3347
3347, 8762
4991, 8762
7046, 8762
5955, 7046
2642, 5955
2642, 8422
1641, 8422
5955, 9449
7046, 8554
5140, 8554
6069, 8554
5140, 8401
5140, 9192
5654, 9192
201, 6069
4595, 9192
2198, 7290
3362, 8384
3362, 8584
2307, 8584
2307, 6169
2307, 8851
5019, 8584
5019, 8415
8415, 8416
1719, 8415
6151, 8415
552, 6151
6151, 7476
3522, 6151
2362, 8415
1418, 6069
2793, 5498
2793, 3391
949, 2362
2985, 8282
2985, 9978
9078, 9978
3670, 9978
4461, 7615
2198, 4990
2369, 4990
1136, 2369
1136, 2685
315, 1842
1842, 4063
1815, 8419
1815, 7315
924, 9981
5041, 9981
5483, 8554
5483, 9646
5483, 5905
2676, 3397
3397, 8490
3397, 8280
3397, 5958
3961, 7196
3048, 7196
3048, 4993
1752, 3048
1752, 3479
2448, 6197
2448, 7935
714, 7935
4605, 6883
4605, 7083
3397, 9831
5566, 9831
1307, 5566
348, 9831
348, 6243
1518, 6243
1315, 8851
1315, 3113
1633, 3113
1633, 1940
323, 1633
323, 1772
1315, 9634
7754, 9634
6344, 7754
6344, 7293
3219, 7293
3195, 6344
1330, 3195
449, 1330
449, 4970
449, 7766
3259, 9634
1315, 7348
3117, 7348
3117, 4140
4140, 6406
6406, 8124
3048, 8098
4843, 9220
4875, 9220
7365, 8771
5824, 8771
2236, 2938
877, 2236
877, 4185
4185, 6821
5586, 6821
3616, 7378
3892, 7439
3892, 7862
6084, 7862
7014, 7862
3776, 3892
3705, 7862
6084, 8622
4491, 5668
2521, 5905
5755, 8324
6084, 7265
5945, 7265
1597, 9496
9057, 9831
2313, 9057
2313, 6099
2075, 2313
9057, 9208
151, 6099
2313, 8032
8032, 8350
4078, 8032
8032, 8063
7067, 8032
3073, 7067
6463, 7067
993, 7067
993, 2071
7067, 9635
5156, 9635
5156, 5478
5478, 7393
7393, 9425
4207, 5478
4207, 8160
5156, 5280
4573, 8350
1204, 2071
1204, 4034
3324, 9425
2787, 7067
151, 7407
4034, 6640
3753, 8063
3753, 4273
1795, 4273
5459, 7067
3073, 4978
2236, 2641
2641, 8990
8945, 8990
8990, 9910
594, 5384
5384, 6829
6829, 9955
6969, 7066
6969, 7704
2815, 5205
5577, 6974
5577, 8704
592, 5826
592, 9527
5385, 9527
5651, 9527
2528, 5651
2528, 6436
3891, 6436
1743, 6436
1743, 2233
2233, 9862
1743, 4005
4005, 8096
4005, 9838
5333, 9838
88, 9838
3695, 3891
7258, 9862
3429, 7258
1721, 7258
1743, 7494
3524, 4005
7494, 7699
5145, 7699
1743, 5619
5619, 7228
3046, 7228
2948, 5619
2948, 6088
5999, 6088
3520, 5999
3520, 4487
5999, 9627
8531, 9627
6293, 8531
2087, 8531
2087, 9587
3650, 4487
4487, 5144
3339, 9627
3520, 6136
6136, 7071
2384, 5144
2384, 9472
1590, 6293
4007, 4401
3694, 4401
3249, 3694
3249, 9889
2201, 3249
1593, 2201
630, 7545
630, 3379
630, 823
5747, 6286
780, 7754
3925, 4160
4160, 5345
4, 5345
4, 9563
5345, 8884
4160, 8907
8181, 8907
2943, 3903
1211, 3903
1211, 1354
450, 1098
450, 9963
770, 5816
4776, 5816
1373, 6565
607, 9730
607, 5409
607, 9061
1868, 9061
311, 1868
311, 8020
9061, 9144
1128, 1752
2084, 5905
2084, 2480
4702, 5664
4702, 5274
1420, 5274
1420, 8740
2770, 5274
202, 4702
202, 1627
1588, 1627
1627, 6066
6066, 7130
2428, 7130
7684, 8740
2770, 5779
2364, 5779
6066, 9900
2364, 6399
6399, 7089
7089, 7526
7526, 8307
8307, 8433
2399, 8307
2964, 8307
5069, 8433
8433, 8630
8630, 9253
2399, 9606
2473, 9606
2381, 9606
2381, 3855
3483, 3855
3855, 4440
1931, 2399
8433, 9011
3079, 9011
714, 980
1931, 7187
106, 7187
106, 4359
4359, 4483
1368, 4483
1368, 8802
188, 8802
188, 6326
2053, 8802
2053, 3271
3271, 9036
7187, 8768
2572, 8768
1100, 2572
1701, 2572
1701, 5325
5325, 9746
3768, 9746
1241, 5325
1241, 4549
4549, 8259
4549, 7955
356, 7955
356, 8258
2572, 6239
6026, 6239
5325, 6215
5868, 6215
3695, 8804
1330, 8134
7035, 8134
5176, 7035
6796, 8134
49, 6796
1479, 6796
6796, 7272
285, 5610
3597, 8375
5946, 8375
2608, 5946
2608, 2906
2906, 3448
3448, 6872
3448, 3752
1445, 3752
1445, 2622
2622, 5507
1520, 2608
6583, 6872
6583, 8920
7089, 7767
1444, 7767
7767, 8891
5769, 9424
555, 9424
7632, 9424
5290, 9424
5284, 5290
6787, 7632
38, 6787
38, 674
674, 8892
743, 5284
64, 743
64, 7992
7632, 9882
64, 1378
717, 1378
717, 3937
1476, 3937
1378, 2514
316, 2514
316, 831
6621, 8694
6136, 7708
5397, 7708
1740, 3902
661, 1740
6104, 9358
7643, 9358
951, 7643
951, 8405
7643, 9689
2650, 5826
1088, 2201
1088, 7301
3597, 7603
7262, 7603
1462, 7603
7262, 9564
7603, 8610
4060, 8610
4060, 4315
6836, 8490
131, 6836
131, 2537
2537, 5856
4049, 5856
1536, 4049
1536, 5932
5932, 7734
289, 7734
289, 4765
2177, 4765
1974, 7734
6836, 7405
6764, 7994
951, 7416
2087, 7774
2526, 7774
2526, 3853
1746, 2526
1534, 1746
1486, 1746
1486, 4535
3743, 4535
3743, 7467
760, 7467
3653, 7467
1604, 3653
3653, 8044
3653, 4693
1335, 8307
760, 2903
2903, 3300
2903, 9636
3300, 3585
3585, 6095
1970, 6095
1970, 3756
3585, 7204
3385, 7204
5339, 7204
3385, 3812
3812, 8142
4463, 6095
1970, 8915
2903, 6094
1326, 6094
1559, 7204
1147, 1559
1147, 1656
1656, 7231
1656, 2424
2424, 9555
3385, 7294
413, 7294
6923, 7294
4408, 7294
4408, 6608
6608, 7454
6923, 7560
7560, 9467
3756, 9662
5169, 6608
5169, 7892
2779, 7892
2779, 7425
7425, 9045
9045, 9221
4790, 9045
3778, 7425
3778, 4527
8708, 9045
6471, 9221
3030, 6471
2726, 3030
2623, 7892
2623, 9599
5838, 9599
3340, 9599
5918, 7892
5918, 7583
5527, 9599
7583, 8902
4724, 8902
4724, 7478
4724, 8799
2415, 8902
4313, 5918
4313, 9664
8708, 9380
5242, 9221
2308, 6095
2308, 3867
3867, 7769
3867, 4154
4154, 7581
7581, 9630
5370, 9630
5370, 6310
6310, 9400
6310, 7823
6779, 9630
2868, 6779
4975, 6779
1357, 2868
2208, 8142
871, 2208
2208, 6589
1198, 6589
3393, 6589
3393, 5466
5466, 5480
3393, 8393
4798, 8393
3950, 5466
3950, 7900
977, 7900
977, 7215
977, 6534
5802, 6534
7215, 9632
1731, 3950
5741, 9632
5741, 5993
5741, 6481
4117, 5993
2693, 4117
2693, 8606
1152, 3950
1803, 3393
1803, 9909
1803, 2346
2346, 2762
1531, 2762
4798, 9154
1131, 9154
1131, 6217
6217, 6321
5203, 6321
3843, 5203
6321, 9439
8758, 9439
1286, 8758
1014, 9439
7304, 8758
7304, 7498
6141, 7304
929, 6141
446, 929
929, 1248
5696, 7215
5696, 9786
6802, 9786
3649, 6802
3120, 9786
5681, 6802
6587, 6802
3863, 9786
193, 9439
193, 9294
8854, 9294
4601, 8854
842, 8854
1358, 4601
1358, 4842
4370, 9294
914, 4370
3488, 4842
4370, 7381
470, 4601
1131, 5364
5364, 8118
1286, 2897
1131, 4262
4262, 7753
7753, 8223
4262, 4412
4601, 6569
4798, 4969
3589, 4262
929, 6384
6384, 7633
6384, 8302
2348, 8302
3812, 6479
1031, 5527
1031, 1266
1266, 9118
9118, 9554
6631, 9554
2097, 9554
1266, 4274
1272, 6384
1272, 6657
1272, 5454
3842, 5454
1272, 6617
1272, 2092
2092, 5561
196, 5561
196, 1735
1735, 4387
4387, 4732
3421, 4387
3421, 6226
783, 6226
783, 1168
6226, 8723
357, 8723
357, 9168
357, 9660
9148, 9660
269, 357
1266, 2171
2171, 8106
6311, 8106
6013, 6311
146, 2171
146, 1876
45, 146
146, 4984
146, 8725
6013, 7466
7466, 9339
579, 7466
618, 5382
5382, 5666
1660, 3784
1660, 4270
1141, 4270
1258, 1660
1258, 6319
5446, 6319
5446, 6952
758, 6952
758, 4204
5446, 5692
2506, 5446
2506, 5355
1030, 6952
4333, 5446
4333, 6042
5692, 6416
1723, 6416
2531, 6416
758, 2791
1723, 2324
2324, 6956
2324, 4317
1246, 6952
4892, 5355
6956, 9773
4670, 9882
5306, 9660
2118, 6818
7248, 7488
5565, 6872
335, 5565
287, 5565
287, 5678
5367, 5678
5367, 9486
5367, 6537
4073, 9699
275, 2307
275, 6294
3356, 7242
3524, 4023
2386, 9627
467, 2386
2386, 5556
467, 3918
2084, 9237
3730, 9237
434, 8564
434, 9989
4851, 9989
3628, 9989
3628, 4567
3628, 4836
4056, 4836
2115, 4563
1803, 9920
6942, 9920
7007, 8274
8149, 8274
1529, 8149
1529, 7974
5827, 8274
5827, 7859
1529, 8303
7247, 8274
3265, 7247
3265, 8717
4377, 8717
3109, 4377
3109, 9206
7252, 9206
2861, 7252
2917, 3109
525, 2917
525, 828
7252, 9858
9550, 9858
5531, 9550
7358, 9858
2780, 7358
791, 2780
791, 9227
791, 2380
7038, 9227
3629, 9227
2380, 6686
2380, 6410
6410, 8314
3584, 7038
7247, 9309
7146, 9309
735, 9309
735, 1561
1561, 2556
1561, 2189
1529, 6781
5008, 6781
2863, 7859
2863, 3039
3039, 7268
3629, 6902
6902, 9333
7859, 8567
1763, 8567
2917, 4410
2189, 2888
128, 2863
128, 1240
1240, 9258
3290, 9258
3290, 5873
5873, 7945
5596, 5873
3658, 4377
2067, 3658
3658, 7563
2067, 9316
2556, 8359
6230, 8303
6962, 9309
2067, 7486
962, 4377
962, 8133
962, 3341
962, 3618
735, 6378
468, 3039
468, 2017
1865, 7358
65, 6962
65, 1565
65, 7813
7602, 7813
2806, 7602
1565, 8772
3275, 8772
3275, 7618
3275, 8420
65, 9048
1980, 7618
1980, 2263
2263, 6376
2263, 7606
7606, 8738
8738, 9567
6853, 9567
4784, 9567
2263, 8246
681, 8246
681, 2996
681, 3839
2934, 2996
681, 7159
4332, 7159
4236, 4332
707, 8246
707, 2344
707, 9729
7069, 9729
2344, 9103
1387, 2344
1954, 7618
1954, 9423
6392, 8246
1807, 6392
1807, 4206
8738, 9531
1317, 2806
1561, 5811
2423, 5811
2423, 8917
2423, 6619
6619, 9483
3629, 4011
214, 4011
712, 3629
791, 7093
2295, 9550
2295, 2604
214, 4077
180, 4077
4077, 7679
7679, 9602
1155, 9602
5693, 9602
5693, 6434
180, 7058
7058, 8236
485, 7058
485, 5073
5643, 7058
5258, 5643
1891, 5643
1319, 1891
1891, 8485
4255, 8485
2133, 4255
6815, 9602
6815, 9037
2649, 4255
2649, 3565
4255, 9194
4441, 9194
2649, 9923
8188, 9923
2865, 9923
1891, 4152
728, 4152
728, 745
686, 745
686, 1402
686, 4459
745, 6498
2408, 7058
2408, 7601
9194, 9378
6955, 9378
1768, 7058
5258, 7976
7976, 8898
2624, 8898
8898, 9535
3289, 9535
4901, 8898
1763, 4516
919, 4516
4516, 7715
2265, 7715
2265, 6007
6007, 6203
6203, 8398
8305, 8398
1013, 8398
1013, 2113
1058, 6203
1058, 1073
7263, 8305
7263, 7814
7814, 9674
1406, 7814
1406, 7518
3869, 7518
3869, 5036
5200, 6203
6899, 7518
5393, 6899
4528, 7518
4528, 7172
6007, 6928
702, 6928
702, 4547
105, 6928
63, 1073
5200, 6101
6101, 8605
3544, 8605
3405, 3544
3544, 3740
4547, 8304
6738, 8605
945, 6738
702, 4116
1981, 4116
893, 1981
1981, 6347
5200, 7152
3248, 7152
6347, 7184
3076, 5393
533, 5200
533, 1404
5036, 7254
2344, 3083
568, 3083
415, 568
415, 3540
568, 1922
3540, 7735
3614, 7735
3614, 4648
4648, 5613
1850, 5613
1850, 2777
1850, 9938
2229, 9938
4648, 4896
5184, 7735
3160, 5184
1506, 4648
1506, 6950
1886, 6950
1886, 3452
3452, 8175
1886, 9121
6879, 9121
8447, 9121
7121, 8175
2028, 7121
2028, 8959
6935, 8959
1506, 4707
4707, 6830
1268, 7121
4570, 8959
3727, 4570
3727, 3951
3727, 6067
3951, 6221
6935, 7158
7158, 8430
1844, 8430
2327, 6830
865, 2327
865, 8036
6688, 8036
4293, 6688
4293, 9367
2629, 9367
15, 2629
865, 7334
7334, 7713
1886, 6298
6185, 6298
4084, 6185
4084, 5322
1268, 2191
2191, 3040
1389, 1506
1389, 9475
6191, 9475
1389, 6948
6948, 7820
7092, 7820
7092, 8922
4791, 8922
2887, 7092
2887, 8306
6334, 6948
4545, 4791
4506, 6334
2843, 4506
2316, 2887
5322, 6054
6054, 6891
3815, 4791
3815, 7461
4648, 9645
2495, 9645
3530, 9645
4791, 7507
2086, 7507
7507, 8262
2887, 6205
5677, 6205
1736, 6205
4599, 6205
4599, 7382
4971, 6205
2255, 5677
2945, 6205
6205, 8608
7779, 8608
1435, 7334
1435, 2122
2546, 7158
2546, 3723
1922, 8631
2327, 4734
483, 4734
483, 3279
1900, 3279
1900, 4752
1900, 5538
4198, 5538
2986, 4198
5538, 6695
5538, 8619
2939, 8619
604, 2939
6695, 6741
4275, 6741
604, 7516
2563, 2939
2957, 5538
4198, 4431
4431, 6997
6741, 7309
309, 7309
1900, 6790
4281, 6695
309, 1728
1728, 7567
6790, 8521
2986, 8217
6695, 8938
4307, 8938
6073, 8938
2797, 6073
4558, 8175
4558, 7317
1610, 7317
1526, 1610
1526, 5435
6538, 7317
6538, 9704
1822, 9704
1526, 5591
3599, 5591
3475, 5435
3475, 9787
3475, 7179
7179, 9022
5837, 7179
4859, 7179
4859, 5730
5101, 5730
5101, 7442
7442, 8532
2107, 5837
5837, 9075
3599, 6720
3015, 6720
3015, 4223
684, 7945
684, 7320
299, 7320
299, 2899
2359, 2899
2359, 3450
2359, 9364
8859, 9364
2359, 7311
4791, 7703
1487, 7703
8567, 8668
3887, 8668
2945, 4714
1728, 9069
1811, 9069
7513, 9069
8941, 9069
8400, 8941
7572, 8400
6397, 7572
1811, 2047
2047, 7352
2418, 7352
1811, 7965
3923, 6397
3923, 6993
6993, 8360
7318, 8360
3810, 8360
3810, 7971
1003, 7971
1130, 7971
2130, 7572
2130, 6429
1977, 2130
6429, 8474
1977, 3361
2130, 2744
2744, 9585
1977, 4717
1652, 4717
4717, 6244
3220, 6244
1709, 3220
2637, 4717
1709, 3017
7965, 8027
4087, 8027
4087, 7687
161, 4087
161, 6027
6331, 7687
3624, 8027
5701, 6027
6027, 7313
5701, 6256
5701, 6960
6331, 9106
1763, 2001
1001, 2001
7974, 8948
4603, 8948
9585, 9772
5531, 6707
2839, 6707
4528, 8852
6278, 8236
2086, 2835
1253, 3279
1253, 4678
4678, 9312
4793, 9312
4793, 8794
3134, 4793
5185, 8794
1564, 5185
1779, 5185
1779, 4848
1779, 2340
1564, 1681
1681, 4027
4027, 5604
1450, 4678
1450, 9376
2497, 4027
2497, 3622
6346, 9312
628, 4848
2753, 5604
2107, 6889
2297, 6889
6889, 9995
1529, 8132
9258, 9672
5923, 7507
7814, 9852
7074, 9852
865, 8260
4454, 7946
1717, 6463
1717, 5499
2622, 3988
3358, 3988
2286, 3358
2286, 3416
3416, 7253
698, 1610
1977, 8944
3739, 8944
700, 3739
46, 700
3708, 4074
8744, 8845
2819, 3776
2819, 9341
2819, 7744
2819, 9541
4187, 9541
5974, 9541
5974, 6823
3221, 6823
4187, 6512
570, 8304
6397, 6423
5984, 6423
4820, 6423
4820, 5338
4062, 6423
1259, 5338
1259, 2653
6512, 7237
6173, 7237
5059, 7237
5059, 8065
1702, 5059
1702, 2817
2817, 4308
4182, 5258
1240, 4452
4452, 7962
1, 8931
4313, 6536
6536, 7509
1822, 7624
1233, 1259
1233, 3372
648, 3372
3372, 8897
5542, 8897
7335, 9237
415, 3744
1134, 3744
987, 1134
987, 3907
1134, 4494
8185, 9148
4079, 8185
996, 4079
4549, 6270
1564, 8875
8875, 9082
1921, 3853
1921, 9296
7578, 9296
5980, 7578
5030, 5980
5030, 9468
5727, 9468
7578, 8352
1921, 5587
5587, 5878
5878, 6706
2114, 5878
2114, 4055
5878, 8629
6113, 6706
4366, 6113
4055, 6387
5683, 6387
5834, 6706
5834, 7998
7213, 7998
633, 9468
633, 2388
2388, 8992
910, 8992
910, 1978
633, 9008
4602, 9008
4602, 7671
5026, 9008
3138, 6387
2854, 3138
910, 3295
3295, 5122
207, 2114
5323, 9008
4125, 5323
5534, 5980
297, 9388
297, 2723
2723, 8147
6391, 8162
4121, 8162
171, 8162
4121, 4218
3833, 4218
3833, 5412
3121, 3833
8162, 9141
3731, 4218
3433, 3731
3433, 6548
2623, 6579
6579, 7377
6550, 7377
6550, 7435
5014, 7377
3916, 5014
3523, 3916
1367, 3523
3523, 8141
874, 5014
3523, 7118
4404, 7118
1078, 9150
4977, 8400
74, 4977
74, 3646
74, 9581
3646, 8973
8973, 9575
9319, 9575
4178, 8973
1930, 4178
4178, 8463
851, 8463
5388, 8463
5388, 6235
7255, 7494
7255, 9633
3538, 9633
7255, 9255
5990, 9255
3538, 4839
1611, 7255
212, 1611
212, 8058
212, 2329
212, 8125
8125, 8981
3341, 9218
6679, 7813
5556, 6910
5389, 9630
5389, 8578
5833, 8578
5833, 9302
1164, 9302
9302, 9913
7940, 9913
5722, 7940
5298, 9913
5298, 9161
5429, 9161
9302, 9622
3461, 9622
8084, 9913
7224, 8084
5035, 5429
5963, 7224
5833, 9591
5860, 9591
5931, 9591
7512, 7940
3920, 7512
89, 3920
89, 1174
1174, 2315
89, 7616
2315, 7474
7303, 7512
89, 563
563, 1726
563, 1777
1777, 8604
3920, 9127
2445, 9127
3974, 9127
224, 2445
3974, 7005
7005, 7804
7804, 9355
2357, 7005
3068, 9355
3068, 7676
6540, 7005
2357, 9657
6365, 9657
4934, 6365
4934, 6304
6304, 7383
2975, 9657
4735, 9657
956, 4934
585, 956
1726, 2848
2211, 2848
2211, 3721
3974, 9879
3709, 9879
3709, 6783
6058, 9879
3709, 7095
2975, 3888
175, 3888
175, 5526
1726, 6176
5891, 6176
4700, 6176
4659, 4700
5794, 6176
585, 3146
3146, 6174
2922, 9657
428, 8084
428, 1658
1658, 2809
223, 2809
2809, 9519
223, 632
2809, 2821
1244, 2809
5298, 7833
7787, 7833
7229, 7833
696, 7229
696, 974
291, 696
3461, 7621
1043, 7621
1043, 5109
2581, 5109
2581, 8957
1998, 8957
1168, 2890
2890, 4175
1337, 4175
1337, 8052
1341, 4175
8052, 9748
4175, 8924
8924, 9060
2360, 9060
2360, 4929
2360, 9937
2360, 2455
2890, 7322
5317, 7322
3323, 9937
7355, 9937
532, 7355
6258, 7355
1599, 6258
51, 1599
1599, 8691
7593, 8691
6827, 8691
6296, 6827
2411, 7593
6300, 6827
7230, 9060
3940, 7322
660, 3940
3940, 4065
660, 954
954, 5616
5616, 9993
954, 6995
4226, 6995
839, 4226
839, 3069
3069, 9428
7689, 9993
590, 7689
590, 9588
3225, 9588
4292, 9588
1910, 4065
1910, 3944
532, 9354
15, 9865
5155, 9865
1672, 5155
1672, 6105
3607, 9865
2901, 3607
2901, 3947
799, 3947
5155, 5829
5829, 6003
6003, 7591
1190, 5155
3607, 8592
299, 1618
1618, 4468
1340, 1618
7774, 8270
3306, 7787
4436, 5802
4436, 9314
9215, 9314
4436, 9183
4397, 9183
4436, 8547
7202, 8547
4948, 8547
4436, 8234
6569, 7451
1184, 9240
2022, 9240
2022, 8544
6556, 8544
2977, 9240
8010, 8544
5564, 8010
5564, 9996
1124, 9996
3846, 9996
6159, 9240
1568, 1891
1568, 6828
4949, 6828
1179, 1568
1179, 9680
3615, 3695
3615, 7203
1841, 7203
1841, 6718
1841, 6214
1802, 6718
3615, 9980
3200, 9980
6944, 9980
6251, 6944
504, 6251
504, 5028
3188, 6718
504, 1182
1182, 3062
8220, 9980
1139, 8220
1139, 3053
3053, 7012
7012, 7075
3053, 6641
1840, 8220
1840, 2561
1292, 1840
1292, 9040
8432, 9040
9040, 9167
2561, 3634
325, 3634
2464, 3634
2464, 3137
3137, 6108
325, 6028
6028, 6212
1039, 3634
1039, 5618
3544, 7973
761, 6993
761, 1034
1462, 2314
232, 2314
7752, 8892
5330, 6176
943, 5330
1945, 5330
1945, 8007
1094, 8007
1024, 1094
1094, 5588
1024, 3864
3864, 7594
3411, 5330
3864, 5075
2788, 3411
2788, 7954
5950, 7954
2978, 7954
6999, 7954
2658, 6999
253, 6999
1024, 3098
587, 1945
587, 5335
1700, 5335
5335, 8131
8131, 9731
6680, 9731
4263, 6680
7099, 7954
2124, 3411
2124, 9759
1575, 2124
2124, 4983
1038, 4983
1038, 8489
8199, 8489
5330, 6629
6629, 8538
1223, 6629
1223, 5124
3168, 5124
3168, 9950
5124, 6729
3168, 6440
4753, 6440
1817, 4382
4382, 4620
7923, 9938
1270, 1420
550, 1270
1866, 3015
1866, 9129
142, 1866
142, 8963
6342, 8963
1801, 6342
1801, 4637
706, 8963
1866, 2698
1866, 2683
1448, 2683
925, 1448
1448, 5165
101, 4637
101, 4888
2077, 5165
2077, 5005
1801, 8705
1866, 3386
3386, 5190
5190, 6126
1053, 6126
1053, 1310
5190, 8533
3774, 8533
8094, 8804
7084, 8094
1465, 7084
1465, 6303
268, 600
4582, 6944
4582, 7136
6214, 6497
787, 6497
3808, 8010
3808, 9695
327, 8306
327, 4328
858, 4328
299, 7831
7831, 8189
2241, 8189
2732, 8189
838, 2732
5407, 8474
566, 5607
5607, 6431
4526, 6431
4526, 5915
3296, 8629
2433, 3296
2433, 7981
662, 7981
662, 6667
126, 3296
126, 3625
831, 4418
4418, 8014
2408, 7471
7471, 9432
1590, 5434
498, 8373
4299, 8373
1936, 4299
1936, 3425
2892, 8373
2892, 6793
1433, 2563
1433, 6425
6522, 9633
3321, 9691
1415, 9691
1415, 4923
982, 1415
2111, 9691
2111, 6844
5592, 6844
4989, 5592
4989, 8656
5592, 8777
5925, 6844
4594, 8656
6246, 8656
2498, 8656
1481, 4989
4989, 9751
8664, 8777
3064, 6246
3064, 8413
2166, 8777
4135, 8664
3680, 4135
4135, 9097
4191, 9097
97, 3680
97, 9977
97, 8269
8269, 9764
3586, 5586
3586, 4997
4997, 9766
3586, 3827
432, 3827
2987, 4997
2987, 5127
432, 5733
2076, 7029
1026, 2076
2076, 8441
6873, 8441
6873, 6954
6873, 8356
2730, 3531
3531, 7536
7295, 7536
3531, 6646
2737, 3046
2737, 3516
3516, 9252
7278, 9472
7278, 7363
3877, 8367
7929, 8367
90, 7929
5687, 7929
3427, 5687
3203, 3427
5687, 8437
1797, 8437
3203, 4392
4392, 5676
5676, 9893
9151, 9893
2742, 9893
2742, 7015
2565, 3203
2565, 5854
899, 2753
1702, 9727
9047, 9727
7666, 8874
380, 7583
380, 531
3778, 8832
8468, 8832
977, 2630
9262, 9660
4437, 9262
6353, 9262
9262, 9984
372, 9262
5139, 9262
4574, 5139
1348, 4574
1348, 2099
2099, 7705
7396, 7626
7626, 7865
7865, 8921
7865, 9583
6438, 7865
4827, 7618
4827, 9487
959, 5200
959, 9251
9251, 9392
5265, 9392
9392, 9584
2950, 9584
105, 9739
3942, 9938
4284, 5409
493, 4284
7781, 8433
2928, 7781
8396, 8941
7388, 8396
4824, 7388
2070, 7388
4824, 8012
1151, 7388
1151, 2262
2262, 4909
4824, 5708
5708, 7731
4252, 7731
3430, 4252
4252, 4730
424, 2262
812, 1151
812, 6804
4705, 6804
812, 5107
5107, 5269
7388, 8341
7716, 8341
7716, 9158
4485, 9158
4485, 5511
4485, 7455
5536, 7455
3939, 5536
3939, 5002
7116, 7455
1853, 7455
1853, 2393
91, 5511
133, 7116
133, 5082
5708, 9223
6356, 9223
133, 3152
3152, 6448
5412, 6249
81, 3916
81, 8397
2152, 8052
1999, 8705
3160, 5702
1482, 5702
2465, 5747
2465, 7412
1552, 8026
6247, 8026
5264, 8026
5264, 7149
5264, 6549
2254, 6549
2842, 6549
2842, 5326
1782, 5326
1782, 1984
1984, 4562
1297, 6247
1297, 7135
3877, 5248
4211, 5248
2180, 3731
573, 8691
1126, 8007
4884, 6458
2053, 5381
597, 5381
5381, 8748
3804, 8748
2827, 3804
1894, 2827
1894, 4225
7227, 8891
7227, 8051
7349, 8051
7349, 9172
4260, 7349
4260, 6083
6083, 8877
7385, 8877
261, 7385
261, 5552
1328, 8877
150, 261
3063, 7385
746, 3063
3063, 9153
2889, 9463
8425, 9463
8238, 8425
6964, 7262
6303, 7157
113, 7157
113, 3266
3266, 8836
113, 3360
3360, 6868
3360, 5737
5737, 9556
5309, 9556
8583, 9556
8583, 9383
5238, 9556
3004, 5238
2271, 3004
897, 2271
897, 8068
9556, 9800
897, 2141
1189, 5309
1148, 1189
930, 1148
930, 4532
4532, 7168
3955, 7168
1178, 5238
1178, 7205
1533, 7205
4449, 7205
625, 2141
625, 4777
4872, 6868
7205, 7406
930, 6931
28, 5309
28, 2902
2902, 6911
6911, 6925
3955, 4323
1491, 9556
1491, 2959
1741, 2959
2271, 7817
3360, 9872
5022, 9872
5022, 5063
5063, 5343
4683, 5022
1413, 4683
1413, 4649
2959, 7032
3667, 7032
1304, 3667
71, 1304
2689, 7857
2841, 7857
2841, 5092
5092, 7645
2874, 7645
4194, 6781
4194, 6279
2109, 4194
1741, 5149
4918, 7880
868, 4918
4918, 7515
3555, 7515
2591, 7515
2591, 5653
5653, 6426
1209, 6426
1041, 1209
1041, 6651
3271, 4850
3451, 4850
2548, 3451
4850, 9828
3451, 9430
3451, 4543
4850, 7192
7192, 7898
4308, 5195
5337, 7118
5337, 6643
6441, 6643
125, 6441
125, 534
125, 2523
534, 9289
125, 5814
2523, 5901
125, 9933
3050, 9933
3050, 9661
4583, 9661
3050, 3602
3602, 8006
3050, 6043
2014, 8006
634, 2014
634, 6711
2014, 8152
634, 8322
8322, 8335
324, 5119
324, 601
601, 5363
4503, 5363
2315, 4674
5973, 8112
5910, 6319
1907, 5910
2279, 3188
2279, 2342
2069, 2342
2069, 3401
1331, 3401
995, 7258
6121, 6334
3084, 6121
940, 8884
3793, 4971
3617, 3793
4320, 4483
957, 4463
957, 6971
957, 4720
605, 957
155, 605
4720, 9818
6043, 8295
8295, 9798
9268, 9798
4991, 6345
1551, 6345
2860, 4220
7478, 9514
4067, 9514
6067, 6220
2355, 6220
368, 2355
368, 4174
4174, 6198
6045, 6198
3381, 6045
804, 3381
804, 3612
368, 3683
2516, 3683
2516, 7450
1812, 3683
1812, 5968
4902, 5968
2056, 4902
1118, 2056
1118, 2192
1118, 3924
3924, 4542
2192, 3198
3198, 6403
3198, 6730
551, 6730
1118, 1466
1466, 7166
7123, 7166
7123, 8526
8526, 9966
7347, 8526
6045, 6275
650, 6275
3626, 6275
4542, 5944
604, 4982
2991, 4982
595, 2991
595, 1224
1224, 2347
2347, 4672
4672, 6507
3127, 6507
4672, 5439
4672, 6138
6138, 9257
2347, 3582
6152, 9257
5065, 6152
5065, 5405
5405, 6188
2991, 9855
618, 1587
1587, 8153
8153, 9065
3549, 9065
3549, 3554
3554, 5235
3831, 8153
3831, 8470
6872, 9823
4801, 8981
4801, 7280
4455, 7280
3764, 7280
824, 4455
2757, 4455
3764, 8127
8127, 9824
904, 4801
4396, 9302
2714, 4396
4396, 8137
4396, 4438
1682, 1926
1926, 9959
744, 9959
1091, 9959
1091, 7866
1926, 8062
4242, 7866
760, 2407
5565, 6038
6038, 6808
3043, 6808
3043, 5406
1095, 2448
1162, 6028
1162, 1289
1162, 6650
1153, 6650
3864, 9666
932, 9666
932, 4947
2073, 3062
1872, 2073
1872, 6864
2181, 6864
6627, 6864
6599, 6627
2615, 6599
1872, 5554
5643, 6184
6184, 7607
6184, 9446
654, 9446
7489, 9446
6184, 9580
7291, 9580
6184, 9998
5842, 9998
5842, 9669
7281, 9669
7825, 9669
9637, 9669
8224, 9637
3496, 9580
1411, 7291
1411, 6041
6041, 8203
1581, 8203
5451, 8203
5451, 6745
5743, 6745
1296, 5743
1296, 2227
1296, 9520
2227, 4935
5451, 7243
1296, 3690
3690, 9537
1581, 7283
5695, 6638
6638, 9224
4430, 9224
7352, 7613
2677, 7613
915, 7613
915, 6554
915, 1793
458, 1793
458, 1644
915, 8066
1793, 9461
6554, 6611
6611, 9677
458, 1896
1896, 3817
3817, 9668
8066, 8467
5548, 6554
425, 1200
1200, 4655
3500, 4017
5872, 9333
3488, 6851
6754, 6851
6433, 6754
936, 6433
936, 5310
4548, 5310
4548, 5449
5449, 9190
936, 8451
8229, 9766
4066, 8229
2694, 4293
2694, 9310
9285, 9310
2184, 9285
354, 9285
2184, 8689
408, 8689
4110, 9310
4110, 5978
5978, 7550
6255, 9496
2047, 4495
4131, 4495
4131, 5815
2756, 5815
4131, 7953
6721, 7953
1646, 6721
1646, 2082
2261, 7953
2082, 5060
1646, 3962
1471, 6721
1471, 1912
1912, 3569
3569, 6100
3569, 7653
4710, 7653
1381, 4710
1381, 7039
1471, 4550
4550, 6074
4343, 6074
4343, 9421
5754, 9421
34, 5754
2421, 9421
2421, 9443
3366, 6074
737, 9443
5062, 9443
5062, 8230
3900, 8230
190, 3900
3534, 4550
3534, 5991
5991, 6691
4291, 6691
3477, 5991
3477, 9303
9, 9303
3534, 4576
4576, 6939
6114, 6939
5289, 6114
3375, 6114
6114, 7361
4576, 8923
2911, 8923
3986, 4576
3986, 5105
2158, 6114
5105, 6571
2194, 6571
447, 2194
5289, 8039
8039, 9027
281, 8039
281, 5645
5645, 7452
2082, 2412
2091, 2412
6074, 7542
4778, 7542
7542, 8048
4778, 5760
281, 8698
562, 8698
562, 3230
3230, 6156
3230, 4920
4920, 7770
769, 4920
769, 9745
4095, 9745
860, 4095
4095, 4302
4095, 9225
7805, 9421
2932, 7805
1951, 7805
1890, 1951
1951, 2436
2436, 3441
2932, 5961
1890, 9544
2830, 9544
2830, 4342
4342, 6979
3533, 9544
3526, 3533
3526, 5939
2337, 4342
2035, 2337
2035, 7868
1603, 7868
1603, 4663
1603, 7404
47, 7404
47, 2963
7404, 9726
875, 9726
875, 3482
3482, 8814
4621, 8814
6361, 8814
7353, 9726
6963, 7353
2666, 7353
2666, 6694
6694, 7875
5603, 7875
4280, 6963
4280, 9347
667, 9347
779, 4280
779, 7410
779, 4345
4345, 5090
5090, 8993
2895, 9347
5207, 5603
6165, 6963
6165, 6895
1838, 6165
6895, 7324
1838, 8472
4629, 8472
7805, 7861
4578, 7410
4578, 9826
409, 9826
409, 2876
7369, 9826
4186, 7805
4489, 5090
1066, 3482
4345, 8609
5661, 8609
3845, 5661
7187, 8046
192, 2711
192, 2438
270, 4051
2450, 3788
2450, 8289
6805, 8289
6600, 8289
4247, 6805
8289, 9019
7771, 8142
1464, 3004
1464, 3805
3805, 5427
3844, 5427
204, 3844
204, 3020
204, 9083
33, 3020
142, 4686
4686, 8473
7138, 8473
8473, 8659
4598, 8659
8414, 8473
8414, 8927
4598, 7060
7060, 7918
1129, 7138
1343, 8659
2591, 6189
2832, 3753
799, 9742
3917, 9430
3917, 3971
3971, 7933
4213, 7933
1917, 4213
4213, 5789
1284, 5789
1284, 7944
3426, 3917
3917, 6362
6362, 7811
3527, 6362
3555, 7665
3698, 7665
350, 7665
350, 6782
2979, 6782
350, 6661
336, 6661
6661, 8594
3698, 5183
4804, 5183
4804, 9189
5183, 9031
5183, 8647
832, 8647
832, 7011
5403, 6661
3054, 5403
6297, 6661
336, 8047
8047, 8683
5125, 8683
4009, 5125
5125, 8404
3129, 8404
3129, 8539
577, 8539
577, 7448
6285, 8539
5125, 9754
9754, 9945
4862, 9945
1947, 9945
4804, 9202
3012, 9202
2569, 3012
3012, 3746
3746, 4271
3746, 4591
4591, 8362
888, 2569
888, 3579
3579, 9565
3129, 6082
5770, 8404
6758, 9202
5640, 6661
5640, 7656
5640, 7745
3280, 5640
3280, 3702
642, 3280
3129, 6900
2732, 3952
3952, 3989
3989, 9873
8193, 9557
223, 5929
2117, 5929
943, 8623
1451, 8623
1451, 8123
1451, 4564
4564, 9164
4564, 6187
7717, 9164
5243, 8123
513, 5243
513, 7173
4564, 6055
1161, 6055
1451, 5066
1451, 8568
3122, 8568
3122, 7802
3122, 7020
6055, 6515
6515, 9687
2219, 9687
2219, 4296
4296, 7438
7438, 9546
1826, 2219
5351, 9687
2504, 5351
2504, 5259
6281, 9687
2219, 7101
3355, 6868
344, 8554
344, 3857
817, 3857
3857, 8201
7421, 8201
3277, 3857
5657, 7421
3857, 8969
2216, 8969
2216, 7870
4807, 7870
4807, 5344
5344, 9908
5039, 5344
3685, 8969
1313, 5039
1313, 9631
4287, 7421
3313, 4287
3277, 7650
1243, 5344
1243, 7668
3706, 7668
3706, 8293
3706, 6366
4746, 8293
4746, 8511
4335, 8511
6242, 8511
6242, 6529
3706, 7370
629, 7370
629, 7214
1243, 2210
2210, 4718
4718, 8438
4718, 6265
2748, 8438
4986, 6265
966, 4718
6529, 9042
5347, 7370
5347, 9756
1417, 9756
6919, 9631
1313, 5954
2058, 5954
2058, 6454
6454, 6558
6454, 9517
643, 6454
643, 3849
3849, 7423
5632, 5954
5632, 7532
507, 7532
7889, 9517
7064, 7889
5639, 7064
7889, 8904
8213, 8904
1750, 8213
1973, 7532
3565, 6544
1312, 9668
1312, 3550
3550, 5877
3043, 5724
6211, 9380
3160, 8700
5619, 8536
1453, 8536
2629, 4856
4856, 5025
5779, 9975
1242, 3988
1365, 5388
913, 1365
913, 5858
5858, 9033
8328, 9033
2394, 8328
1726, 2857
2857, 3124
2526, 2720
2720, 5496
882, 5496
546, 882
5174, 9676
1741, 5068
773, 5068
7135, 9182
4633, 9182
641, 9182
6766, 9182
3302, 6766
3104, 3302
3056, 3104
3056, 7191
3104, 5116
5116, 5690
5116, 6712
2562, 7191
2434, 9182
2434, 5151
2562, 8024
282, 5116
6261, 6766
3990, 6261
3990, 7288
3990, 6001
2856, 6261
85, 2856
85, 5091
5091, 6460
6460, 7737
2123, 7737
5866, 6001
1993, 6712
5690, 9987
3990, 9210
9957, 9987
3648, 6766
1952, 3648
1952, 3635
1952, 7446
1952, 5989
5989, 6735
3139, 4978
3139, 5419
918, 5419
2368, 7064
327, 3354
3411, 7332
7332, 9470
5431, 7498
5382, 6291
1773, 6291
1773, 8970
1773, 9586
7194, 8970
1072, 1773
1072, 4729
1701, 6236
3692, 6236
3692, 6543
1615, 1786
5338, 8808
1698, 8808
1698, 8639
5739, 8808
5739, 8117
416, 5739
1698, 2501
2501, 5316
5316, 8194
416, 5828
3642, 5828
7479, 8639
7479, 9841
9276, 9841
3714, 9426
6087, 9575
5173, 9564
5953, 9616
6835, 9616
6386, 9616
6196, 6386
3217, 3393
6020, 8401
4753, 9139
5673, 9139
4430, 8810
6708, 8810
6457, 7263
3404, 6457
3556, 6457
1400, 3556
3404, 5164
3655, 5164
912, 3655
3533, 3700
3700, 6450
5262, 7929
3157, 5262
1016, 5262
1016, 3935
5262, 7822
4259, 7822
8613, 9796
4292, 8477
8477, 9747
6340, 9747
6111, 6340
388, 6111
6340, 7819
3729, 7819
83, 7713
83, 7534
2420, 7534
7534, 9696
7220, 9696
9081, 9696
94, 9081
2420, 4318
3530, 9958
7580, 9958
2782, 6020
1234, 8804
1234, 4109
4109, 5350
5350, 6994
5598, 6994
2230, 5598
1530, 5598
1530, 7710
3389, 5350
39, 3389
5305, 6994
1274, 6994
1274, 2614
2614, 6079
2005, 6079
2005, 9663
1924, 9663
1924, 3737
7287, 9663
1541, 7287
3737, 9914
6060, 9914
3143, 6994
944, 5350
2372, 7287
2372, 7345
2372, 8719
8719, 9455
8311, 9455
221, 8719
1172, 9455
3143, 3826
5980, 6733
5421, 6733
5421, 7977
7977, 8104
5562, 8104
5299, 5421
3668, 7977
3668, 9573
3668, 8184
3621, 7977
3068, 5115
4869, 5115
4869, 7555
4869, 6508
6195, 6508
6107, 6195
6107, 7085
4927, 7085
6508, 7620
5806, 7620
1085, 5065
1085, 1714
1714, 2352
2352, 5071
5071, 8995
4046, 8995
4046, 7712
5027, 7712
4046, 7726
7726, 9350
1308, 9350
1308, 9173
840, 7712
199, 840
5153, 9173
1085, 7477
7477, 8599
8599, 9625
664, 7477
664, 3102
3102, 7931
1065, 3102
1065, 2540
1475, 2540
1475, 9545
4037, 7931
1859, 3102
2540, 4713
2159, 4713
3102, 6459
7931, 9789
6459, 9096
8013, 9096
1859, 4860
1859, 3222
2540, 5559
3291, 9826
3291, 9539
165, 9539
165, 7652
7148, 7652
165, 4891
165, 1519
2015, 9938
4036, 9567
4036, 7137
4036, 8392
7810, 8392
4036, 5642
8333, 9646
4300, 4947
4300, 9851
4300, 6532
3991, 6532
8056, 9851
5575, 8056
3991, 7170
6545, 7170
2382, 6545
5040, 6545
2382, 9315
5040, 8882
2036, 8882
2036, 3684
3684, 7748
6435, 7748
2872, 6435
3329, 7748
3329, 5509
1934, 5509
6, 1934
6, 1405
6, 4347
4347, 4639
1405, 3176
4347, 5680
5680, 6115
4429, 6115
4429, 9994
1405, 2789
5680, 7420
4639, 8332
6576, 9994
4044, 6576
4044, 8514
4044, 8709
6, 442
442, 7858
4044, 9501
4045, 9501
4347, 6814
4222, 8332
2635, 4222
246, 4222
246, 2853
1739, 4222
2045, 2635
1739, 7997
1032, 7997
7997, 8580
734, 7997
1739, 4973
880, 4222
880, 4003
880, 1780
4003, 7966
1863, 7966
1690, 1863
4917, 5435
4917, 7128
4997, 7000
5029, 7000
2121, 9787
5642, 9020
6023, 9020
4568, 9020
2758, 9020
3946, 4568
3946, 6057
2758, 7400
1706, 6023
6057, 7711
6222, 7711
6222, 7722
140, 6222
140, 571
5926, 7722
5926, 9005
5926, 7577
5926, 7018
2829, 5926
140, 9973
2921, 7577
2120, 2921
108, 9973
108, 3720
445, 1411
2241, 6520
1753, 7196
1753, 3210
685, 3210
1794, 3210
1794, 5626
5626, 7636
7636, 8759
5376, 8759
5376, 8991
7636, 8828
3270, 8828
5376, 9732
1496, 4793
1496, 2713
566, 9410
590, 8327
807, 8327
807, 1055
1963, 4156
1963, 7091
7091, 8593
5399, 8683
6038, 6474
1839, 6474
1839, 4356
4356, 8576
5136, 8576
4356, 8696
3005, 5136
621, 3005
621, 2802
579, 6493
6493, 8896
4781, 8896
7300, 8896
7300, 7798
7798, 9000
239, 9000
1619, 7798
4426, 9000
1619, 7657
1550, 7300
1550, 8692
389, 8692
4998, 6020
4998, 5532
598, 2001
2224, 4182
6990, 7474
1426, 6990
5165, 7544
677, 2348
677, 5121
7745, 9827
9638, 9827
1639, 9638
1751, 9638
1751, 4221
1639, 3418
1639, 1968
1968, 4181
2080, 4181
2080, 7517
6838, 7517
602, 6383
1024, 4858
1728, 8841
3822, 8841
7052, 8841
4162, 7052
4162, 8287
4162, 6145
2659, 6145
2659, 7310
3303, 8287
3303, 8710
7637, 8710
5433, 7637
1720, 5433
304, 5433
304, 2704
1720, 5563
537, 1839
537, 889
889, 3460
3460, 9791
2543, 9791
2543, 5108
2543, 3238
5103, 5108
3238, 7842
2104, 5108
889, 4081
4081, 4303
3166, 4303
3166, 8769
1908, 8769
1908, 6308
89, 5202
1767, 5202
1767, 6863
6863, 6961
3775, 6961
5576, 8584
1872, 4118
2326, 4118
3077, 9995
2186, 6828
2138, 3163
2138, 7505
3518, 7505
6609, 7505
4373, 6609
4070, 7505
7316, 7369
7316, 9505
1567, 9505
1105, 1567
7316, 9230
4719, 9230
7742, 9230
78, 7742
7532, 9626
7150, 9626
7150, 8781
7723, 8781
1268, 4325
8362, 9697
872, 9697
1052, 9697
1052, 1067
1067, 7234
1897, 7234
1897, 8997
7234, 8543
2583, 8543
1067, 3420
1769, 3420
3420, 9025
1769, 6780
3013, 3527
3013, 6723
4424, 8898
259, 7565
4301, 7565
4301, 4524
1142, 4524
2317, 4524
968, 2317
79, 1142
440, 5041
68, 2119
700, 5455
2817, 7696
996, 4774
4774, 4893
1132, 4893
4774, 8980
2804, 8980
1788, 2804
1788, 4006
2729, 2804
4006, 8279
2729, 8426
6113, 8492
3731, 4651
4060, 5679
5679, 7631
898, 7631
4832, 8058
473, 6792
6792, 9015
3558, 7069
3558, 6622
3558, 6734
5919, 6734
472, 5919
472, 3913
848, 3913
1640, 3558
1640, 8348
1827, 2265
3070, 4815
2949, 5025
2028, 7395
7395, 9327
9327, 9806
7651, 9806
1021, 8236
1021, 9709
1021, 5246
6807, 9709
6807, 9474
6109, 6807
6109, 7469
4493, 7469
2717, 9474
6856, 9474
1584, 6856
4139, 6856
1584, 2126
2126, 4350
4139, 4817
1855, 7469
1855, 9612
538, 9612
7469, 7669
4475, 7669
710, 5246
710, 7587
710, 6797
4698, 6797
260, 9709
4409, 8917
4409, 6674
6674, 8028
6674, 7670
4409, 5147
1397, 3379
1397, 1468
1468, 1832
1468, 9686
7266, 9686
6794, 7266
8108, 9686
1468, 9596
7386, 8991
4771, 7386
96, 7386
8306, 8893
6527, 8893
9258, 9365
2046, 9365
438, 2046
8774, 9365
3881, 8774
3881, 8977
8741, 8977
8849, 8977
6461, 8849
2351, 5383
2768, 5383
3126, 9715
6986, 8915
1362, 6986
2820, 6986
2820, 6937
2874, 8163
876, 8163
876, 6181
876, 3978
3978, 4391
4391, 9456
1991, 9456
1991, 7292
4391, 4767
288, 9456
1991, 3593
2458, 3869
2458, 2738
2375, 2738
2738, 8336
1390, 2375
1390, 5781
5781, 6819
1390, 3652
2697, 3652
3652, 9422
5781, 7275
3426, 4312
2454, 4312
2044, 2454
4593, 6600
1196, 8104
745, 6046
6046, 9026
734, 3153
3153, 9983
3153, 3710
34, 3085
3085, 5171
3085, 6921
4610, 6921
3879, 4610
3879, 8330
3879, 8551
2060, 8330
2060, 7937
5177, 7937
2769, 3879
3688, 6262
2328, 3436
2432, 3436
443, 2432
3436, 8512
443, 1608
4433, 8512
443, 3711
3711, 5772
5521, 5772
4792, 5772
1608, 4834
1694, 4834
4518, 4834
4518, 7554
3436, 6684
4834, 9241
3863, 4887
1798, 4887
1798, 7571
922, 3219
3924, 4111
4096, 4111
4111, 4201
4201, 7845
827, 7845
827, 5508
13, 3149
13, 8974
13, 5275
13, 4789
5054, 5275
5054, 7028
7653, 8960
8960, 9332
1644, 6445
4523, 7157
4523, 9623
9117, 9623
1307, 7413
3604, 7413
2172, 3604
3632, 7413
561, 3632
3632, 9876
8778, 9876
6180, 7413
5776, 8778
675, 9876
1624, 3604
2172, 7614
613, 6180
8010, 9711
5606, 8882
4108, 5606
4108, 4763
4763, 5245
4927, 8207
4358, 8207
4358, 9058
883, 4358
2212, 3389
345, 2212
1134, 2090
2090, 6737
4897, 6737
3743, 3882
5203, 8354
12, 3649
5020, 8656
2062, 5020
1500, 9554
2386, 7223
7223, 8642
6509, 7223
4642, 6509
2924, 6509
2924, 9522
7043, 7223
702, 4104
4104, 5394
5394, 6218
4810, 6218
174, 4810
174, 6494
174, 4904
4838, 4904
5130, 5394
5130, 5488
6218, 6238
4630, 8384
4834, 7503
7503, 8617
317, 8617
4129, 5806
7838, 9097
6874, 7838
1881, 6874
4338, 6874
4338, 5460
3679, 4338
1804, 3679
1804, 2273
2273, 7707
3832, 7707
3832, 8136
907, 2273
3832, 7336
907, 6912
4151, 7707
4151, 4200
4200, 7564
2469, 7564
6912, 7879
7848, 7879
5530, 7879
4759, 7848
2172, 6867
4642, 6443
5148, 7236
7236, 9749
8816, 9749
4506, 9883
9496, 9869
2444, 9869
3183, 9869
2444, 8165
2444, 8601
5462, 8601
3481, 8601
2102, 3481
2102, 5076
17, 5076
17, 8228
3734, 8228
3734, 9021
17, 144
144, 7373
4954, 7373
1427, 2102
1427, 2805
524, 3734
524, 1566
524, 3044
455, 3044
455, 3835
455, 1140
1446, 3835
524, 7216
4682, 7216
3278, 4682
3278, 7989
1356, 3278
890, 7989
890, 2663
257, 2663
3044, 5328
506, 7373
2947, 3183
2947, 3438
3438, 9494
3438, 4942
1349, 3481
2805, 7296
257, 2345
2961, 3438
2961, 9667
6478, 9667
6478, 8519
1821, 6478
6478, 7837
7837, 8669
8669, 9188
5307, 8601
3067, 5307
2641, 3772
3772, 6759
1472, 6759
3140, 3772
3772, 9469
2755, 9469
606, 8828
606, 4701
933, 4701
933, 6370
933, 9832
1090, 9832
1884, 9832
1884, 5753
4930, 5753
342, 4930
342, 4611
342, 7207
1884, 7609
7785, 7826
2831, 7785
7785, 9717
349, 982
349, 7549
465, 7549
465, 6072
5845, 7549
324, 8041
2238, 5693
2238, 5560
2085, 5560
2137, 2238
2137, 6411
8572, 8931
4022, 8572
4022, 8979
4022, 6432
1684, 6432
1684, 5276
1557, 1684
1557, 4511
1557, 1843
6432, 8756
1515, 8756
1515, 3182
3182, 8182
2734, 3182
3182, 6146
338, 8756
3182, 8745
262, 8745
8439, 8572
666, 4070
666, 8839
4378, 8839
1450, 9046
3114, 9046
3996, 8415
2850, 3996
2064, 3996
3996, 6128
2057, 6128
2057, 2688
2057, 8008
6128, 9493
2064, 5663
2613, 5663
2613, 3292
2397, 3292
5663, 8815
3996, 4061
781, 8815
3708, 3722
3722, 6017
2696, 6017
4423, 8289
4423, 5361
2969, 6088
3101, 7965
7637, 8680
299, 3898
1996, 2497
364, 4187
364, 1778
364, 7941
1156, 7941
1156, 7968
7941, 9850
4908, 9850
4417, 4908
2414, 4417
2414, 6519
3444, 6519
2414, 3480
3480, 4106
2904, 4106
3480, 8701
6715, 8701
6715, 8871
4106, 4290
3170, 9623
3170, 6692
6692, 7952
3170, 9462
4748, 9462
5161, 7536
422, 5161
422, 2566
2169, 9282
5161, 8495
3184, 6069
3184, 7307
269, 5281
937, 7358
2263, 9763
860, 2336
2336, 2980
2336, 9619
5922, 9619
6339, 9619
6339, 9259
8402, 9259
7464, 8402
1539, 7464
4155, 9259
2980, 4994
4786, 7464
1903, 4786
1903, 9226
1903, 7530
653, 7530
922, 2724
7922, 9595
8332, 9540
5361, 8371
7617, 7639
7999, 8061
3835, 7543
4046, 4609
4609, 8095
3439, 4609
3439, 6268
3752, 8168
4835, 8168
319, 8168
1037, 4835
1037, 6077
319, 4617
343, 8168
130, 319
130, 9694
63, 3456
5993, 8573
4407, 8573
4407, 6877
4407, 9904
7124, 9904
1251, 8573
1915, 8573
4407, 5360
1251, 9429
1251, 4740
4740, 8911
9239, 9429
5292, 9239
4740, 7002
3807, 5880
615, 4602
2102, 2617
3396, 8874
5795, 7116
6549, 7824
7824, 7897
6878, 7897
6563, 6878
7824, 9892
5933, 9892
82, 5933
112, 5933
5347, 6573
732, 6573
1667, 8700
1667, 1757
970, 1757
4541, 9827
3416, 6514
887, 6514
887, 3928
3928, 8858
1759, 8282
1637, 1759
1637, 3795
1637, 7319
3510, 7319
3510, 6451
766, 6451
1637, 1851
3510, 6337
5581, 6337
5940, 6337
5581, 6742
7955, 8353
8353, 8830
6098, 7248
3819, 9315
1441, 3381
1441, 7841
2095, 7309
2095, 8916
3957, 8916
3957, 6664
4566, 6664
3603, 4566
1018, 4566
313, 8916
313, 5444
2095, 7608
4038, 7608
2501, 8644
1172, 6071
5820, 6071
5820, 6161
1283, 6161
1283, 4002
1213, 4002
1213, 7302
1213, 8358
5410, 7302
8475, 9573
5848, 8475
5458, 5848
4903, 5848
4903, 6812
5715, 9993
330, 5715
5715, 8634
8634, 9877
5369, 8634
2494, 5369
2289, 7945
2289, 9610
3852, 9610
2439, 3852
2439, 7576
7576, 7835
789, 7835
789, 4069
884, 2289
884, 4964
2439, 3376
2289, 8570
2266, 8570
2266, 8527
2266, 6039
1511, 6039
1511, 4289
4289, 5784
3852, 7027
749, 2266
749, 8161
5413, 8131
665, 5413
665, 3081
153, 3081
3081, 9639
522, 9639
153, 2493
4990, 9351
2691, 3924
2691, 7217
1969, 9677
255, 1969
255, 1350
1350, 3071
1350, 3981
4163, 6515
4163, 7480
7260, 7480
4163, 7070
3118, 4163
4163, 5546
4163, 6603
6603, 8212
1497, 8212
624, 1464
7333, 8230
4773, 6759
294, 4773
294, 3588
2863, 3447
610, 3447
610, 9328
6873, 9755
3528, 9755
1226, 3528
1226, 9503
2289, 9830
8546, 9830
7485, 9081
2231, 7485
1707, 5955
2679, 8189
2679, 4246
1774, 2679
3992, 4204
1722, 3992
2342, 3245
3245, 9277
3245, 4769
4769, 5883
511, 9277
3245, 4395
2534, 4395
2534, 6466
240, 4395
2534, 6649
6649, 9794
6649, 7351
7351, 9301
503, 9301
2728, 4769
503, 8835
240, 7185
240, 8221
2187, 8221
2187, 9473
3484, 9473
2527, 5883
2527, 6953
1725, 2527
2527, 9733
7200, 9733
917, 9733
2071, 7692
2824, 3230
2824, 8811
1800, 2824
1800, 3027
3027, 9934
953, 1800
2824, 5609
2298, 5609
2632, 5609
1463, 7064
1463, 9897
7741, 9897
3659, 4751
3391, 4439
7403, 7754
221, 1403
1403, 8508
6118, 8306
7513, 9343
4865, 9343
4865, 5847
2188, 5847
1429, 4865
2188, 5777
4743, 6383
1806, 3517
1854, 3517
1854, 8662
2766, 8662
1854, 8953
380, 1783
1783, 5551
4830, 5551
1260, 1783
6448, 8144
5196, 7866
3966, 5196
2898, 3966
3966, 5418
1437, 5418
1437, 4157
3302, 7948
6320, 7946
6320, 7031
1450, 7733
3364, 6434
1543, 3364
1177, 3364
1177, 3495
1177, 5995
5448, 5995
713, 5448
3131, 5448
1543, 1976
2001, 3571
5828, 9207
4727, 9662
4727, 9232
4727, 7582
2988, 7582
6332, 7582
2576, 4727
6332, 6420
6420, 7432
121, 6420
121, 1097
1097, 8575
4029, 8575
1577, 8575
1577, 5104
121, 3419
5104, 7112
3415, 8575
1577, 4405
379, 4405
4405, 6714
6492, 6714
1419, 6714
162, 6492
6714, 6770
1109, 6770
6770, 9534
2487, 9534
3415, 5949
3268, 3419
1109, 9960
3415, 8743
8937, 9960
8743, 9569
4265, 9569
4265, 5720
2101, 7432
6224, 6332
5104, 6125
6125, 7221
7221, 9885
9885, 9905
3415, 9136
3369, 9136
2259, 4574
2259, 9360
6471, 7768
7768, 8946
2096, 8946
2385, 8946
1896, 5965
5965, 6642
6642, 8218
1634, 8218
1634, 8187
3224, 8187
8187, 9489
4398, 8218
6735, 9288
3415, 6469
5664, 5721
687, 5721
66, 687
687, 7697
6775, 7318
3894, 6775
3172, 3894
3172, 8023
4064, 8023
3305, 4064
5854, 8597
5952, 8597
3715, 5952
3715, 8603
8603, 9171
3715, 6259
4957, 9171
4919, 4957
1911, 9171
6259, 6663
6259, 8681
6259, 9234
5186, 9234
1555, 5186
1555, 2043
279, 5186
279, 8170
1957, 2043
1621, 8170
1621, 3094
1630, 3094
8603, 8770
3789, 8770
3789, 8139
1911, 8319
1630, 4266
6663, 8019
553, 8019
553, 2716
2716, 9644
8454, 9644
2873, 8454
8454, 8868
254, 1555
1167, 8681
1167, 6795
6795, 7415
1975, 7415
2602, 6795
2156, 2602
1165, 2156
1070, 1165
1070, 3899
2716, 9562
2781, 9171
2781, 3897
7050, 8770
5875, 7258
2305, 4856
2305, 7975
2305, 4622
5216, 9422
2275, 5532
2275, 7762
4432, 7762
4432, 9985
3169, 9985
2759, 3169
2759, 9979
4058, 9979
2639, 4432
2639, 8126
3791, 8126
3675, 3791
2912, 3675
1906, 3675
2346, 4665
4318, 7030
3531, 9614
1203, 2325
5752, 9221
225, 7454
225, 9524
7051, 9058
2951, 7051
2951, 6155
6574, 7051
3314, 6574
3314, 9506
3314, 8087
4536, 9506
3257, 4536
4536, 8219
2437, 3257
3257, 4258
2066, 4258
1351, 2066
6618, 8219
853, 8219
591, 853
3257, 7849
853, 8239
657, 9506
657, 2020
657, 9518
179, 9518
7901, 9518
3398, 9518
3398, 8240
3398, 4334
2232, 5617
2571, 5617
2413, 2571
718, 2571
2413, 4215
1289, 6755
2712, 9865
655, 2712
655, 4809
195, 655
195, 3406
1480, 3406
2712, 6317
3643, 6317
4434, 6317
99, 4434
99, 7780
976, 7780
4849, 6317
5617, 6375
7157, 7206
4699, 7206
4699, 6904
475, 7206
4138, 7358
4138, 9498
572, 1597
6454, 6966
2269, 5115
2269, 8591
2875, 3734
6560, 8373
5255, 6560
303, 6560
458, 5689
599, 5689
599, 2851
1056, 2851
1056, 3459
3459, 4360
3459, 9177
7437, 9177
7417, 7437
3459, 9783
4360, 6832
159, 9177
6832, 7590
2851, 3133
1157, 7214
1157, 5510
5510, 7379
7379, 8031
5966, 8031
1643, 8031
1643, 2150
2150, 2278
5684, 6733
720, 3913
720, 6175
6371, 8804
6148, 6371
2877, 6148
2877, 7629
530, 7564
530, 3049
530, 4082
4602, 8299
5703, 8299
1693, 8299
5703, 7640
3725, 8299
7640, 8097
8299, 8739
4638, 8739
8739, 9361
8288, 9361
9361, 9785
7640, 9067
1915, 2812
497, 7734
497, 5321
2489, 5321
5321, 9464
51, 4232
2099, 7286
715, 9057
4441, 8658
7558, 8658
918, 9757
7959, 9757
7959, 8016
2643, 8016
2643, 4203
2643, 8101
7680, 8101
3100, 4203
407, 9469
5048, 7741
5647, 6224
871, 3856
3856, 5665
2078, 3856
327, 7698
457, 2999
457, 9163
1418, 6848
5364, 7023
5217, 7023
1796, 5217
1796, 2025
5217, 9115
1514, 1796
1514, 2065
3156, 6882
457, 6276
2657, 5554
2657, 3890
3890, 4112
93, 4112
3890, 9706
1119, 9706
1119, 3235
3235, 8078
3235, 5951
2472, 3235
3818, 3890
3818, 5638
93, 8374
7884, 9706
3235, 8856
1398, 5951
1398, 3748
1398, 3515
1119, 1205
1205, 3332
1205, 5374
1205, 2968
2857, 8525
3783, 8525
2045, 5304
898, 2019
3833, 5947
4404, 8674
4728, 8674
130, 564
1185, 1637
988, 1185
1185, 4224
4224, 7065
404, 4224
404, 4967
6943, 7065
5279, 7065
378, 4224
2656, 4751
3792, 7432
3792, 8263
1388, 8263
1388, 8406
1388, 9012
1375, 9012
1375, 4208
4208, 8506
5396, 9067
5920, 6141
9162, 9432
4196, 9162
5443, 6013
5443, 7828
1238, 7828
1238, 2009
2009, 7244
7244, 9777
8972, 9777
2009, 5726
5726, 6803
4251, 5726
1724, 6911
1242, 9670
1862, 9670
482, 1862
1862, 3489
3489, 9835
6010, 9835
2466, 9670
6407, 9670
2466, 5971
5971, 7433
752, 7433
752, 5624
5652, 7433
3404, 5395
2843, 6343
647, 6343
647, 3240
3240, 7034
6774, 7034
6343, 9307
5614, 9307
3750, 5614
1931, 7951
837, 7951
1299, 5751
3861, 5751
3861, 4885
4885, 8863
8005, 9639
2275, 3286
1700, 8976
4819, 8976
4819, 8627
2486, 8627
6761, 8976
6418, 6761
1849, 6418
1490, 6418
3605, 6418
1103, 2486
1103, 7566
7566, 8496
1553, 8976
143, 8006
3055, 5105
2381, 2595
1067, 3066
3999, 9995
3080, 3215
1861, 3215
651, 5753
651, 1300
1300, 4150
3001, 4150
1087, 1300
1087, 1382
1382, 6833
2854, 5783
3606, 5783
5783, 7950
4155, 4696
1972, 4696
1972, 5913
1972, 7996
1972, 9521
1972, 8988
1962, 9521
1962, 7557
6253, 7557
5634, 7996
2910, 7302
2910, 3874
1683, 3874
1683, 2651
2204, 2910
2204, 2293
2204, 4731
5546, 6091
5212, 6091
3888, 4245
862, 6259
6791, 8240
2256, 6791
2256, 4199
4527, 9648
154, 4583
154, 4393
4393, 9953
8596, 9953
8227, 9953
634, 1306
1306, 2371
7990, 9309
1644, 5688
5688, 9714
2552, 9714
2552, 6681
3462, 6681
958, 5643
958, 6870
452, 6870
3036, 6895
3036, 9903
5471, 9903
7337, 9903
5114, 9903
4587, 5114
2918, 4587
2918, 5627
2918, 6260
2876, 3409
2826, 3409
1442, 6436
796, 1442
796, 1022
1022, 2190
2190, 7816
3478, 7816
3478, 9275
1384, 3478
540, 1384
540, 8671
577, 9481
4782, 9481
3956, 4026
1293, 3956
1293, 9737
1293, 5010
5010, 8646
4153, 8646
3529, 4153
674, 6252
4193, 6252
3087, 6252
2095, 5380
4425, 8677
723, 5564
4512, 7752
4512, 9571
4192, 4512
4192, 7970
5886, 9571
5886, 9184
3322, 9184
5937, 9184
5937, 6831
5204, 5937
2871, 6831
2549, 6831
2705, 7970
1011, 7970
1011, 4557
1011, 8225
3493, 4557
4453, 5950
1245, 4453
1245, 5095
5095, 6806
920, 4453
920, 3769
60, 3769
1245, 9166
2260, 9166
2260, 5414
423, 5414
423, 3871
1008, 3871
1208, 3871
21, 1208
1208, 9609
423, 3651
751, 9609
751, 4269
1873, 4269
751, 5450
751, 1125
1125, 7740
459, 1125
459, 3738
222, 751
222, 694
694, 3431
423, 5117
392, 4269
392, 8876
8876, 9768
8649, 8876
5852, 8649
5852, 6927
3087, 7920
8964, 9695
4951, 8964
4951, 9105
672, 8356
672, 3128
2280, 8082
2280, 8721
7086, 8721
2185, 7486
8175, 8657
3279, 9092
1794, 7873
70, 7873
781, 7902
2328, 8847
997, 8847
279, 7475
16, 2314
16, 3061
16, 4486
16, 6172
16, 9023
4137, 9023
3616, 4015
4464, 6172
4464, 7044
3963, 7044
2578, 3963
477, 2578
536, 3963
536, 1263
536, 2553
536, 4956
4956, 5580
2553, 8930
2553, 2743
2589, 2743
2589, 6267
1263, 9615
1565, 5349
4120, 7672
3416, 3674
3295, 9453
1093, 9453
1093, 5630
6885, 9453
5893, 6885
1770, 5893
230, 6885
3660, 5893
4363, 6885
1212, 5630
1212, 3047
5890, 8575
4314, 5890
2452, 5890
1672, 8825
1853, 5799
4939, 9339
2776, 4939
4931, 4939
4931, 9621
168, 9621
2863, 5832
361, 5832
5832, 6419
6419, 7154
5062, 6490
2219, 9007
2297, 5390
5390, 9642
4823, 9642
381, 9493
3170, 3596
3888, 7241
1227, 6927
1227, 3532
2690, 3532
1376, 2690
3827, 9138
2081, 9138
2081, 9705
4863, 9138
758, 8640
5788, 8335
3119, 7861
3119, 5244
5244, 8059
3119, 7299
7299, 8100
145, 8100
1589, 3119
145, 213
213, 5823
7299, 8736
5800, 5823
352, 5800
352, 9143
145, 4766
22, 4766
22, 9196
4559, 9196
1345, 4559
7644, 9196
1216, 4559
1099, 1216
1099, 1645
1645, 4473
3933, 9862
2775, 3933
2775, 6223
1860, 3933
1889, 7085
7577, 8940
4028, 5626
3136, 4028
2588, 3136
2555, 6397
2555, 3260
2543, 3790
337, 6797
337, 3417
1163, 3417
2700, 3417
217, 2700
310, 1163
2700, 5505
2253, 2377
2253, 2752
802, 2752
2253, 6839
2880, 8642
2880, 4758
4758, 7642
2695, 7642
2695, 8534
2695, 9414
6016, 9414
2695, 2997
2206, 2997
2997, 8345
8345, 9698
1699, 9698
453, 1699
453, 1525
1295, 8534
1295, 6503
1295, 5354
5354, 6047
6085, 9698
4812, 6085
678, 2514
5623, 7642
2296, 9254
9250, 9254
4895, 9250
3751, 4895
3751, 8755
8391, 8755
1606, 8755
1606, 7470
580, 7470
580, 1393
1606, 6580
1393, 6496
6496, 9382
539, 8755
6080, 6580
826, 4379
826, 6360
6360, 6876
5921, 6876
785, 826
3754, 6876
3754, 8782
3002, 8782
245, 3754
3002, 3821
3821, 9898
2620, 9898
1115, 2620
2620, 6119
3002, 9213
826, 5313
1071, 5313
1071, 7738
2456, 7738
932, 6777
1574, 6777
1574, 4496
4496, 6199
5341, 6199
5341, 7033
1574, 6913
3565, 5400
3650, 5003
5003, 9345
5023, 9470
420, 9881
3253, 4160
1978, 9916
4456, 9916
8624, 9916
4837, 8624
764, 2667
764, 1145
585, 6744
3098, 6213
1549, 6213
6263, 7084
3811, 6263
1011, 5320
4560, 5320
5672, 7629
5738, 7244
5738, 9186
5425, 6931
2234, 5425
4372, 5425
2567, 4372
2567, 7548
3767, 4372
806, 3767
806, 1964
5523, 9634
2421, 6850
2522, 6850
1913, 2091
1857, 1913
1857, 4305
1765, 8472
2306, 3614
3464, 5954
557, 2563
557, 2441
557, 7153
557, 4883
2441, 2760
4883, 5391
1744, 2760
1744, 3281
1744, 3552
2474, 3552
2474, 6898
2474, 9071
7916, 9071
1507, 3552
6838, 7111
3905, 6355
5044, 8741
5044, 9119
8749, 9119
793, 8749
8749, 8947
5044, 8174
2451, 8174
3601, 8041
1637, 2519
6764, 8867
1125, 5728
4557, 7747
2346, 6250
4658, 8062
4658, 7821
4658, 7021
3575, 7021
7821, 8962
367, 6392
8959, 9886
4565, 9886
3299, 9963
1832, 5749
5749, 8232
4855, 7292
4855, 7528
7528, 9750
1625, 9750
5764, 9750
676, 5764
2836, 8125
2836, 7483
7483, 9387
2616, 9387
2616, 6825
1513, 6825
170, 2616
2836, 5520
3816, 6825
3561, 3816
3561, 5756
1800, 8936
1136, 2774
1457, 2774
1457, 6959
1360, 6959
5635, 6959
804, 2292
2238, 5194
894, 5194
894, 2954
1572, 5194
1572, 7493
6945, 7493
3600, 4106
3456, 6916
6916, 8822
1604, 8049
5303, 8049
3173, 9562
4065, 9894
5652, 8998
1618, 9418
6430, 8930
8068, 9104
2558, 6220
6851, 9770
2625, 5289
3953, 4045
1029, 6509
1029, 5285
2663, 3779
3779, 9718
339, 951
339, 4841
5489, 7543
5489, 5998
7590, 8450
647, 7783
6648, 7783
1448, 7359
3868, 4595
2664, 3119
2664, 5543
3831, 8233
6905, 9742
282, 627
627, 6846
627, 5763
5763, 7655
7655, 9270
8294, 9270
5327, 8294
5327, 7142
6065, 7142
6065, 9113
2175, 9022
5765, 7637
5765, 7677
7677, 9363
5765, 5935
2130, 3506
2536, 3506
7313, 8908
1881, 7169
3141, 7169
7169, 9335
4184, 7169
1809, 3141
1324, 1809
1809, 2584
2584, 9099
2128, 7169
2128, 6413
8361, 9099
1670, 8361
1670, 4148
2584, 6385
6385, 6596
575, 6596
5038, 9335
5038, 9965
1324, 3908
5270, 6113
3148, 5270
3148, 3543
3045, 5270
386, 3045
8713, 9503
3699, 7804
9136, 9928
232, 886
886, 5420
248, 886
4576, 9436
9436, 9484
822, 9436
4876, 7771
4876, 8241
6127, 8774
130, 4612
3321, 8834
1104, 3812
452, 6659
5117, 8255
2995, 8255
2995, 4692
1034, 3028
3028, 5293
515, 7873
515, 5046
5006, 6629
5006, 9384
1704, 9384
1704, 9114
5928, 9114
4460, 9114
8795, 9114
1704, 3352
3196, 9384
3196, 6665
906, 6665
906, 1914
692, 8795
2928, 6555
6555, 8253
298, 8253
758, 6453
965, 6453
965, 1995
1995, 3424
3344, 3424
3344, 4050
4050, 9089
8784, 9089
4050, 6858
6858, 8265
794, 6392
2121, 9052
3105, 8405
3812, 7444
7444, 8958
355, 8958
2343, 9114
2343, 8722
6892, 8722
2459, 8722
6843, 8722
1372, 6843
1579, 8722
637, 1579
637, 5787
5468, 5787
1635, 5468
1923, 5468
2740, 5468
3792, 8143
946, 8143
946, 7993
8122, 8143
2749, 8122
5254, 5614
4951, 6312
1628, 3516
1096, 5991
1096, 6655
7709, 8605
1264, 3056
1264, 6871
5870, 6871
237, 5677
898, 9997
5960, 6286
903, 5960
1536, 5365
2915, 5365
274, 2915
274, 3111
2915, 5416
1086, 5416
274, 496
496, 9946
774, 9946
774, 1210
1210, 4604
774, 1374
4604, 7776
2220, 7776
2792, 2915
1555, 2882
532, 7210
1428, 7210
1428, 3512
3512, 4757
3512, 6068
1002, 7210
1002, 7795
7795, 9260
4926, 9260
4146, 7795
80, 7795
80, 7409
7409, 7799
4819, 6414
6414, 7201
6564, 9662
2011, 6564
2011, 2213
203, 2213
203, 9304
133, 3403
3290, 6689
6513, 9258
6513, 9459
2365, 9459
2365, 6032
2365, 3383
6012, 9459
3115, 6032
3115, 7759
7759, 9280
4910, 9004
2398, 4910
4910, 8080
2398, 4279
4279, 9199
2427, 6025
1085, 2605
1421, 2605
1421, 5154
5154, 8929
1787, 8929
1691, 5154
1787, 2145
5894, 6215
5894, 8823
6757, 8823
7110, 8823
2490, 9127
5168, 8681
84, 5925
84, 2994
2373, 2994
42, 7950
42, 9911
42, 5377
5377, 7836
6575, 7836
5740, 9911
6575, 8369
3615, 9088
8079, 9088
903, 2006
2192, 4641
1083, 4641
3410, 4641
247, 3410
3410, 4021
7011, 8154
4877, 8154
6245, 8154
3487, 8154
3487, 8211
6245, 9495
5770, 7062
6543, 8600
4120, 9359
1751, 7905
6423, 8890
2805, 8440
4636, 8440
1543, 5541
1835, 7050
521, 1026
521, 7888
521, 2930
1483, 7888
375, 2362
1324, 4962
4962, 7761
5282, 7761
5282, 6330
722, 6330
1185, 6499
4082, 9200
6709, 9200
1943, 4515
5487, 7836
5487, 6227
3564, 7388
3564, 6801
3564, 5268
5268, 8275
3564, 4466
4466, 6487
4466, 5007
5007, 8994
6890, 8994
6890, 7763
1081, 5268
1081, 2442
7151, 8614
7151, 7276
2391, 7151
709, 2391
709, 4795
5067, 7276
3610, 5067
5107, 6495
5253, 6495
1592, 5253
191, 5253
191, 4216
721, 3025
721, 4126
4126, 9972
1269, 9972
1269, 9375
9417, 9972
1153, 8267
1332, 4332
3102, 8724
5942, 8724
2710, 8724
3880, 6532
2973, 8259
67, 2973
2973, 9762
640, 2973
640, 2154
12, 1122
639, 1122
1078, 7222
1335, 9512
657, 8586
2214, 8253
1410, 1415
1394, 5341
1245, 8399
8055, 8399
7757, 8055
7716, 7801
4136, 7801
1030, 3233
3233, 9701
8645, 9701
8530, 8645
3763, 9701
3763, 7843
1237, 7843
3763, 7956
1237, 5442
6277, 7956
1716, 6277
3997, 6277
1030, 1755
1755, 8541
636, 4345
636, 7598
2895, 7001
6272, 9908
6272, 7457
4, 2400
3775, 6903
1965, 5044
1965, 9643
474, 1418
3561, 9393
4706, 9393
272, 8657
1394, 6182
6182, 8075
4708, 6182
4708, 4716
2021, 4716
2021, 9305
2065, 2660
3749, 7062
3749, 8685
3749, 7874
4412, 6673
2460, 6012
4857, 8234
4857, 8444
2554, 5168
237, 3884
3884, 4283
1144, 4283
1620, 9773
868, 8177
4448, 5743
3244, 9303
2764, 3244
2764, 9656
2103, 9656
2103, 3229
3229, 7008
7008, 8251
2089, 8251
2089, 4435
686, 1799
1799, 1819
105, 2059
1981, 9930
5669, 9930
3883, 8941
3883, 6402
669, 4698
520, 8897
7402, 8816
1191, 7402
1191, 5519
2085, 6908
5388, 8812
8812, 9538
3364, 7340
2585, 7340
7340, 8949
482, 701
701, 7658
7658, 7891
2010, 7891
2010, 4581
4581, 6784
6784, 8150
5869, 8150
4256, 5869
5869, 9597
9062, 9597
972, 8150
2779, 9063
3330, 8425
6498, 6880
6880, 8872
163, 336
163, 4652
4652, 6018
895, 2602
5393, 9028
4860, 7133
941, 5575
106, 6089
951, 5129
3090, 5129
683, 4215
488, 683
3515, 9684
8372, 9684
8102, 8372
8102, 9507
2618, 8372
8517, 9684
3208, 8517
1502, 3208
920, 8196
866, 2078
5863, 7457
534, 1582
1582, 2645
1582, 9935
1582, 2559
2559, 3041
1352, 4591
513, 6897
568, 2002
4044, 8848
4385, 8848
4385, 8148
501, 8148
501, 3982
3829, 3982
406, 8848
3144, 3829
3144, 6488
3144, 7659
1215, 7659
1215, 5366
5366, 5601
5366, 8235
1215, 3407
3657, 8235
1749, 3407
4890, 5601
3144, 8729
4890, 8424
5160, 8424
2518, 8424
4998, 7847
2301, 3887
2301, 2784
2784, 5731
5251, 5539
5251, 8057
808, 5251
3097, 5388
2538, 4398
4961, 7218
4787, 9771
649, 4787
649, 3145
2348, 2926
2926, 4384
4384, 5791
2662, 5791
3787, 5791
5791, 6225
6157, 6225
1939, 2926
948, 1939
859, 1939
859, 8616
4384, 5240
5240, 5612
4357, 4384
948, 3906
3906, 4447
2301, 2725
841, 1748
1748, 7686
3214, 4719
3153, 4924
1285, 5171
1285, 1659
1659, 2151
2151, 7463
5797, 7463
226, 5797
5542, 6465
7500, 9188
7500, 9353
5216, 6992
1197, 6992
2989, 8988
701, 8690
7683, 8690
5831, 8211
3116, 5831
5831, 7119
1498, 7119
7114, 7119
346, 7114
3341, 5817
3452, 6233
6809, 8117
3177, 3556
1392, 3177
3177, 3363
5108, 9362
3312, 7624
3312, 9654
3312, 6209
2041, 6209
2041, 6518
2061, 6518
6209, 7984
7259, 7984
7259, 8316
405, 1497
5400, 5479
2913, 8406
1711, 2913
1711, 6350
6832, 9675
4462, 9675
1674, 4462
1674, 8483
1674, 6991
3825, 6991
3825, 8418
6504, 8418
1910, 4725
757, 4725
757, 4383
4383, 9721
3936, 4725
757, 6817
1771, 6817
6817, 7219
1825, 7219
1825, 6051
757, 7599
3936, 8086
2618, 5888
117, 2959
1214, 7157
4140, 8035
204, 6264
6264, 6947
3638, 4545
2422, 3638
3568, 6699
5147, 7765
2046, 6690
249, 7824
4215, 8326
1503, 8326
2636, 2793
2247, 2636
5807, 7642
3635, 4033
5714, 7513
2914, 4698
6346, 9870
1925, 9870
1106, 1925
1106, 2430
7104, 8182
5936, 7104
3470, 5936
3875, 5936
3095, 3875
1369, 3875
3470, 6810
815, 6810
7104, 7876
1311, 7876
211, 9861
211, 754
211, 2603
754, 8469
3395, 8469
487, 3395
2603, 4324
1687, 3395
1687, 7743
5547, 7743
7024, 7743
1222, 7024
7743, 9174
4416, 8469
1882, 4416
1882, 5178
1882, 4818
3630, 4818
2197, 7005
2197, 4030
4030, 9780
1882, 3297
799, 1028
552, 2869
2869, 3511
2869, 9833
9094, 9833
5319, 9833
3511, 3865
5319, 5590
741, 5590
741, 7076
1432, 2869
1432, 4584
3813, 9833
4584, 9330
6476, 9250
6476, 7853
2833, 6476
6736, 7731
2859, 6736
2811, 2859
111, 2811
111, 293
2859, 3242
69, 2811
69, 5260
3823, 4505
1153, 7078
458, 5233
5961, 9229
6639, 8841
7384, 9011
2684, 7384
2684, 6965
6965, 9079
2684, 4451
1929, 4451
7177, 9079
1543, 3132
4270, 5359
2492, 5359
1984, 4286
1064, 8197
658, 7626
658, 2237
658, 1287
2237, 4446
1110, 4446
2125, 4446
6901, 7142
1120, 3605
1120, 8776
1120, 2511
1120, 7869
3234, 7869
3234, 7972
7972, 8520
7695, 8520
298, 6348
3782, 6348
1477, 3782
1947, 8281
5911, 8281
8281, 9843
1537, 8631
5230, 7517
5822, 7631
72, 5822
72, 7985
7055, 7985
6210, 7985
6210, 9100
5822, 8903
5822, 7634
4421, 7634
4421, 5839
5839, 8582
72, 9024
5315, 9024
5354, 9131
7387, 9131
4721, 7865
4394, 6939
1734, 4394
1734, 2610
2610, 6050
3277, 8283
8283, 8342
8342, 8504
6705, 8504
3023, 6705
1363, 3490
4893, 8448
827, 7910
2598, 5113
5113, 9231
5206, 9231
200, 2066
1762, 2867
1990, 2867
1322, 1990
3392, 6657
3392, 8121
3191, 4948
3191, 8667
1598, 3191
1598, 7256
7088, 7256
1189, 2818
1033, 2818
2818, 9702
1578, 5309
2478, 4920
2478, 4348
6948, 9582
5710, 7424
4492, 9096
4492, 9411
4492, 9888
9678, 9888
2055, 9888
5001, 5642
3770, 5001
7722, 8961
5433, 8635
1680, 8635
4793, 5975
5497, 5975
5975, 9952
4805, 5497
831, 1871
3199, 5046
3956, 7850
2281, 8399
138, 7387
930, 2786
7489, 9201
6805, 7913
1464, 7190
1791, 7173
7800, 8904
3979, 7800
3288, 3979
2611, 3288
2029, 2611
2680, 3288
2611, 9817
3288, 8837
8837, 9308
1128, 6133
846, 7187
846, 7921
7921, 9370
3174, 9370
3174, 8752
1883, 3436
1883, 9415
3310, 9415
4592, 7589
4592, 8800
6535, 9218
384, 9934
238, 3148
37, 238
37, 6957
5187, 6957
1693, 8340
4635, 9953
2465, 4697
275, 1318
5061, 8063
2604, 4552
2440, 4552
1847, 2440
1847, 7056
5441, 7056
7056, 8864
3237, 8864
3237, 6528
4556, 6528
3237, 6150
7394, 9546
3315, 7394
584, 6001
584, 1956
1956, 2828
1685, 9368
693, 1685
693, 3975
693, 9921
78, 3802
8258, 8310
3085, 5782
4763, 5992
2270, 5992
2270, 7979
1884, 7585
3992, 4212
6003, 9919
3177, 9510
611, 9510
5543, 7147
7147, 8757
5682, 5942
29, 2021
5592, 6604
30, 1245
30, 8466
4371, 8466
4371, 5589
30, 2505
8466, 9758
3307, 9758
30, 7081
7081, 9068
4438, 6524
1044, 2996
1044, 6381
6381, 6776
1044, 9214
3576, 9214
3576, 8561
1987, 8561
1987, 4808
558, 2191
558, 9478
558, 2992
3826, 6601
4169, 6601
645, 5538
3450, 3765
620, 3765
1785, 3765
1785, 2463
2463, 3388
1785, 8155
3519, 8155
3388, 8355
4507, 8355
5474, 8355
3298, 5474
2309, 5474
3519, 7186
3765, 5096
1273, 5096
1273, 3504
3504, 7374
1665, 2519
1202, 1645
1309, 6212
1309, 7928
1309, 2579
1309, 9098
4183, 9098
28, 7225
7225, 7894
7225, 8883
1271, 7225
1271, 8895
4164, 8895
5948, 8895
7225, 7809
7225, 8071
756, 8071
1303, 6441
850, 7626
850, 1784
850, 8245
1060, 8245
478, 4573
478, 8105
6996, 9955
1844, 7342
7342, 8793
1775, 7342
1775, 4870
388, 4643
2122, 5934
4616, 5934
4402, 4616
4361, 9686
1045, 4361
1045, 7786
2654, 7786
2654, 4668
3358, 7980
5423, 7980
5423, 9896
6552, 9896
4250, 5423
3886, 9896
3886, 4979
4979, 6424
5550, 6424
5267, 7476
5267, 6103
3437, 6103
4225, 9859
9445, 9859
5567, 9445
69, 5825
5825, 5956
502, 7888
5377, 7519
6431, 7360
149, 3260
149, 5465
5465, 7983
5465, 7107
6086, 8489
6056, 6086
6086, 8881
4419, 6086
6086, 8157
4206, 9279
8653, 9044
7820, 7863
5131, 7863
1642, 5131
6193, 7863
5131, 9807
736, 9365
5616, 6160
5504, 6160
6160, 7325
1408, 5489
4787, 6116
9233, 9370
2125, 7504
1089, 6133
1089, 2790
2882, 6472
3539, 6472
1657, 3539
1657, 9246
8231, 9246
3901, 8231
3901, 9267
5964, 9267
2936, 5964
1434, 2936
4080, 5964
2068, 4080
2068, 9299
5637, 9267
740, 4080
740, 2858
113, 9601
2012, 8152
2012, 6501
6779, 9968
8286, 9968
3949, 6440
2638, 5442
1766, 3012
1848, 3176
9005, 9971
391, 9971
235, 391
235, 512
466, 512
391, 3387
512, 7344
1489, 2697
5177, 8788
489, 8788
489, 9016
7327, 9016
5517, 9234
517, 5517
517, 4514
517, 4161
59, 4514
5517, 9132
59, 9991
5862, 9132
59, 7426
517, 1732
6654, 7426
2664, 8093
8093, 8344
7871, 8093
7871, 9055
1508, 9055
6718, 7886
7411, 7886
955, 7411
955, 6652
6933, 7411
4567, 8169
1311, 1440
690, 1440
4495, 8178
875, 9039
8033, 9039
1585, 8033
2090, 4525
2831, 8971
4602, 4813
1757, 7141
3507, 7692
3507, 7693
771, 8863
676, 8237
1871, 9371
6158, 9371
122, 6158
122, 301
122, 4938
3473, 8057
3473, 8296
3228, 3936
3019, 3667
1846, 3019
3019, 8334
4829, 8334
4829, 7508
514, 7508
6949, 7508
514, 809
7508, 9409
3413, 9409
3187, 6949
3187, 6379
809, 2319
2319, 5518
1042, 5518
1305, 6949
1305, 2735
5882, 7508
809, 4144
3187, 3929
809, 1869
3919, 3929
4144, 6789
759, 7508
2568, 9409
1035, 2568
2568, 4202
4202, 6786
1035, 9248
1042, 2499
2499, 3873
3873, 6142
1493, 2499
3620, 6142
1754, 3620
1754, 5533
622, 2735
622, 5957
622, 1321
622, 5892
3412, 9248
1281, 3412
3216, 6379
1458, 3216
3198, 3866
1738, 6211
2284, 4549
1944, 2284
2284, 2560
114, 8669
114, 4386
765, 1441
6259, 8499
9024, 9804
4854, 9804
4914, 8310
4914, 6009
1959, 4136
5065, 6756
5305, 9187
239, 5761
5610, 5840
5933, 7270
713, 1666
1666, 3848
3848, 7630
1919, 7630
1919, 7163
4052, 5822
5522, 8102
1327, 5522
1313, 4457
3304, 7842
1452, 7216
3193, 9360
2686, 3193
48, 5165
48, 1235
670, 1235
3522, 7161
8267, 8663
5902, 8663
1504, 5902
1537, 7729
1570, 7729
552, 2580
2390, 2580
1449, 2390
1449, 8482
528, 1449
528, 3828
2390, 4041
4041, 6637
6637, 8266
4501, 8266
8266, 9700
6724, 8266
5312, 6724
4915, 9700
596, 4915
596, 5545
4915, 8537
9119, 9536
7561, 9536
7561, 7638
3272, 7638
305, 3272
7775, 7811
4134, 7775
4134, 9458
8179, 9458
8076, 8179
855, 8179
4316, 6136
5926, 8301
6437, 8301
292, 8301
898, 2339
2339, 4607
4289, 7180
3377, 8546
6456, 6795
6711, 9338
1633, 8925
2271, 9566
6855, 9345
3658, 4749
9537, 9949
4626, 6754
1154, 8882
1154, 1535
1535, 2287
5135, 8960
5135, 5239
5135, 5810
6713, 9296
1000, 3300
1000, 7924
6820, 7924
1000, 8733
1000, 3293
3293, 4932
1524, 6086
8707, 9702
7930, 8707
2761, 7930
302, 2761
302, 2379
2379, 2453
1898, 2761
5249, 6564
5249, 6299
6299, 6380
3639, 6380
6299, 8967
8967, 9245
8967, 9263
1595, 9114
1595, 9640
8831, 9640
6650, 8910
2967, 9048
9337, 9775
8459, 9337
6926, 8459
5106, 8459
6006, 6514
2328, 3801
1617, 5395
2552, 6309
6309, 6561
102, 3136
3095, 5897
950, 5897
2127, 9100
7271, 9098
4001, 7271
7271, 9703
2727, 5710
5617, 8456
1235, 5004
3707, 5004
6888, 8925
2530, 5406
1892, 2530
737, 4680
3428, 4680
2429, 3428
2429, 4479
6989, 9756
6989, 7778
6976, 7778
3343, 6976
371, 3343
7778, 9653
927, 6989
106, 5386
183, 661
183, 4974
183, 5622
5622, 8458
36, 4974
4974, 7661
36, 3608
36, 9947
7691, 9947
3747, 7691
7691, 9466
3747, 6716
3048, 7791
2205, 7791
2205, 2772
2772, 8329
652, 1388
1257, 7715
1257, 7376
4467, 7376
2612, 9202
1009, 2612
3661, 8907
3661, 4845
3483, 8273
5223, 8273
4690, 5223
4690, 6645
1220, 4690
4690, 6722
5250, 8273
5250, 7688
942, 987
5481, 9021
2631, 5481
1217, 7801
2555, 9346
3164, 9346
5385, 5685
5333, 9006
4476, 9756
3716, 4648
4585, 5926
1385, 4585
2608, 6749
174, 8670
360, 8670
3444, 4230
4675, 6451
4675, 6468
2954, 9962
5470, 9718
1222, 4600
659, 4333
659, 8064
4955, 8064
2207, 4955
2207, 7472
2322, 8322
3099, 3792
3099, 8276
7899, 8276
7899, 9719
6455, 9719
2840, 7899
6302, 8276
6302, 6704
6704, 6760
6760, 8702
971, 8702
2560, 4497
215, 667
215, 4995
1102, 4995
1102, 9542
215, 1878
5927, 7089
7266, 9836
264, 876
2060, 9377
4992, 9377
7427, 9883
2188, 7570
1574, 2496
2496, 8791
916, 8791
1143, 7876
4348, 9160
23, 9160
23, 4375
4375, 5785
73, 9160
73, 5912
682, 5912
73, 2018
5912, 8021
5785, 7428
788, 7428
1423, 7428
1423, 9051
5742, 9051
5742, 7864
998, 7864
703, 1423
5742, 6982
6982, 9427
2855, 6982
2855, 8116
6909, 8116
8002, 8116
8002, 9613
2402, 9613
2402, 8817
2174, 2402
2174, 9590
1303, 6849
2783, 9946
400, 9162
1890, 8950
6934, 8950
638, 8950
320, 7025
3326, 4685
3326, 4311
4311, 6200
1692, 6200
6539, 7699
5358, 6539
6841, 7194
2186, 4019
1792, 4019
700, 4538
7744, 8069
2539, 8069
1776, 2539
3256, 4233
7701, 9495
7701, 9918
3263, 9918
1303, 4327
4327, 5180
4662, 5180
1181, 6817
1281, 3423
8420, 9102
9102, 9340
9340, 9943
8328, 9222
3231, 9222
3231, 3911
2990, 9222
8678, 9121
4571, 9851
3967, 4571
3180, 7833
3464, 9482
5658, 9482
1920, 2459
3346, 5511
1992, 3346
1613, 3346
1613, 3910
1613, 4654
1613, 3766
3766, 7524
1051, 7524
3766, 8417
2410, 3766
2410, 5792
5792, 9712
5218, 9712
2477, 5218
321, 2477
2024, 2477
2024, 2517
2016, 4453
2016, 9419
1796, 8588
7108, 8588
8099, 8588
6382, 8099
3445, 7108
6382, 8714
3412, 8113
8113, 8272
426, 2450
2131, 8099
2033, 2131
2131, 2153
4694, 7085
1188, 4694
1188, 6179
6179, 7777
1262, 4426
9619, 9884
6369, 9884
6171, 6369
6369, 7117
6746, 9884
1677, 4161
429, 1677
1677, 6029
3601, 8587
6204, 8587
5758, 7920
1296, 2971
679, 7404
679, 5982
7138, 9416
4415, 9416
4010, 9416
8403, 8419
565, 8403
7120, 8405
5141, 8144
5141, 9325
1010, 9325
2682, 9325
6266, 9325
532, 2597
4723, 7781
3724, 6213
1885, 3724
3724, 7568
1594, 3098
2590, 7965
2590, 3809
5453, 7919
3433, 5909
1020, 1857
975, 9770
2097, 9281
5213, 9281
4256, 7628
2196, 5672
2196, 5353
2530, 4054
6464, 7775
6464, 7183
6798, 8617
6798, 7851
1571, 7851
1437, 9808
1160, 2664
2897, 3367
1084, 8586
4725, 7045
5024, 5714
123, 7147
4731, 5605
3428, 5983
5983, 9385
8247, 9272
1953, 9272
5101, 8952
6140, 8952
6140, 8135
5430, 8135
2923, 6140
2923, 6405
5340, 6140
5340, 6854
5648, 6854
2251, 5648
2251, 4644
5231, 6854
4624, 5648
4624, 5620
4032, 5231
209, 5430
5648, 5977
5549, 5977
208, 4426
2403, 3080
2485, 3852
1482, 4499
4499, 9990
2334, 9990
9293, 9990
7459, 9293
2974, 7459
4025, 7865
187, 3967
2067, 9128
9128, 9839
3566, 9839
1319, 3567
7949, 9019
5469, 7949
5774, 7949
5469, 5572
1989, 5572
3426, 8633
3236, 6708
3236, 9866
7461, 7878
374, 7878
6429, 8699
6483, 8699
6483, 9329
58, 6483
329, 6483
5888, 9278
3395, 5098
4329, 9888
4329, 8905
4329, 8200
1549, 6562
9548, 9615
1697, 8708
828, 6473
5239, 7264
1047, 7862
5469, 9219
4831, 9219
3205, 4831
3205, 6093
4195, 6093
6093, 9074
1961, 9074
4195, 9476
1455, 3205
5081, 9074
5081, 5252
5252, 5437
1455, 8888
8364, 8888
568, 8321
6170, 8321
5597, 6170
1074, 5597
1074, 5297
5297, 5528
6153, 8321
836, 6170
8321, 8378
1453, 5662
5662, 8827
9273, 9963
5876, 9273
5311, 9273
5311, 9244
6222, 8715
6324, 8715
4988, 7300
1548, 4988
5398, 6807
644, 3744
644, 2235
2198, 3106
1735, 3239
380, 1833
978, 1833
2616, 8038
151, 1027
6187, 8648
3400, 8648
79, 6762
6762, 8913
6762, 8183
7911, 8183
8833, 9036
6149, 8833
6149, 9155
3438, 9479
3206, 9479
4167, 8610
8037, 9748
124, 8037
8037, 8206
2849, 9330
2771, 8340
4270, 9681
5805, 7747
869, 6250
1597, 1689
1689, 5015
4561, 5015
3213, 5587
890, 3112
3112, 6470
6519, 6598
4039, 6598
6598, 7164
4039, 4632
1267, 4632
984, 1267
3057, 6598
6274, 6598
1267, 1901
5759, 7639
2193, 5410
2193, 6034
6034, 6647
830, 6647
830, 9553
9500, 9553
6482, 9500
3311, 6482
1015, 9553
952, 2827
2179, 4387
2179, 9010
9010, 9925
3469, 9925
3469, 4381
2074, 5007
1282, 5194
446, 9292
7702, 9292
1111, 9292
6703, 9292
4898, 6703
4709, 4898
1020, 5193
3617, 5700
2550, 2776
1317, 4337
4160, 4227
2816, 7977
2816, 7165
1025, 7085
5963, 7958
4012, 7958
4012, 4800
4800, 6752
1764, 4800
5515, 7958
4157, 8675
5813, 8454
4565, 9936
6290, 6453
821, 6290
6312, 7840
1600, 7921
2040, 7451
4873, 6854
4873, 9291
1651, 9291
1651, 4100
1651, 9373
7592, 9373
7592, 8166
3251, 5815
6508, 8716
4972, 8716
5914, 8716
5745, 5914
3135, 5745
3135, 5969
2147, 3135
445, 8427
924, 7408
3654, 6370
3654, 7233
3654, 9834
4097, 8061
2940, 5458
2940, 8954
6941, 8954
441, 2940
2975, 7938
9343, 9974
1911, 3691
7384, 9853
1413, 5045
1609, 8245
1880, 4716
1880, 9454
4066, 8984
7094, 7417
4177, 7094
5228, 8605
2160, 5228
2160, 7431
7431, 8501
5835, 8501
3139, 6053
416, 6582
4035, 6582
74, 5457
5457, 7418
4796, 5511
4796, 8628
3687, 4796
4532, 5286
4460, 5034
52, 5034
5194, 8297
790, 8297
3666, 7900
1439, 6255
782, 2024
782, 825
825, 7155
1781, 6405
2965, 9160
2965, 5300
132, 2965
2965, 3872
2546, 6710
260, 9725
3824, 6872
6336, 9617
1088, 4963
4267, 4963
314, 8212
134, 2576
134, 3037
4960, 8087
1574, 2341
1488, 9186
5420, 9967
7781, 9093
783, 5278
5547, 8549
7273, 8549
5793, 8549
5208, 7273
7273, 8850
5208, 5583
56, 5583
56, 5417
4235, 5583
56, 4365
8245, 8571
862, 6559
2896, 6559
4112, 5283
5283, 8866
5718, 8866
3777, 3892
4044, 6489
1456, 6489
328, 1456
1456, 8271
328, 7235
410, 1456
2199, 6489
4085, 6411
2411, 6875
2425, 6875
3340, 6404
6404, 7706
2264, 7706
9009, 9383
2027, 9009
2027, 4369
2027, 9407
4369, 9740
1230, 9740
1230, 8727
4369, 8522
1654, 9407
6630, 9740
3050, 6946
6946, 8860
3465, 8860
3465, 8879
3465, 6228
4264, 6228
1856, 6228
1574, 7883
4588, 7883
104, 4390
4390, 6323
6323, 8589
5451, 6929
87, 3356
87, 9405
2350, 8032
1098, 5170
5170, 8651
5170, 8338
4238, 6308
243, 8101
7215, 8387
163, 4959
5780, 8299
484, 5780
484, 7758
1669, 7758
1993, 7375
6543, 8202
1684, 4596
4445, 7204
1054, 2455
6349, 6739
5126, 9166
778, 4863
778, 3759
3759, 9969
383, 778
383, 4268
519, 4268
519, 4825
3759, 5709
4254, 5709
2197, 3190
1149, 3190
1082, 2615
1082, 4539
7777, 9713
4898, 6139
3325, 8279
3731, 8878
491, 8878
491, 1499
2393, 7552
244, 4224
530, 5981
7514, 8950
5112, 9341
1444, 5074
820, 8061
820, 8479
1915, 5214
7034, 7856
417, 8415
3194, 3949
1416, 3194
6866, 8149
6866, 8986
3929, 4500
137, 4626
1880, 8009
3737, 4170
2034, 5772
7405, 7600
7600, 8730
4243, 8730
5775, 8730
3125, 5523
1146, 9071
8682, 9371
8682, 8779
8299, 9509
1545, 9509
1545, 7449
9509, 9761
816, 2322
5603, 6614
3124, 6732
5704, 6732
282, 7057
3291, 7193
3210, 7250
6668, 7250
3303, 7927
5500, 7927
4834, 5072
1616, 4218
1616, 1864
1616, 3093
3093, 9728
5011, 9728
5011, 5308
1778, 7178
7178, 9820
6008, 8634
5895, 6008
5494, 8634
5494, 8130
7432, 9041
8085, 9041
3032, 8085
2012, 3637
3637, 5348
939, 9299
5085, 5612
5085, 9530
1136, 6031
6031, 9120
2846, 6031
6031, 7908
1648, 6171
1339, 5072
1339, 6388
6388, 9070
984, 9397
1006, 9397
2823, 9397
1006, 5016
5016, 7364
767, 5016
6486, 7567
3881, 5818
689, 5818
581, 7804
581, 5796
2953, 3415
9086, 9183
3926, 9571
1374, 5540
2703, 5540
2703, 6551
1626, 9739
1626, 7960
4747, 8926
4747, 6862
4158, 6862
1186, 6862
2569, 2621
2575, 2621
2575, 7750
1950, 2575
490, 7750
1173, 7750
5409, 9848
3327, 7170
1379, 3720
1379, 8780
8172, 8307
8172, 9001
5162, 9001
1647, 5162
5175, 9001
5175, 8985
4091, 8172
3264, 4091
5, 3744
7246, 8084
1012, 2848
6932, 7981
2093, 6932
3858, 6932
3858, 4540
4519, 6932
1733, 3115
1733, 8325
8325, 8880
7690, 7738
2471, 4660
4660, 7419
3260, 7097
2303, 6200
1710, 2303
4031, 7437
3592, 6138
3432, 3592
4778, 4952
57, 5412
175, 631
2775, 7330
2838, 3683
109, 2838
109, 3611
109, 4344
109, 680
1927, 4344
1927, 9790
6517, 9790
5089, 5745
5089, 9116
1460, 9116
1460, 9722
7356, 9722
7356, 7647
4206, 7143
2408, 4098
7382, 8025
5809, 8025
8025, 8428
8025, 9875
1542, 8025
4309, 8428
4103, 4309
2707, 3444
2566, 7700
4994, 5256
609, 1448
609, 6421
609, 843
843, 4768
1938, 3936
3199, 3836
3994, 8004
3688, 6208
3209, 6208
3209, 4987
3209, 8268
1510, 3209
1510, 9815
1510, 2668
9266, 9815
9266, 9922
612, 3956
644, 8595
1327, 8164
891, 1282
891, 9769
3838, 9769
888, 1225
3460, 3964
3964, 9593
6602, 9593
632, 2982
7443, 8227
986, 6419
772, 8174
228, 772
3115, 3983
3800, 6966
3800, 4422
4499, 6683
7045, 9435
9435, 9864
4242, 4822
4822, 9140
5427, 9017
4271, 8865
1673, 5274
1474, 1673
1474, 3365
3365, 4756
250, 9585
250, 8138
5731, 8315
3860, 8315
5732, 8315
5732, 7257
1218, 7257
5732, 9561
8315, 8826
3958, 8826
3331, 8826
3331, 4814
2280, 4953
856, 8554
3945, 9163
1824, 3945
3945, 4868
4253, 4868
681, 6533
5452, 6533
3186, 5452
5452, 9574
8899, 9574
8540, 8899
2816, 3342
3342, 9438
3342, 8487
1596, 4528
1596, 8030
6231, 8030
9038, 9645
5874, 7902
2683, 3672
3672, 6400
3672, 8598
182, 8598
668, 899
2182, 7065
2353, 5065
2353, 7790
2739, 8967
1556, 2739
3659, 5047
5047, 8955
75, 6559
75, 9846
161, 5716
443, 8366
1544, 7377
1544, 6442
127, 5752
127, 2800
2800, 6811
3732, 6811
127, 5018
127, 9236
3387, 7529
6624, 7529
1068, 6624
764, 6753
6753, 9107
4738, 9107
4738, 6352
6854, 7915
6154, 7915
2606, 3907
4319, 5933
2351, 2785
5798, 6126
5415, 5798
2330, 5415
2346, 8797
2603, 7569
3351, 8312
7183, 8323
6968, 7281
98, 2590
4542, 5051
5051, 6813
4598, 9209
290, 3527
290, 397
397, 7434
290, 4205
5486, 6928
2268, 8859
166, 3238
2970, 8680
6105, 6678
3045, 7812
4264, 7789
3995, 9729
582, 3995
3273, 3691
3273, 5717
5717, 7963
1895, 6398
5881, 6398
4234, 5881
3713, 4234
1101, 3713
4139, 6318
6318, 6516
436, 6516
154, 2026
2287, 8145
1886, 4521
4735, 8385
55, 7833
55, 1366
55, 9442
1366, 3091
6190, 9442
873, 6190
6190, 6192
3689, 6192
3689, 8853
1163, 4780
5505, 5608
5608, 8951
7109, 8951
1818, 7109
7109, 9932
4871, 9932
9932, 9961
3144, 4916
1867, 5038
3574, 9759
3574, 7755
7755, 8167
1994, 2642
6084, 6523
3003, 4259
3003, 3223
3223, 8806
7331, 7505
7331, 9112
13, 1679
1679, 7736
1679, 6924
2238, 7197
376, 9775
376, 2628
7277, 8345
835, 8361
7928, 9123
9123, 9552
1331, 4428
1152, 7803
3227, 7803
2532, 3227
3247, 6490
3247, 3970
227, 3919
227, 4671
1540, 4671
194, 1540
2435, 4671
911, 3556
7362, 9213
10, 3827
5264, 8498
4517, 5911
2304, 4517
2763, 2902
9126, 9590
4796, 7160
5094, 7160
8493, 9326
9326, 9856
2488, 6545
2363, 4022
2363, 7145
5746, 7952
5021, 5672
5650, 8777
1461, 2152
1461, 3755
4334, 7881
7881, 9322
3781, 9134
1342, 7178
2072, 3013
2072, 7357
7357, 9403
8346, 9403
1484, 9403
4667, 6090
312, 4667
4667, 7727
6525, 7213
1726, 9349
520, 3274
1676, 3274
1676, 3537
4410, 6446
1094, 1983
1616, 7059
1077, 6007
1077, 3681
6580, 9198
3969, 8583
1391, 3969
2207, 9720
2063, 5323
1261, 2063
1261, 7939
5773, 7939
5773, 7746
2745, 7746
2745, 6557
6557, 6918
3915, 4064
3915, 9447
6078, 9447
3915, 6201
1175, 3915
1175, 8559
6201, 6219
5053, 9859
5053, 5537
1394, 4833
2987, 3741
541, 4782
3092, 7246
3092, 6283
6044, 6283
1379, 4413
4901, 8665
2116, 4307
1624, 8205
1364, 8205
1364, 8455
6881, 8136
245, 6620
4612, 7003
1737, 3259
1049, 7426
1049, 3082
646, 6821
5322, 8965
4045, 7350
3261, 7350
3261, 4866
202, 6061
4524, 5181
4187, 5694
5694, 9572
8711, 9332
3319, 8711
3319, 6568
3319, 3960
3960, 8661
3142, 8661
8661, 9837
905, 8661
231, 3481
1884, 2627
937, 2032
2032, 9049
9049, 9212
2274, 3888
2274, 5723
5723, 8618
7230, 9175
3285, 4514
3290, 4999
4999, 7808
4646, 7808
4999, 7436
3557, 7808
2641, 4053
3204, 6450
32, 4602
1092, 8979
1092, 8291
1384, 5988
327, 3269
3269, 8912
1323, 6903
1323, 3541
1323, 5314
3088, 5817
1046, 6539
7122, 7754
6773, 7203
8855, 9257
2113, 7282
136, 9696
136, 3878
3542, 3878
1713, 7276
444, 2828
3410, 4966
4966, 8067
268, 3502
3502, 4943
2900, 3698
2900, 9374
8096, 9679
876, 9992
1837, 9992
2049, 9992
3904, 7213
2871, 4248
1752, 5570
435, 5570
1711, 1988
2088, 4207
1042, 5819
719, 4639
719, 5898
730, 5898
730, 8077
431, 730
6301, 8077
431, 2285
6536, 9926
4043, 8147
8672, 9659
5254, 8516
1348, 3378
3378, 9799
5138, 9799
5138, 6477
3307, 8982
2816, 6076
4331, 6076
4331, 8317
4695, 6076
7126, 8002
1019, 6508
1019, 4326
2596, 9623
2596, 5445
2998, 5174
3721, 5221
4249, 7432
225, 6656
6656, 7189
4657, 6656
3797, 7189
3797, 8590
5194, 8983
2362, 9683
992, 2689
1084, 3972
2227, 4349
4623, 6875
4855, 9398
1860, 9217
5324, 9217
6206, 9439
6206, 8786
1803, 3165
3165, 9130
3165, 7497
9130, 9942
4134, 9145
9050, 9145
7646, 9050
2976, 9145
7646, 8807
8735, 9050
9050, 9688
43, 9688
507, 4968
267, 3642
1931, 4321
2692, 5328
2692, 4664
4664, 5272
4664, 8191
4664, 4911
2491, 4911
2491, 6675
6675, 8510
8510, 9379
2419, 4911
1159, 8502
729, 8502
729, 4761
7910, 8090
8376, 9308
5408, 8376
4827, 6930
1531, 2217
2401, 8850
2331, 9195
2331, 5962
7574, 8781
4630, 9887
3682, 8658
4216, 9440
3158, 9440
3158, 7380
1730, 5901
1730, 1979
4101, 4959
2072, 8939
1267, 5097
5097, 7815
6143, 7332
2239, 7454
8120, 9007
2972, 8120
1180, 2752
3258, 8614
1816, 7057
593, 1816
1816, 7279
3453, 7279
3983, 4376
4376, 8687
679, 7662
4703, 5898
4703, 6696
4703, 5296
6696, 9317
6454, 7885
3826, 7127
2053, 5372
5009, 5372
2826, 5808
4406, 5808
8688, 9642
4219, 5441
4219, 6906
4219, 8764
8566, 9445
1086, 4508
9706, 9707
9120, 9526
2337, 6341
6341, 6368
5258, 6822
728, 8308
3404, 4878
61, 7309
3604, 6938
2462, 8916
2462, 4879
885, 2462
216, 8834
216, 6984
216, 4075
8146, 9158
5503, 8561
184, 5365
109, 2905
4135, 8621
431, 8484
7575, 8484
7575, 7764
4516, 9108
4846, 9108
2720, 8040
2087, 6422
4147, 6107
4261, 6256
3461, 6658
884, 2291
2291, 3446
775, 6159
495, 995
6328, 7661
5, 6973
4220, 9274
7312, 9274
7312, 7491
5372, 6531
50, 7879
50, 6130
1080, 6896
1559, 9810
7681, 9810
862, 8088
2115, 6613
6613, 9389
9170, 9389
9170, 9452
4783, 9170
4783, 7460
370, 4783
4802, 9170
7914, 9452
1056, 2935
2935, 5049
5087, 8487
2165, 8268
2165, 6771
5698, 6771
1499, 3472
345, 3492
3492, 8190
6698, 7734
1621, 1661
8657, 8660
671, 4314
6940, 7756
4628, 6940
4644, 8558
2849, 7846
7441, 7846
8838, 9671
1323, 5594
3077, 4086
1727, 3652
1727, 3320
3320, 6037
1349, 1932
2681, 4957
3529, 8574
419, 8574
8574, 9142
419, 8761
3543, 7991
754, 2318
1082, 3159
3159, 4443
6167, 9071
1329, 4397
1959, 7728
4739, 5643
3009, 4691
3022, 4691
1972, 9203
5900, 9203
2404, 3956
2404, 3514
5450, 6163
881, 3790
176, 881
176, 2927
2927, 6449
176, 8565
1580, 5364
1580, 4071
4647, 5890
2529, 4647
25, 2529
3414, 4647
3414, 7982
5075, 8528
3893, 8528
433, 3893
1291, 9096
7181, 7316
4755, 7260
2351, 9788
5655, 9788
3987, 5655
421, 7621
3783, 5930
5930, 9825
462, 9825
623, 9825
399, 623
7766, 8313
5060, 6417
3406, 7009
4530, 6730
3904, 3912
3847, 3912
3595, 3912
5571, 9837
4891, 9901
5192, 5906
5192, 6884
4811, 6884
6884, 9122
3408, 4811
2101, 2547
4961, 7010
1272, 6893
6893, 8349
219, 2662
4522, 5238
4522, 7523
7520, 7523
7520, 9951
4000, 7520
4726, 7523
6123, 9951
4726, 7547
6485, 7277
5792, 9673
86, 9673
3616, 4004
1039, 9087
152, 5563
152, 3308
3308, 8488
476, 8488
476, 3468
2338, 8488
4201, 6292
1314, 2357
386, 4864
5468, 6719
2983, 6158
167, 2983
167, 1467
1467, 6605
8366, 9450
55, 4336
1006, 4083
2620, 7082
777, 5583
777, 4188
1338, 9676
1338, 9665
427, 1590
427, 5356
4014, 5356
4014, 7329
2866, 5356
377, 5356
3937, 4149
4149, 7610
819, 6679
4920, 7496
2640, 7496
4400, 6605
4400, 9549
9144, 9451
8180, 8805
3333, 5841
1114, 2958
1114, 1742
4353, 6718
4353, 8975
1598, 9692
2246, 4476
7546, 9421
4905, 9846
1758, 3890
1869, 9465
3373, 9465
3373, 5342
3179, 8090
3179, 5191
40, 5191
40, 2803
1349, 6049
1195, 9717
240, 8377
4133, 8377
3117, 4640
1099, 8429
6852, 8429
2931, 7602
3896, 9340
1067, 4572
4209, 4572
2050, 4209
461, 2050
95, 2289
95, 1431
1431, 2110
95, 8842
95, 6869
5267, 6427
1935, 4170
2747, 8837
5646, 9565
3896, 9579
6726, 7553
7553, 8298
5887, 6191
4770, 5887
5659, 5887
5659, 7079
2417, 7079
4770, 9176
4719, 7195
4366, 7140
7140, 9356
7140, 8695
7397, 8695
4240, 7397
7041, 7397
1664, 7041
1664, 8844
5933, 9964
5855, 9921
3357, 7141
4532, 5404
2307, 4821
268, 892
644, 1569
1569, 3662
1514, 9792
292, 4008
2100, 4008
1937, 2100
1937, 6452
2706, 5073
388, 5987
4352, 5305
4352, 5790
3508, 4603
2898, 7144
4460, 7274
7274, 9513
2245, 9513
1228, 7274
418, 9513
191, 9844
965, 9743
739, 9743
3496, 9912
5719, 9912
5719, 6578
3967, 4115
110, 4115
7376, 9649
6788, 9649
1516, 6694
1516, 8885
1336, 6766
1336, 1958
2468, 7513
9578, 9717
5569, 8147
970, 7176
8, 7176
2667, 3934
7595, 7956
8679, 9634
802, 6625
5706, 6625
5368, 6625
1715, 5368
5368, 9868
5593, 5706
5166, 5593
2834, 5368
1715, 4577
2293, 4941
5024, 9829
197, 9829
804, 3338
3338, 8083
3102, 8821
8819, 8821
7782, 8819
4689, 6961
3027, 4351
4351, 9157
5553, 9157
4477, 9157
2894, 4477
463, 2487
4033, 6975
2354, 6975
2354, 5428
978, 4124
1399, 7982
832, 9779
992, 8043
1895, 7399
5128, 8087
5128, 5555
5555, 7622
660, 8500
7212, 7222
5463, 7212
3578, 4073
3578, 7917
3578, 5979
1808, 5979
284, 6074
284, 6785
6785, 9311
2276, 4088
908, 1738
6987, 9195
3349, 8565
6869, 7531
6677, 7531
1622, 8054
1288, 8694
1288, 3577
3721, 3726
1265, 2616
1265, 7978
1948, 7978
786, 7978
1278, 9643
3534, 8906
590, 4750
4168, 4750
6106, 9613
2211, 9753
2385, 3110
3110, 3318
9641, 9980
2884, 9641
2097, 8243
14, 8243
14, 9110
1576, 3630
1407, 1576
1407, 7540
1688, 4260
1688, 8443
2652, 8443
2652, 6572
398, 8483
8547, 9002
3699, 7106
7106, 8862
2682, 8887
354, 2708
1063, 2708
1063, 4946
2708, 4944
4014, 5271
2687, 9424
189, 5681
189, 9736
6593, 7854
7054, 8274
3, 187
5201, 6811
2037, 5201
102, 7678
1201, 7678
2044, 8577
6098, 8746
1998, 6915
1483, 7401
691, 7401
7401, 7932
691, 5557
691, 9306
2332, 9306
5506, 5557
5557, 8523
6566, 8523
3474, 8331
6644, 8331
3507, 5070
341, 6625
4210, 9841
7841, 9508
8011, 9508
9232, 9744
3311, 5120
5553, 6316
2483, 6316
1135, 6316
1308, 6394
5834, 9181
3410, 5631
5631, 7907
7654, 7865
6415, 7654
620, 5641
4581, 6998
811, 4177
811, 8210
2288, 3658
500, 4901
3443, 7931
3443, 7440
6653, 8165
5621, 6662
6662, 9342
6662, 8914
8914, 9956
5232, 9342
1493, 6778
1424, 6688
1424, 8365
8365, 8686
6649, 9628
3147, 3571
1834, 2333
2373, 9216
2048, 9216
2048, 3641
3641, 4330
3641, 7156
3837, 4755
444, 7323
7323, 9778
7037, 9778
4197, 7323
4197, 6289
4368, 9742
1414, 4368
1454, 4368
6000, 7011
6000, 7289
5211, 6000
1916, 5211
1675, 9957
807, 3993
3948, 5542
35, 3948
4145, 8168
958, 7017
4159, 6041
3592, 5859
4403, 5732
4403, 5017
1254, 6264
818, 5936
818, 7341
2750, 7341
5574, 7341
2542, 5574
5574, 6241
2750, 4826
4733, 4826
5574, 9589
9444, 9589
4580, 4826
2218, 8786
3533, 7562
1605, 7562
4572, 6840
388, 3636
1183, 7819
6462, 7620
6607, 7248
6607, 9917
1450, 4945
4945, 6606
2225, 4945
1108, 4541
5513, 5623
8357, 9335
1361, 8561
8699, 9560
3311, 9264
7198, 9264
190, 8767
8034, 8806
999, 8034
2112, 2752
4294, 6563
205, 9275
205, 6480
6439, 9691
4191, 4852
4852, 7942
7040, 9113
273, 7040
273, 6845
6920, 7149
3959, 4466
228, 8446
4544, 8446
4544, 9570
6338, 9570
6288, 9720
2801, 6288
2801, 9774
1436, 7905
4184, 5373
5373, 9594
2447, 9244
2221, 2905
4859, 6048
6048, 9018
5336, 6048
5402, 8916
8508, 9336
4269, 6826
7049, 7110
7874, 9931
4469, 5780
2034, 9822
3580, 6352
3580, 3619
8374, 8750
1171, 8113
2312, 6316
1399, 9805
6577, 9805
4645, 9805
3861, 5058
2249, 5058
731, 4777
545, 8335
545, 656
656, 2670
2670, 5578
545, 4172
1521, 4172
458, 6834
4123, 6107
5440, 9900
4511, 5100
1164, 5599
7676, 8257
354, 4687
176, 4510
4510, 5996
3623, 8083
2054, 3623
4797, 7513
339, 1554
1554, 2814
2814, 8192
6585, 7972
6585, 7314
6064, 6170
4513, 9093
37, 2163
3796, 4019
1152, 9954
3205, 3941
2970, 4889
396, 4889
860, 6626
7808, 9394
3665, 4489
3033, 7868
1040, 2744
1040, 2741
922, 3581
5473, 7940
2951, 7796
1589, 2593
126, 6428
7109, 8129
1816, 6002
8318, 9379
2310, 8318
1729, 2310
7436, 9014
2891, 9014
9014, 9111
116, 9014
6048, 8857
8300, 8857
2916, 3775
4015, 7100
7100, 9265
1602, 7100
1602, 5844
8226, 8812
6140, 9034
19, 9034
19, 7199
7036, 9531
7036, 8388
233, 3990
4791, 7321
498, 509
2443, 6733
2957, 6389
2142, 7936
1718, 3523
3874, 8435
2808, 4984
7685, 8169
2886, 3764
2886, 3402
2886, 4072
4072, 8277
3034, 4072
4072, 5736
4242, 8676
6447, 8676
2267, 8882
2267, 7366
1331, 2144
6887, 9517
1140, 6616
933, 5111
5111, 5525
4509, 5111
3114, 8579
3123, 8579
3123, 8886
4936, 8579
3123, 9499
8074, 9499
481, 4566
481, 9404
4142, 9254
3649, 3889
3506, 8081
1563, 8441
4996, 9260
2281, 5179
879, 5964
3660, 6075
2699, 9074
2699, 3922
4077, 7522
7522, 8471
7791, 9488
5463, 9655
1512, 5677
1631, 2637
716, 1631
716, 2956
716, 3712
3197, 3712
5142, 5681
5142, 5762
454, 4829
454, 8503
1311, 2008
5904, 8321
1206, 2556
4874, 9044
403, 944
403, 5482
403, 2837
5482, 9816
3276, 3504
2167, 3276
2167, 6660
834, 1176
834, 5197
834, 9801
6162, 6838
5498, 9948
5946, 8242
369, 3376
3671, 5044
3671, 3773
3773, 9029
2609, 8261
3609, 6344
6470, 9185
3031, 8075
1878, 5172
2242, 6485
814, 2242
320, 3042
7053, 7572
6137, 7053
3559, 7503
1277, 8405
1277, 7354
3419, 9056
4112, 8462
2852, 8462
2852, 6597
2647, 3971
1703, 8065
7832, 8055
2544, 7832
2544, 3965
5903, 8864
740, 9323
3762, 9323
4941, 7623
3771, 7623
753, 3069
178, 753
3575, 3644
1331, 5972
2334, 9607
2813, 5789
1982, 2813
437, 2813
3404, 6081
8392, 8760
8760, 8933
1636, 8933
3640, 6878
6727, 7616
1820, 3430
6186, 6908
9237, 9802
3661, 7535
3714, 8607
544, 8607
1335, 2479
1893, 8520
1231, 1893
1893, 3241
4166, 7973
2094, 2338
1721, 5247
5247, 6510
5611, 8217
4669, 7848
1543, 4533
8302, 8909
395, 8909
430, 7949
492, 4833
9006, 9840
6052, 8896
4304, 6052
1497, 2586
3742, 4224
3742, 9124
484, 1528
1528, 8339
2885, 8015
2624, 3024
3024, 8222
5892, 9331
3151, 9331
4000, 9324
1169, 8700
1169, 2634
3835, 3927
8678, 9765
1113, 9765
1112, 3508
1112, 8464
6544, 7134
7439, 7852
6837, 7852
3257, 3434
1960, 3434
3059, 6549
7538, 7643
1902, 8708
3322, 4921
1050, 4921
4442, 8750
4442, 5032
2729, 9532
1836, 9532
7430, 8279
5059, 8494
4490, 8584
4490, 8666
662, 4173
2594, 4173
769, 1612
1447, 2666
169, 8088
2935, 3954
8873, 9535
212, 6232
3300, 6581
6581, 9710
4915, 6860
8156, 9466
3058, 3346
5210, 5620
4687, 8256
6914, 8256
797, 8256
7404, 7926
1836, 6284
7430, 8840
4981, 8019
3211, 4981
2214, 5836
5836, 6541
6541, 9133
2535, 9174
2535, 8045
1123, 8045
5796, 9577
5644, 9577
34, 2294
4537, 9736
4537, 5843
382, 932
6844, 7026
6951, 7026
2525, 7247
433, 3820
5926, 6697
5851, 7505
6981, 8781
5290, 5879
6102, 9099
7139, 9383
2946, 3019
3873, 7249
4575, 7249
2648, 4019
3267, 9382
3267, 6248
4876, 6748
3370, 9384
3370, 9146
5761, 6612
1813, 6612
798, 1813
6532, 7188
1322, 5387
4415, 9970
362, 9970
58, 5294
5904, 7473
847, 1254
847, 3035
3035, 5778
2300, 4441
2300, 6530
6454, 7022
5699, 8056
5699, 7627
393, 1479
3586, 4569
2030, 8105
578, 4825
578, 7694
7437, 8457
1586, 8378
8605, 9165
3697, 4860
3697, 5924
5750, 5924
5453, 8728
2064, 8073
2981, 4535
2981, 3359
3359, 4554
4649, 5675
469, 2763
8507, 9912
725, 7078
16, 7830
267, 1650
1650, 4775
6672, 7287
4620, 8370
983, 8370
3733, 5992
3728, 3733
470, 5485
5895, 7063
258, 3872
549, 5142
3952, 9603
318, 9603
266, 318
3350, 3590
2139, 8044
331, 2099
4673, 7618
3213, 6129
1831, 7695
1571, 8110
480, 9316
92, 480
9509, 9658
5734, 9658
3179, 5146
5146, 8792
2810, 3988
2187, 3382
2721, 8829
2509, 8226
1346, 2509
5456, 6275
5456, 8431
5456, 9598
3565, 7261
9173, 9228
1662, 2286
1302, 7743
1949, 7508
358, 3168
7103, 7775
2467, 7103
543, 3514
543, 2431
2431, 9095
1946, 8937
1946, 3553
1946, 7597
4214, 7136
4214, 9511
3246, 6784
2460, 3167
2105, 8482
2105, 3065
3570, 8528
1123, 2909
306, 6665
306, 3830
7445, 8648
8928, 9802
6046, 9147
590, 3895
7618, 9372
2502, 4296
4127, 8299
4127, 5057
5735, 8281
1641, 3785
529, 3785
529, 9412
9412, 9724
5457, 9927
4840, 6672
7232, 9207
411, 5695
7660, 9699
2052, 7660
3458, 4583
4928, 8714
390, 2107
1142, 9849
5137, 7028
1208, 8942
1695, 3649
1325, 1418
1057, 3391
878, 3970
878, 4094
878, 7115
167, 1928
7240, 8125
1075, 1801
1075, 4762
4762, 7162
5086, 7162
3120, 8320
845, 5586
1487, 2736
2736, 3192
5171, 6687
5976, 6687
1538, 2494
5135, 7619
1333, 3809
3018, 9623
2470, 3018
2470, 6958
2592, 3939
2592, 6354
2592, 4880
2592, 9321
518, 9321
518, 6717
2234, 8209
6289, 9271
9109, 9271
221, 4364
1061, 7320
499, 6825
248, 265
265, 1573
265, 2004
2004, 2541
2283, 2541
1250, 2004
2633, 6358
6134, 8276
3263, 7465
3304, 3563
5917, 7282
742, 5917
2392, 7822
2392, 8452
1767, 6768
5379, 9689
5379, 8581
6502, 9695
5303, 8461
1971, 7770
1971, 5189
124, 1532
1532, 9256
4894, 8981
1255, 1731
4925, 7363
2215, 8722
2818, 7855
3026, 8831
2520, 5421
157, 1706
6327, 7413
2494, 2844
1350, 3551
3501, 3551
2457, 9347
3591, 4489
3591, 6750
3851, 6750
6750, 9485
833, 4669
1320, 6136
1320, 3931
44, 8816
8214, 9562
515, 2799
2799, 5884
151, 271
593, 8869
435, 8486
2203, 9069
1022, 9647
7245, 7658
801, 9935
1408, 9492
9408, 9492
322, 7806
818, 9752
6122, 7027
1076, 3364
2481, 7950
1191, 4502
2039, 4502
800, 2039
658, 5199
1005, 2694
2933, 4987
626, 2182
626, 2272
1920, 4803
1909, 8363
569, 7632
569, 2149
4125, 4132
4132, 5771
4132, 5558
296, 9239
2993, 4959
7073, 7746
6104, 8250
302, 2600
1084, 4794
1293, 7251
1834, 7087
785, 8022
2874, 8107
240, 2378
1966, 2378
4478, 5003
2661, 6157
256, 6391
2671, 6267
508, 7626
2920, 7789
2918, 4229
852, 4757
852, 6591
1518, 7211
5159, 8340
4607, 6229
5, 2847
1696, 4822
139, 462
139, 748
139, 8254
3374, 5272
7307, 9814
4367, 9814
4367, 5857
849, 4367
6967, 8039
1874, 6289
5939, 7818
4597, 7818
6367, 7818
5224, 7538
3536, 5600
471, 4893
3560, 4407
574, 7844
721, 5959
333, 5959
5959, 7484
3901, 7453
430, 4779
507, 3455
2500, 4967
2349, 7916
494, 3670
1168, 8706
1079, 3132
3186, 4339
4339, 8620
4339, 4586
4176, 8565
529, 1941
5290, 6021
527, 4417
4407, 5432
460, 8119
20, 8283
5964, 6240
5639, 5850
673, 2755
448, 9183
448, 2601
1873, 7995
7995, 8060
3075, 6490
1143, 9434
5329, 6854
2376, 5329
5329, 9366
813, 7840
5477, 8898
4391, 7447
5394, 9334
2320, 9334
2, 2320
6910, 9982
2173, 9982
2173, 8070
994, 5511
5757, 7233
1208, 2387
1967, 3668
141, 980
141, 733
733, 7284
2188, 7481
2928, 8159
1912, 8989
2701, 3327
2871, 6147
158, 3851
158, 7751
1905, 2173
1905, 6135
1800, 7721
523, 1617
2023, 9712
441, 3686
1828, 3686
451, 9862
3038, 5142
3038, 5582
5378, 6544
263, 913
1591, 7712
1591, 3008
628, 8195
5524, 8195
5524, 6816
4810, 5767
2155, 6514
1422, 7768
5013, 6223
2446, 7276
7502, 8856
300, 2806
4298, 4925
1017, 4837
1418, 2778
1269, 5472
128, 6273
277, 707
6112, 8512
3827, 7739
2395, 4390
4535, 6307
6763, 6783
3189, 5751
535, 2398
1899, 5869
1879, 5958
1879, 2557
236, 2557
236, 5287
1816, 8637
3482, 7586
4414, 7586
4414, 8718
2563, 4488
2881, 4488
2448, 2673
4650, 5363
7300, 8111
464, 7095
4256, 6743
3968, 8064
1756, 4911
1756, 5861
2577, 5861
2577, 7098
1470, 7662
896, 5144
307, 8668
4494, 9053
4340, 4526
1538, 8968
4933, 8968
4933, 8747
2042, 4933
5670, 8968
2254, 8783
35, 5291
1512, 6772
1150, 1180
813, 5865
2545, 8576
185, 8371
185, 4504
4742, 5212
5113, 8103
7817, 8820
5961, 6700
7792, 9774
567, 3870
1845, 4708
3005, 9395
5654, 8408
608, 8408
3294, 8408
4799, 8408
2751, 4799
7718, 7863
1663, 8085
2140, 4875
24, 2140
24, 5257
24, 2655
2765, 4400
4296, 9035
3786, 9569
7573, 8153
2026, 3171
5901, 8390
373, 5983
1225, 9620
4965, 9620
3969, 4498
1058, 5084
5084, 6491
6063, 9868
5033, 6063
4306, 8352
3348, 4306
1621, 5222
2290, 8854
4113, 4538
4590, 6130
8465, 9607
172, 3751
5359, 7867
4228, 7161
3836, 4806
3854, 8574
5150, 8569
3450, 4165
907, 1830
4226, 9313
4518, 9811
6536, 7793
1583, 8421
4715, 6563
616, 7294
1760, 9632
1760, 6567
4990, 9651
8801, 9651
7559, 7908
6935, 8481
160, 8997
6497, 9179
97, 8411
3806, 7157
5205, 7877
2672, 8124
2672, 8556
5017, 7947
807, 8285
8285, 8529
1239, 6583
4245, 6035
2489, 5392
5164, 6799
1059, 2789
7340, 8935
1275, 8935
3913, 8934
6333, 8811
1194, 6996
1194, 6374
1194, 8555
394, 3904
2748, 7635
6980, 7635
2472, 7807
2111, 6824
6824, 7612
4867, 5073
4848, 7527
6628, 7377
1283, 7525
6526, 7206
3328, 8118
2367, 3328
2367, 3435
2367, 5484
3328, 9211
5697, 8298
63, 1290
523, 7182
5080, 6299
7604, 9823
3696, 4410
978, 3155
1256, 5736
2325, 3449
456, 3449
4979, 7113
5438, 7113
6031, 6117
3254, 6117
3498, 4301
3583, 8666
3928, 4189
632, 8726
8547, 8754
6673, 8557
4683, 5225
3243, 5232
3243, 8753
3014, 3361
6015, 7417
3548, 3929
3548, 8003
7017, 8625
3282, 6436
3869, 4688
5691, 6261
1622, 2051
2051, 5227
2607, 7262
763, 2607
3334, 8587
2564, 3334
1301, 2564
1291, 6364
1632, 6364
1632, 9066
1632, 9159
1921, 9491
997, 8128
3669, 6119
3669, 6701
3344, 4899
280, 8251
280, 6685
280, 762
4234, 6610
4447, 8368
54, 2686
54, 2257
3325, 4355
4355, 4711
3526, 7967
5086, 9386
7269, 8311
4171, 4891
5464, 7955
5464, 9999
2766, 5628
193, 9781
1048, 8729
4451, 7174
1478, 4616
2380, 7605
3467, 4149
5019, 9043
2870, 9043
8476, 8665
2849, 4614
95, 148
53, 148
3562, 5408
3562, 4785
119, 2045
119, 6178
153, 2665
2358, 9860
1469, 9860
1469, 9238
1852, 5810
1404, 4231
1814, 9431
2406, 8185
7719, 9633
4619, 8466
347, 7809
347, 7772
347, 8697
347, 5804
1558, 3995
1558, 8612
2200, 8612
661, 6586
5234, 6586
967, 1392
967, 1623
1127, 1623
4444, 5780
3442, 7812
3921, 7452
4132, 9460
880, 7167
173, 6707
3202, 4358
3347, 9899
1870, 9899
1870, 6282
1870, 9863
2136, 9953
7906, 8364
309, 5707
4737, 5707
1496, 9650
1559, 7903
720, 7904
7904, 9059
2287, 9608
2106, 6565
2106, 7326
974, 9064
3352, 4024
1802, 1805
1068, 7912
7737, 9915
747, 6115
747, 6393
3212, 6609
242, 2959
5457, 6570
838, 6315
921, 9348
3105, 4907
4297, 9933
3521, 6786
5318, 9268
663, 4704
3011, 7819
3011, 9708
3011, 6390
1219, 6390
7395, 8249
632, 2143
2143, 5636
1997, 9017
7077, 9322
2277, 3512
2277, 4322
5475, 6636
4989, 7468
2962, 5958
6396, 7448
4363, 7797
7797, 8809
896, 5649
1377, 3238
18, 4398
5139, 9457
5123, 9457
3794, 5902
1546, 2003
5273, 6940
1294, 8431
7556, 9468
2599, 7556
4007, 9525
4828, 9525
5660, 9525
4958, 7181
2937, 9860
6615, 8973
3089, 6615
886, 5938
5853, 8752
2687, 3998
5009, 5056
3745, 5056
5261, 7505
5261, 8198
1777, 5602
726, 5692
726, 7328
5712, 8739
670, 1985
792, 2817
2356, 7582
5102, 6589
5102, 5352
8244, 9771
4195, 4681
276, 3469
3676, 9609
3676, 6588
4634, 8940
1298, 4634
1007, 1298
1298, 9845
1136, 3627
738, 3254
4240, 7414
6988, 9171
2570, 5703
1942, 8062
1076, 7226
4119, 6229
4965, 7131
507, 510
3303, 5625
5418, 6475
4194, 7506
4624, 4922
8306, 9191
1105, 7649
827, 2476
5052, 7629
5395, 5994
617, 6587
4484, 7473
1468, 9490
2898, 7171
5512, 9928
3283, 4033
588, 4167
8215, 9743
8215, 9611
7760, 8215
795, 6137
4625, 8933
1, 5491
2762, 3494
4100, 7462
727, 3502
727, 6936
2083, 3373
1860, 2135
2021, 3840
2646, 8196
278, 2646
278, 4380
436, 2845
234, 9034
3226, 9827
1629, 3226
2311, 4139
4475, 7422
749, 8843
8843, 9235
1425, 3899
1034, 4900
3703, 6876
6110, 6330
810, 6902
2258, 8607
3664, 6648
914, 9030
2098, 8298
2626, 4093
6594, 8264
8286, 9243
6962, 9618
2261, 7664
1874, 4016
4128, 9606
3717, 4128
3505, 3717
2587, 4536
2587, 8151
2512, 5637
2512, 7521
6019, 7521
2077, 4450
8442, 9134
8429, 9813
1135, 7004
5713, 7004
3049, 5529
5081, 9847
2733, 9847
1276, 7139
1276, 1790
1276, 5182
3074, 5182
3074, 3633
2807, 4658
6882, 8785
1149, 8703
1255, 8790
39, 559
559, 8114
3271, 6005
4875, 8343
1092, 4579
1933, 4579
1933, 6322
2280, 6395
3836, 5867
854, 1201
5043, 6700
6682, 8092
5140, 5830
3519, 7957
5967, 8355
5493, 5967
3719, 6093
1467, 2795
1660, 6408
336, 9504
7371, 7501
4476, 5535
1370, 5535
6412, 9530
7882, 8388
2079, 4999
1591, 6357
6177, 7473
505, 8233
6194, 6821
3021, 9910
3021, 9551
688, 3826
688, 6590
1280, 2427
1280, 4042
4042, 5997
1383, 4042
6715, 8789
2207, 2862
2040, 4613
864, 4613
864, 8918
5584, 8918
100, 4067
19, 156
2339, 9297
414, 9297
3578, 3678
2619, 2845
1955, 2619
1955, 7682
2461, 3442
4407, 7338
385, 1164
3254, 5768
4172, 9413
5043, 6592
7588, 8893
556, 7588
3262, 5951
2405, 2670
2405, 2929
2929, 5152
366, 5152
2822, 5393
2704, 4179
3114, 7429
2222, 4681
4407, 6287
3760, 7315
5440, 9369
77, 9369
9369, 9471
8765, 9516
3072, 9516
814, 857
8493, 9976
4741, 7639
4741, 8478
251, 8820
5568, 6183
6159, 8252
2772, 5133
1302, 4976
6391, 8509
1170, 8509
3701, 5558
2794, 6083
5973, 8773
5295, 7704
5284, 8518
3218, 5418
218, 8305
4928, 8382
2302, 4870
2524, 8291
547, 3676
589, 8808
589, 7611
8053, 8184
1921, 8173
7218, 8751
2355, 2879
1922, 3677
7969, 9191
3150, 6443
1823, 4627
147, 9930
693, 5422
5874, 6666
2883, 6666
2678, 8558
5467, 5626
8342, 9576
805, 2808
4155, 4985
3486, 8048
2803, 6097
177, 7672
2538, 7080
735, 2146
5000, 5021
7497, 8158
2149, 8560
5858, 8978
2513, 8978
6218, 7675
1036, 1829
359, 1829
359, 9842
567, 3175
2244, 3960
1492, 5906
1492, 1918
963, 1918
1918, 8351
1918, 8248
115, 8530
8263, 9821
6030, 8660
6030, 6120
6280, 9469
6245, 7724
4059, 4578
5711, 7749
4481, 7335
439, 4163
4790, 8956
30, 8693
9122, 9399
3729, 6271
8739, 9605
2773, 6214
186, 2773
8489, 9249
5629, 9249
4189, 7943
2952, 7023
6448, 7794
5587, 6632
6632, 7732
5161, 6351
6351, 7725
5110, 7725
7725, 8650
5812, 6808
351, 9834
7094, 7510
387, 7510
387, 6024
4882, 6024
107, 1118
107, 2702
902, 2702
2702, 8290
938, 6988
7541, 9059
8383, 9616
2767, 8383
3761, 6891
6036, 9633
4395, 8742
8140, 8742
578, 8552
2243, 8552
2243, 5226
6622, 6671
576, 9054
164, 5067
1148, 9533
3938, 8866
3938, 5083
5083, 7986
3185, 6950
3185, 6409
2420, 9716
6601, 8445
4034, 7537
1150, 3984
2746, 7908
7596, 8488
1914, 6676
1412, 2021
6096, 6390
5725, 6096
2434, 9600
4471, 5687
1141, 4722
1347, 9103
4246, 4745
5423, 8900
9326, 9941
4686, 8562
4541, 5215
3915, 9652
3390, 3723
4766, 9940
5162, 9867
3876, 6824
1745, 3876
9344, 9358
6669, 9344
1875, 6669
699, 1875
2602, 5916
1236, 8090
4389, 9175
4389, 8017
5633, 8017
904, 3336
2782, 4950
4950, 9760
3814, 9760
3799, 9760
1788, 7305
5628, 7068
3232, 6795
6247, 7042
7810, 8787
7997, 9523
2202, 2208
3394, 5500
3481, 9902
7166, 8611
942, 9797
1353, 3107
7839, 8326
705, 9838
705, 870
8513, 9775
5744, 7972
5744, 7773
5686, 8412
4282, 9271
7047, 9413
1821, 7390
3784, 5501
1473, 6821
2394, 4089
1653, 8946
3287, 3908
4712, 5045
4712, 8410
979, 6940
229, 7795
4480, 4595
7016, 9744
3348, 8380
6510, 8550
2482, 6756
2796, 7491
3571, 8309
1501, 8309
7909, 8924
752, 9352
3008, 6234
6234, 9032
26, 6234
2553, 7346
6978, 7346
2499, 3850
617, 9690
2209, 9690
6107, 9247
3095, 5167
1187, 2931
3078, 8552
5419, 5667
4534, 9562
943, 8553
5437, 6702
2864, 6702
526, 2864
934, 8038
241, 6398
5055, 6517
5055, 9891
2129, 9095
6066, 8655
4288, 8655
1387, 7511
2108, 4538
4275, 4615
2183, 9364
2183, 3693
964, 1744
2157, 8550
2157, 3384
2157, 8381
2157, 9880
4411, 9880
1560, 6735
4524, 8460
708, 1779
1193, 8500
1193, 5266
3758, 9344
1910, 5502
7581, 8901
7626, 9895
3976, 8440
5384, 9767
5087, 9295
1334, 9295
1887, 8159
181, 1955
8654, 8919
2033, 7367
1193, 5237
7019, 8722
5031, 9100
5031, 6062
6070, 9910
3977, 4465
1754, 7893
7829, 7893
7829, 9156
1239, 9782
7306, 9782
5334, 9782
5611, 9149
3480, 5219
7290, 9076
3380, 5746
2825, 6122
2825, 8505
2323, 5109
1395, 7500
1293, 3834
308, 3834
4039, 5573
5492, 8847
5265, 8208
2559, 4676
4676, 6553
1386, 3637
1386, 8480
4013, 4542
967, 4057
973, 6065
2449, 7275
6581, 7456
1708, 4440
1380, 4693
5302, 9417
4631, 8343
1215, 9871
3422, 3449
1963, 2722
1349, 7784
7389, 7676
5357, 6828
750, 4845
5198, 8951
1912, 6254
2976, 8395
2933, 3345
5076, 6740
4495, 8186
5436, 8433
5436, 8563
3645, 6680
2013, 4950
2013, 7834
1709, 9204
2170, 4075
2170, 2366
1586, 2282
2720, 3932
1368, 9390
1087, 3006
1360, 3943
81, 3497
3497, 9441
421, 2719
2674, 8207
144, 6907
31, 4520
6679, 7720
624, 8818
990, 4719
1810, 6713
1316, 3277
6059, 7962
4423, 9819
844, 9819
3090, 4482
1062, 8595
3272, 4143
4912, 7501
3181, 7830
2297, 3284
3309, 8288
5849, 9021
6769, 8531
6769, 8042
2907, 4792
991, 3817
1117, 3266
1117, 3572
1381, 6335
2042, 5371
2228, 4889
1601, 7618
4266, 4816
4816, 6372
6121, 9874
173, 4276
5803, 9368
2709, 8101
5523, 9515
1712, 3901
704, 6405
918, 4180
1121, 9089
7458, 9256
6595, 7458
3420, 6800
7118, 8712
8712, 8731
315, 5514
5714, 6306
6306, 9629
5864, 6530
8383, 9448
2994, 5188
4346, 8225
3016, 5285
3029, 9181
4906, 5670
5759, 8434
6314, 8434
7125, 9296
6207, 6812
2582, 6207
3545, 5627
7656, 9401
434, 3803
1650, 2389
803, 4346
3419, 5277
5335, 5615
11, 698
11, 6373
3909, 6810
4980, 9349
4980, 7096
4764, 4980
1371, 4764
1346, 9381
7287, 8018
363, 5932
4732, 5821
2132, 5821
2132, 9809
94, 7788
3121, 7343
1987, 7208
926, 6851
8684, 9651
724, 3485
467, 6728
3973, 8942
5123, 7533
3463, 7533
901, 4744
2223, 3756
846, 5424
8153, 9878
8379, 8862
3334, 7890
4362, 6639
1679, 7102
7102, 7492
560, 7492
5123, 9298
6551, 9072
614, 9072
2864, 9939
1133, 5303
3154, 9622
829, 8315
4277, 5607
695, 4277
695, 7667
3781, 8734
1207, 2504
616, 4048
7842, 8436
2162, 6420
4035, 8636
1485, 9116
597, 2955
625, 1705
759, 5088
816, 1138
5236, 7242
6116, 7964
5639, 9734
1868, 8999
3207, 6916
7105, 8910
8072, 9425
2574, 3083
944, 7584
7085, 7625
5037, 5601
4502, 6922
3736, 6922
8630, 9180
4820, 8204
3007, 7239
3687, 8615
6444, 9945
3353, 8703
3353, 7860
1072, 7499
7490, 9968
7490, 9624
3598, 9027
3497, 6377
2164, 6377
3647, 6113
5943, 8246
6814, 7487
2012, 8545
8545, 9013
6516, 9084
4470, 6600
5237, 6917
3466, 7086
635, 1017
2777, 7339
4531, 5509
4728, 5143
915, 8775
4555, 4769
312, 8585
3859, 4710
405, 4020
990, 8932
2226, 2572
1614, 4334
1671, 7975
1158, 4414
1750, 8407
8407, 9944
5209, 9944
5209, 6842
4551, 6842
2874, 3178
3178, 7896
4661, 5793
3123, 4040
879, 3509
457, 9261
1860, 7539
1494, 7539
3499, 5434
7090, 9619
8285, 9812
3442, 8535
4374, 8071
2259, 8000
4047, 8075
4102, 7606
5055, 8824
9505, 9529
4105, 9529
5331, 6616
603, 3100
603, 5889
6325, 7561
1953, 4341
4679, 6471
755, 8713
1221, 9174
9514, 9776
105, 4677
4677, 6269
4419, 4788
1137, 7748
4251, 9290
3914, 6650
7061, 8987
254, 8673
5907, 7225
3239, 8996
6022, 7571
6022, 8449
5725, 8337
1649, 2083
961, 2076
2237, 9793
295, 1313
7573, 9592
278, 4608
5132, 9477
1523, 2376
1430, 6655
486, 2665
4099, 8410
4589, 7255
1883, 3663
4733, 5362
6841, 9929
118, 1231
5671, 6526
4241, 6239
2255, 8861
6285, 6505
2387, 5012
4386, 4399
4041, 4458
3003, 6329
2515, 6329
6634, 6782
7495, 9064
2702, 6970
1522, 5095
5232, 8798
6894, 8798
7673, 8798
7428, 8803
3342, 4618
412, 7630
4844, 5771
9287, 9612
2134, 9287
2134, 9406
7925, 8897
1772, 4239
4239, 5078
4237, 5078
289, 8632
2377, 5461
241, 2374
7523, 7674
6506, 9649
5866, 6467
6615, 7048
3522, 5490
3912, 5288
1157, 3454
244, 9420
8598, 9101
4684, 6962
8720, 9502
5579, 7903
2161, 6236
4190, 8183
3525, 5398
129, 8859
2507, 2754
3316, 4991
5984, 6857
3368, 6432
3457, 9044
3250, 3457
3371, 3908
792, 1401
3503, 5735
5396, 7368
1004, 7368
1004, 2925
2573, 9704
1682, 3471
6529, 7391
7391, 9890
8453, 9890
863, 8747
1165, 6124
5674, 9375
558, 583
8400, 8643
7475, 9433
7025, 8548
747, 6237
260, 1877
2578, 4553
6760, 9547
1948, 6166
6298, 7827
1141, 3010
3656, 9194
1672, 2250
31, 6131
2599, 5163
6033, 6476
2063, 4310
4101, 4122
2299, 8832
8002, 8966
768, 4028
7459, 7730
1789, 4814
1004, 3201
3201, 7308
2966, 7480
1343, 6977
4760, 6977
62, 635
7663, 9881
3105, 6670
1965, 8001
4164, 4354
5158, 6132
4107, 7796
2637, 7887
8091, 8686
5411, 8091
5411, 5786
1768, 5118
3437, 6004
1475, 5375
3085, 9480
4865, 5099
5099, 9784
947, 6933
127, 9169
3624, 9205
8347, 9205
7470, 9091
3335, 9289
7372, 7607
4531, 8602
4217, 6506
3060, 6183
3060, 4881
6195, 8292
2064, 9269
4068, 9492
8870, 9488
2960, 8920
6521, 8396
5229, 7522
3337, 8626
6725, 7597
8713, 9080
3705, 8943
2248, 5844
1396, 2624
3252, 8868
4292, 5899
2192, 3573
2240, 5068
402, 8836
4665, 8109
2835, 6765
1124, 7714
2981, 5705
1134, 8171
3491, 8171
2518, 4754
1113, 1459
2409, 5262
2409, 3718
784, 2242
4359, 8894
1433, 8089
5846, 9391
930, 3535
5769, 6164
326, 1837
326, 4913
5311, 6847
7351, 9604
8216, 9671
6011, 8216
3108, 3483
3108, 9402
2176, 9168
270, 9283
1166, 1337
2198, 6731
7357, 8394
72, 6985
6985, 7238
2864, 8846
1858, 6933
2344, 4666
1344, 3444
6978, 8497
619, 7049
619, 8638
6767, 7579
7298, 9327
5391, 9318
4080, 5093
1438, 5484
1475, 1986
5198, 9906
931, 1353
6359, 6972
6092, 9907
1069, 3935
8902, 9125
5640, 8641
7837, 9193
3513, 3985
2908, 3586
7658, 8115
2426, 5355
4310, 7006
4656, 6184
308, 6546
16, 2321
969, 3444
3297, 5495
2942, 8341
6368, 7551
3613, 7551
1247, 5530
989, 9035
4407, 4886
206, 6989
7815, 7934
5362, 8491
6865, 8491
3000, 3409
5145, 5263
2475, 2522
2555, 7641
4847, 5239
711, 8796
960, 8669
659, 776
3103, 3876
3808, 8732
6511, 7942
548, 8393
6584, 8865
8819, 9803
4546, 9106
6279, 9300
1533, 2798
4427, 4875
220, 3402
1517, 6016
2059, 4861
3194, 8389
3176, 5079
5332, 6680
1249, 3030
76, 8028
6542, 7627
2785, 9320
5986, 6054
1359, 5663
1359, 9497
867, 6223
340, 5940
3827, 9396
1495, 2219
1527, 8301
5042, 5536
7269, 9924
4074, 5595
3673, 5595
7763, 9286
2984, 5407
1272, 9685
6014, 8588
401, 8575
2730, 7285
383, 1761
5241, 5441
3930, 8052
3735, 9032
1440, 9682
3587, 9515
4244, 4974
5941, 8644
59, 4272
2361, 8635
3607, 5729
5528, 9988
3831, 7297
9085, 9735
4433, 9558
4201, 5656
1686, 7310
6623, 9060
4736, 6508
2120, 2941
514, 5220
1120, 8652
3383, 6859
1718, 2893
5871, 6059
1185, 8889
365, 1311
3822, 7392
923, 1670
1798, 9559
8197, 9543
2902, 7987
1638, 8496
3466, 4092
174, 3547
353, 4057
3798, 4670
1836, 2644
3981, 5447
1279, 7203
1505, 9001
1062, 6484
3051, 8731
3537, 5896
