24.376602
0, 1370
1370, 8706
1391, 8706
1391, 2250
1370, 6201
1391, 5549
0, 3048
3048, 9470
8637, 9470
6038, 8706
6038, 6466
166, 6466
166, 5718
6038, 8011
6053, 8011
6053, 6207
6053, 7564
2465, 7564
1229, 2465
178, 6053
6592, 8011
4998, 6592
2199, 4998
1664, 2199
1664, 5249
1664, 1900
2199, 5196
5196, 9501
6322, 9501
5456, 6322
5456, 9015
534, 9015
5249, 6537
3253, 5196
3253, 4845
4845, 4908
169, 4908
169, 1549
1549, 6629
6629, 7905
2947, 6629
2947, 3932
3601, 3932
2947, 3862
2392, 3932
331, 7905
5627, 6629
5627, 8333
2829, 5627
2668, 3862
2668, 7156
7156, 8597
7156, 8601
5957, 8601
4673, 7156
1643, 4673
1643, 6130
6130, 6422
6130, 8904
7234, 8904
751, 6422
747, 751
6422, 7174
6130, 8621
1643, 9359
564, 9359
564, 9181
564, 5236
5236, 6969
6969, 7362
1466, 5236
5236, 8881
3582, 7362
433, 3582
564, 2490
2490, 2837
2837, 8451
6286, 8451
5600, 6286
5600, 8073
3267, 5600
3267, 8379
8379, 8692
4392, 8692
5600, 6752
6752, 9909
4278, 9909
1931, 4278
1931, 7083
1931, 3783
3783, 7530
2311, 7530
3534, 4392
778, 3534
1931, 7265
7362, 7725
3761, 7725
435, 7725
117, 433
117, 2568
117, 9090
916, 2568
7725, 8458
1041, 8458
67, 2947
67, 5246
67, 2722
1466, 9641
9641, 9716
7030, 9716
2830, 9716
2830, 6194
5897, 9716
5897, 9695
1975, 9695
1975, 4153
1975, 7402
7402, 9323
6692, 7402
6692, 7822
716, 7822
633, 7822
633, 1236
1236, 8217
3601, 4542
270, 3761
270, 9096
4437, 9096
5062, 9096
6539, 9096
3478, 6539
3293, 6539
5256, 6539
1110, 6539
1110, 9881
6549, 9881
5879, 9881
6549, 6567
1110, 2854
2854, 5470
3478, 3738
3738, 8296
2854, 2887
4437, 5471
5471, 6666
5471, 9256
3784, 9256
7323, 9256
7323, 8528
4741, 8528
4558, 8528
347, 8528
1139, 8528
2226, 6666
2226, 7802
3454, 7802
1918, 7802
1918, 8149
7033, 8149
2474, 7033
11, 1918
7005, 7033
11, 2779
2779, 5695
3388, 5695
5695, 9599
5695, 7680
6931, 9599
2768, 7680
2768, 3798
3798, 6182
75, 3784
4394, 5695
243, 5256
243, 4386
4386, 9182
3925, 9182
3925, 8509
4230, 8509
2359, 3925
4230, 6612
2359, 5265
8509, 9886
9886, 9961
2523, 9886
8820, 9886
2523, 5207
1008, 9182
1381, 4230
6539, 7441
7441, 9526
5413, 7441
5413, 5617
5617, 5858
5413, 6955
2137, 6955
2137, 2976
1914, 5858
854, 2976
854, 6804
854, 8611
2762, 8611
7441, 8561
7441, 8295
5413, 7810
2137, 4950
2762, 5231
5880, 9526
5880, 7515
6047, 7515
5197, 5880
6047, 8315
2447, 8315
2447, 8979
8315, 9061
5855, 8315
9061, 9171
2447, 4679
4679, 6020
3492, 4679
1764, 3492
3120, 4679
1888, 4679
1764, 9842
189, 9842
1407, 8611
1407, 9344
7509, 9344
1547, 7509
1547, 5891
984, 5891
984, 9446
1129, 9446
1320, 1547
1320, 8469
1700, 8469
1700, 8982
1700, 9122
8411, 9122
1700, 6839
1553, 6839
1553, 6648
1695, 6648
4704, 6648
4704, 6830
5248, 6830
5248, 5989
3639, 6830
3885, 5989
3885, 8521
1695, 5299
5299, 6603
6603, 7892
7791, 7892
4704, 8102
6701, 8102
4189, 6701
5170, 6701
1554, 5170
1209, 5170
1606, 8521
2870, 3639
2870, 5633
2870, 6350
6264, 6350
1309, 6264
1700, 9430
8786, 9430
453, 9430
453, 3671
3671, 8813
7667, 8813
7667, 9208
4562, 9208
3671, 6404
3593, 9208
3593, 6732
453, 7344
623, 6404
623, 6211
623, 5185
4035, 5185
153, 4035
5185, 5362
5185, 9471
514, 9471
3952, 9471
3952, 4226
4226, 7008
5185, 9769
3304, 4226
2873, 3304
2873, 4001
429, 4704
429, 4595
7646, 8786
1554, 7875
6022, 7875
5232, 7875
2859, 5232
5232, 7190
3670, 7190
233, 3670
233, 9752
1777, 3670
1777, 7493
1292, 7190
1292, 7481
1292, 4829
4447, 4829
112, 1292
3211, 7481
1882, 4829
1882, 2628
1882, 7956
1825, 1882
1882, 8869
3465, 8869
1209, 6662
3383, 7344
539, 2628
539, 9989
3286, 9989
874, 3286
874, 5812
3286, 9612
491, 9989
491, 9840
217, 9840
539, 789
3885, 9374
567, 9374
567, 4662
106, 9374
7892, 8508
473, 8508
2613, 8508
1176, 1606
8040, 9446
7666, 8040
2870, 5271
5271, 7948
6180, 6404
4035, 6688
5852, 9122
6180, 7253
429, 6968
6737, 6968
1825, 3029
2532, 8469
3211, 7818
567, 6986
1825, 6284
2032, 6284
759, 2032
128, 6284
128, 8218
1547, 6659
190, 6659
8982, 9839
3670, 5939
5939, 8374
463, 1888
463, 631
631, 6335
6335, 9745
463, 4028
3490, 4028
2220, 3490
3721, 6612
3721, 7269
3099, 6567
3099, 8431
1212, 8431
1212, 5917
732, 8431
732, 1956
732, 9145
1316, 9145
1316, 2022
2022, 7886
5155, 9145
3012, 5155
3012, 5693
5693, 9644
3562, 9644
3562, 4348
1872, 7269
4558, 4635
1862, 4635
1616, 1862
4635, 7649
1616, 2472
346, 4635
1014, 6022
7666, 9627
461, 1914
461, 1941
1941, 8849
4035, 7119
854, 3182
3182, 5209
1862, 9483
3858, 4662
3858, 5899
5899, 9572
5881, 5899
3279, 5899
2078, 3279
2078, 8918
3858, 4972
4972, 9245
5933, 9245
1355, 5933
3053, 5933
987, 5933
625, 3279
625, 9546
7226, 9546
4822, 7226
1654, 5881
1654, 3393
1448, 3393
1448, 4292
2963, 4292
953, 2963
2963, 9321
2963, 9115
8178, 9115
5346, 8178
2775, 5346
8172, 8178
8178, 8616
4026, 8178
4026, 4305
1988, 4026
7764, 8172
6252, 8616
5461, 6252
4726, 5461
455, 5461
89, 8172
4292, 8247
4917, 8247
3695, 4917
3695, 5267
3453, 5267
1648, 3453
3453, 7910
5205, 7910
5074, 5205
3298, 5205
2540, 3298
472, 2540
472, 6190
472, 2338
14, 472
1448, 1821
1821, 2871
2871, 5467
4241, 5467
23, 9572
23, 4805
4805, 6270
324, 6270
4805, 8791
4805, 8122
4091, 8122
23, 173
3831, 4726
4651, 6404
4651, 5142
3713, 5142
803, 9096
803, 2013
2013, 7322
366, 7322
366, 6260
366, 3643
4477, 7322
450, 2013
366, 8231
1036, 8231
1036, 2692
1036, 2711
2692, 7149
2692, 4774
2711, 5932
760, 5932
5932, 8024
161, 5932
5932, 6332
5006, 5932
8024, 9984
760, 1206
9847, 9984
1206, 7061
2198, 7149
2198, 6749
6749, 6797
6749, 9543
6797, 9207
7563, 9207
3754, 7563
2198, 5660
1165, 3754
3643, 4101
4101, 8447
2692, 6680
6680, 6805
7857, 9984
5749, 8247
5749, 6770
6770, 7060
7060, 7660
5834, 7060
756, 5917
3383, 7609
869, 7609
869, 5561
4789, 4917
1061, 4789
1061, 3068
3068, 5029
5029, 8014
1786, 8014
1786, 5477
3068, 6933
3098, 6933
4939, 6933
4021, 6770
4021, 8876
6711, 8876
5859, 6711
1582, 5859
5231, 9271
9271, 9371
2755, 9271
2755, 2906
2906, 8457
8008, 8457
4104, 8008
1035, 4104
4104, 5748
8457, 9089
4231, 9089
8457, 9701
2660, 9701
2660, 7654
5150, 9701
5150, 7593
1186, 5150
1186, 8748
5150, 6173
2670, 6173
2670, 6013
6013, 7693
2502, 7654
2502, 8937
8937, 9967
51, 9967
3829, 8937
3829, 7661
2915, 9471
5782, 9546
4005, 5782
4917, 7793
2020, 3012
2020, 6121
6797, 9238
4033, 9238
1136, 9238
9238, 9426
2342, 9426
5335, 9426
2342, 5446
5335, 5439
2765, 5446
3136, 5439
3136, 8137
2601, 9238
18, 2601
18, 8557
3104, 8557
3104, 6368
6344, 6368
6344, 6492
5644, 8557
4784, 5644
4784, 5681
2342, 4381
7200, 8137
7200, 9824
4612, 9824
7200, 9511
8018, 9511
7405, 9824
4988, 7405
999, 7405
4867, 9511
2818, 4867
2818, 3860
464, 3860
464, 8913
3104, 4444
2174, 4444
2044, 4444
2044, 2081
2081, 6987
3897, 6987
3897, 9044
3678, 9044
555, 3678
555, 6275
3897, 9235
3897, 8282
627, 3897
627, 9999
627, 9338
9338, 9905
9338, 9986
9499, 9999
523, 627
2044, 4182
4182, 5449
1343, 5449
4182, 6606
6606, 9030
2527, 9030
6606, 9364
7842, 9905
7780, 7842
1137, 7780
1148, 7780
7834, 9999
7834, 8464
710, 7834
710, 1299
1299, 5662
5662, 9080
8619, 9080
1137, 8676
7962, 8676
7962, 8647
7621, 8647
2449, 7621
8446, 8676
6709, 7962
1111, 6709
4811, 6344
3952, 8766
141, 5006
141, 8524
608, 8524
608, 8043
608, 2389
6375, 8043
2389, 2573
259, 2389
259, 6098
3232, 6098
2028, 8043
1707, 2389
1707, 6736
6579, 6736
3312, 6579
1707, 2440
2440, 5950
5926, 5950
5926, 7673
4819, 5926
4819, 7447
3607, 6375
30, 3607
7779, 8043
3742, 7779
3333, 3742
3333, 6481
5824, 8524
3702, 5824
3607, 6278
3702, 8254
634, 8254
634, 9128
613, 9128
613, 3403
918, 3403
1738, 3403
613, 9412
3403, 3642
3297, 3642
3027, 3297
3927, 8254
613, 8551
1480, 8551
1738, 4802
5165, 8551
3927, 7426
1093, 7426
1093, 4318
2524, 4318
801, 3403
801, 4873
1925, 4873
1925, 2621
1046, 1925
2621, 5216
1214, 1925
1214, 1364
1364, 1679
1679, 7565
1470, 7565
1470, 6396
1435, 1470
1046, 5462
5462, 5625
4996, 5625
1214, 6246
1794, 5462
613, 9912
5187, 9912
3033, 5187
5156, 9912
4996, 8387
5824, 9489
1426, 9489
377, 9489
377, 9580
1504, 9580
1504, 9500
2048, 9580
4996, 8084
7366, 8084
3591, 3702
1214, 5752
1707, 6932
6158, 6932
4262, 6932
1818, 4262
1818, 7431
4928, 7431
5740, 7431
1818, 3325
1818, 8281
1818, 7142
3052, 7142
8281, 8898
4928, 6564
8898, 9147
971, 9147
5180, 9147
2176, 6564
2176, 4839
3115, 6564
215, 971
2524, 6702
3620, 6702
5940, 6702
6702, 9461
3620, 4400
4400, 8774
1794, 6533
5394, 6533
5394, 6233
3698, 6233
3698, 8036
3698, 9844
2895, 3698
2895, 4339
4339, 7776
3728, 6375
3728, 4532
3033, 9802
30, 1519
1519, 5715
2389, 4653
994, 4653
994, 1418
994, 5051
621, 5051
5051, 9652
430, 9652
430, 6873
86, 6873
86, 1959
6873, 9950
377, 5904
5007, 5904
4568, 5007
4032, 5007
550, 4032
550, 9528
278, 9528
4032, 8423
5965, 8423
3326, 5965
3326, 9003
4798, 9003
3577, 4798
3326, 9385
3577, 7177
5965, 7124
791, 7124
718, 791
718, 5946
68, 5946
68, 8776
6225, 8423
6225, 8790
1490, 8790
1490, 1590
5965, 6248
850, 6248
3577, 9829
3824, 9829
4636, 9829
3974, 4636
1677, 9829
5100, 9829
2116, 9829
2929, 5946
4798, 7254
718, 3137
1675, 8776
1675, 6008
7528, 9128
141, 6665
4185, 6665
4185, 6599
6599, 9693
2091, 9693
806, 2091
806, 5092
806, 4825
2091, 9429
1028, 9429
325, 1028
6440, 9429
6665, 6995
5092, 6756
1469, 6756
1503, 6756
1217, 5092
1217, 4052
4052, 6457
402, 1028
7723, 9429
4185, 9689
1717, 6457
1422, 1717
350, 1717
350, 1103
350, 9038
2153, 9038
302, 2153
302, 6421
152, 350
3890, 9038
1103, 3296
2051, 3296
1484, 1590
1484, 8663
8663, 9372
1484, 8660
3510, 8660
1826, 8663
2814, 9372
2814, 9071
5548, 9071
2814, 3327
1827, 8660
2277, 3510
2277, 7109
7455, 9071
3466, 7109
1438, 7109
1438, 5000
1797, 5000
1797, 2194
1797, 3878
1438, 1784
3878, 8591
8591, 9486
2055, 5000
2217, 9486
452, 1826
452, 6366
6366, 6625
6366, 6733
2558, 6733
4713, 6733
4713, 6623
458, 6623
6366, 6735
2558, 6441
452, 4787
3569, 7142
3569, 7624
3974, 4569
1387, 4569
4470, 6008
9453, 9652
9195, 9652
8495, 9195
6075, 8495
6075, 6276
1249, 6276
2747, 6276
2747, 7129
6733, 8175
6178, 8175
6665, 9488
314, 7565
2198, 9034
3664, 9034
8040, 8328
1526, 9627
5493, 8813
5493, 7327
7693, 8330
4154, 8330
2144, 3136
920, 3297
920, 5478
427, 5478
1224, 4787
1224, 9920
744, 9371
744, 1122
4634, 8423
3026, 7962
3026, 9505
6319, 9505
3839, 6319
5521, 6736
3490, 9341
801, 6256
243, 6816
6386, 6816
6816, 7647
6237, 6816
1020, 6237
528, 1020
6237, 7418
6386, 9813
4236, 6816
4236, 7894
16, 7894
16, 8171
1020, 4449
4449, 9166
136, 6816
136, 7470
136, 338
338, 3747
3747, 9809
3747, 9786
1121, 9786
1121, 5235
1121, 8232
1121, 2299
136, 6544
4380, 6544
338, 9010
7470, 9822
8589, 9809
528, 7230
9786, 9945
3512, 9945
4605, 9945
3470, 4605
4605, 9691
528, 5990
3689, 5990
3689, 9917
5990, 7095
5990, 9741
3689, 9100
3516, 5990
5801, 9741
5801, 8628
5863, 9371
578, 9644
578, 8887
8836, 8887
4620, 8836
4620, 6292
837, 4620
4425, 6292
4425, 6162
2684, 6162
2684, 7766
1708, 9453
7886, 9733
7770, 9733
4314, 7770
2581, 4314
2581, 7867
1702, 7867
1702, 2932
1702, 6039
3252, 7867
3252, 4757
2932, 7891
5041, 7891
7891, 8793
8793, 9574
5543, 9574
7763, 7867
1720, 5543
224, 5041
269, 7891
269, 1750
269, 2181
2181, 8600
2181, 9670
540, 2181
540, 3437
2181, 2374
3437, 6493
2581, 5260
5260, 6216
307, 6216
3615, 5260
9574, 9739
540, 5296
2581, 6369
6369, 7451
7451, 9860
7929, 9860
1434, 7929
1128, 1702
224, 1147
1147, 9538
5173, 9538
4274, 5173
2598, 4274
589, 9538
589, 5651
3437, 7713
1050, 7713
1050, 7422
1050, 8986
7422, 7883
3366, 8600
3366, 8758
8758, 9484
8108, 9484
8108, 9009
406, 8108
406, 4902
3476, 4902
3476, 8088
1830, 3476
1819, 4902
3651, 9484
5290, 8088
1458, 9009
2742, 9009
2742, 5806
5806, 8895
8895, 9473
2318, 5806
2318, 2968
9473, 9854
6597, 9854
7541, 9854
2053, 7541
2053, 8538
343, 2053
3871, 8538
2053, 9770
8742, 9770
851, 8742
2053, 2890
2890, 3147
679, 2890
2890, 5061
817, 2890
817, 3384
1152, 3384
4728, 8538
1152, 1846
1846, 6996
5585, 9770
679, 8845
3871, 4587
861, 2318
861, 1275
1275, 6683
7533, 9473
2235, 8845
8117, 8845
8742, 9081
2934, 9081
2053, 9295
3711, 8742
3711, 5101
8871, 9473
3075, 8871
6683, 8302
6689, 8302
241, 851
679, 1870
1870, 7477
3129, 3871
3129, 8506
5698, 6689
5698, 6478
6478, 8259
6478, 7220
460, 7220
460, 3124
3124, 5753
1854, 7220
294, 1854
1986, 4587
1986, 4526
490, 4526
4526, 7734
2506, 7734
1986, 6306
8072, 8742
7196, 8072
7196, 8483
8483, 9297
7753, 9297
7753, 9110
3539, 9110
3539, 6406
569, 9854
241, 355
355, 6293
1218, 6293
391, 6293
391, 3779
1218, 6915
1098, 6293
6915, 7474
861, 4146
9466, 9770
750, 9466
2934, 4436
4436, 6679
20, 6679
20, 326
326, 7594
6679, 7856
3605, 7856
1339, 3605
9081, 9161
4108, 9161
2506, 3915
8132, 8506
8132, 9028
8132, 8176
3126, 8176
4020, 8132
3046, 4020
3046, 8765
5602, 8765
5602, 8857
4861, 5602
5896, 8857
8075, 8765
5602, 9196
3790, 9196
4892, 8075
3065, 3126
1699, 3065
7424, 9028
4771, 7424
3843, 8765
1009, 3843
3843, 6640
5704, 6640
4020, 4205
2805, 4205
822, 1699
822, 3028
2804, 3028
2804, 9434
3028, 7045
1980, 7045
1980, 9916
3895, 9916
2373, 3895
1621, 7045
2373, 4576
4576, 6786
3357, 6786
3357, 9386
1464, 9386
7045, 9247
8882, 9247
822, 3122
4576, 5671
1464, 1576
1576, 3714
3714, 9668
9196, 9591
2146, 9591
2146, 3123
4602, 9591
281, 9591
281, 3872
3581, 3872
281, 5238
5238, 8422
2130, 8422
5353, 8422
2756, 8422
6620, 8422
6620, 7677
1334, 7677
151, 1334
151, 7337
1004, 7337
1334, 1485
7337, 7972
3872, 4221
4221, 6336
2146, 9032
1756, 9032
1334, 3823
2756, 9814
6668, 7677
4175, 6668
1756, 6261
4445, 5602
355, 1673
345, 2805
100, 345
345, 4202
4202, 9622
2571, 5753
2571, 9782
9069, 9782
2571, 5592
1996, 5592
1996, 5340
1996, 6529
600, 2571
600, 5097
1986, 8127
160, 8127
3502, 9770
3502, 6431
1196, 8742
5961, 9386
2323, 5961
7374, 8075
3779, 8612
2386, 8612
24, 2386
2386, 6382
2386, 4693
24, 1077
2386, 3073
3073, 6696
3073, 8241
3755, 6696
3755, 8531
4256, 8531
4256, 5104
1979, 8531
1979, 9975
1252, 9975
1252, 3439
590, 1252
590, 7115
3073, 5066
5066, 9925
5066, 8503
1252, 8409
8409, 9646
24, 3376
3376, 5629
4977, 5629
5629, 8565
3493, 8565
7825, 8565
225, 7825
3493, 9801
7450, 9801
2386, 6928
2911, 3615
5101, 9022
8976, 9022
5415, 8976
1314, 9022
1314, 6325
6325, 8583
960, 6325
57, 1314
2942, 8976
1472, 2942
960, 5612
225, 2115
2115, 4491
4491, 5424
2115, 6230
785, 6230
520, 6230
520, 8145
520, 2387
930, 2387
520, 1915
930, 3578
1319, 6230
1319, 2066
1319, 1412
2066, 6088
363, 1319
1319, 2721
2066, 2635
6230, 9983
6471, 9983
2387, 5149
1837, 6088
743, 1837
160, 3303
1727, 3303
1727, 9710
3303, 4301
1555, 3303
5710, 9710
5386, 5710
4146, 8020
2633, 8020
2357, 2633
1984, 2357
649, 3578
649, 4844
358, 4844
4844, 8730
8427, 8730
8053, 8427
2522, 8053
2522, 8967
876, 8967
7689, 8730
787, 8053
787, 7204
3983, 7204
3983, 5823
5823, 7588
787, 8722
3983, 9047
4827, 8722
4827, 4907
3683, 4827
3683, 7140
5068, 5823
7410, 9047
5839, 7410
3103, 8145
3103, 9560
8477, 9560
7032, 8477
7032, 9008
986, 7032
986, 7350
483, 986
483, 6417
5214, 6417
5214, 6017
1813, 6017
6153, 6417
2901, 6153
483, 3323
3323, 5631
5614, 5631
5631, 9775
3323, 6856
1002, 7032
5255, 7032
4336, 5255
986, 4603
4603, 8668
7684, 8668
7384, 7684
2662, 7384
8668, 8893
7384, 8288
147, 5631
147, 5726
5726, 8240
8240, 8280
5726, 7590
1887, 8240
1887, 6848
1347, 5726
527, 8280
1980, 4504
579, 3122
83, 579
83, 3949
83, 248
3949, 4212
1120, 6306
1120, 3319
1120, 8216
2161, 8216
7759, 8216
5405, 7759
2161, 6043
6043, 6531
6043, 7833
6771, 7759
6771, 8693
6771, 9529
5405, 6390
3319, 5039
1120, 6062
2161, 4126
2912, 3293
2912, 7466
1368, 4005
1368, 4210
1368, 8972
752, 4210
752, 928
4210, 4792
4792, 5652
5652, 7690
1368, 8906
1368, 9120
5652, 9448
4088, 9448
6953, 9448
1625, 8906
1625, 9422
2945, 9422
1368, 8635
7569, 8635
1817, 5652
1817, 7222
1000, 1817
1000, 4124
1817, 9254
2173, 9254
4124, 8239
1906, 7222
4916, 9254
3749, 4916
3749, 4416
3975, 4416
3749, 5398
5569, 8239
5569, 6328
1296, 5569
1360, 6328
3066, 3749
3066, 7549
2446, 3066
3066, 8448
8448, 9356
6363, 8448
3009, 6363
3009, 9243
7799, 9254
7799, 8432
1268, 8432
1268, 9611
9111, 9611
3300, 9611
3300, 7899
385, 3300
1325, 7899
1157, 1325
1157, 4820
4071, 4820
1325, 8098
1157, 9968
2446, 8389
4071, 7669
3144, 7669
3144, 3767
3144, 9669
3144, 7573
5719, 7573
2103, 5719
2351, 7669
2351, 8212
7333, 8212
1443, 7333
7333, 7464
2351, 4469
1443, 1518
2351, 4767
4767, 6658
4666, 4767
4666, 9530
9055, 9530
6016, 9055
4093, 6016
2269, 6016
8, 2269
8, 9456
8709, 9456
7520, 8709
3840, 8709
2705, 8709
2073, 2705
8709, 8777
4042, 8777
4042, 6581
4307, 6581
144, 6581
4666, 7614
7520, 8046
1917, 8046
5813, 6016
5813, 8864
7072, 8864
3455, 7072
1056, 3455
1056, 3631
8864, 9882
327, 1056
327, 393
4307, 5404
1025, 5404
478, 1025
5383, 8777
7520, 9058
2073, 4895
3589, 6016
3589, 4145
1482, 9055
4145, 6988
6988, 7794
1917, 9099
1917, 7589
410, 7589
4145, 7718
9058, 9795
7079, 9795
4583, 9795
3345, 9795
393, 1302
1302, 2539
8105, 8709
2313, 8105
2313, 6167
6167, 7132
2784, 7132
2784, 3528
3455, 5621
8, 9402
8504, 9402
309, 9669
309, 7828
1199, 3144
1199, 8607
8607, 8908
221, 8908
221, 5604
221, 1559
1559, 9790
1368, 2820
2820, 3972
1177, 3972
3972, 9547
8798, 9547
5836, 9547
478, 9900
1157, 4271
8696, 9055
6975, 8696
728, 6975
728, 8368
4204, 8696
4204, 8807
1752, 4204
1752, 5374
1752, 2979
1866, 8368
6975, 9537
9072, 9537
7511, 9072
2979, 6883
4029, 6883
6883, 8996
4029, 7648
4029, 9282
2851, 7899
2851, 9133
5286, 9133
9133, 9720
5286, 5741
3396, 9720
3396, 7854
1698, 5741
1698, 5075
8798, 9736
2945, 7050
6562, 7050
5900, 9669
1411, 5900
4065, 9282
3169, 4065
3169, 5348
4165, 5348
3169, 9880
9880, 9908
4690, 9908
5134, 9880
5134, 9648
1716, 9880
1716, 6051
1474, 6051
1474, 1904
2376, 6051
2236, 2376
1904, 9419
2820, 8595
2637, 8595
2637, 9913
2637, 4257
4257, 5962
2637, 7465
2376, 5108
5108, 6508
3994, 5108
1835, 9147
1657, 5891
1202, 3147
1202, 6186
2185, 2670
1081, 8777
1854, 3876
4336, 4849
2592, 4849
2592, 9262
5090, 9262
4430, 9262
3957, 4603
2728, 8857
747, 9760
6292, 6388
4562, 8861
3464, 8861
3464, 4680
3995, 4680
3995, 5723
3995, 5766
358, 915
915, 4573
1602, 4573
1602, 4906
1320, 3132
3132, 5490
5490, 7754
7754, 8275
7313, 8275
2992, 7313
2992, 7796
7796, 8371
5037, 8371
1966, 8371
5037, 7817
2267, 7817
2992, 3982
3982, 4355
7754, 8126
8126, 8854
1966, 9751
3277, 9751
2867, 3478
1324, 2867
1324, 8436
1324, 6310
5544, 6158
1992, 5544
1269, 1992
1992, 9523
2749, 9523
442, 2749
2749, 9258
2749, 6485
6485, 7645
442, 4291
3853, 9258
6485, 8403
1006, 8403
2749, 8805
8805, 9033
2404, 9033
9033, 9853
4870, 8805
4870, 8721
1855, 8805
1855, 6504
1514, 6504
6504, 7586
3057, 7586
3057, 7639
6667, 7586
5567, 6667
1855, 3706
3706, 4534
3706, 8354
4534, 9835
3834, 9835
3192, 3834
3834, 7184
7184, 8269
766, 8269
766, 1609
1609, 8068
1095, 1609
1095, 4502
4502, 5853
8354, 9850
3192, 9519
4401, 9519
9322, 9519
3706, 7872
3192, 3594
1609, 8486
5002, 8486
1992, 5768
1479, 5768
1006, 9382
9062, 9382
3948, 9382
3948, 7471
3948, 9584
1850, 9584
768, 1850
1815, 4870
1815, 5875
5875, 8725
1274, 1815
8725, 8800
1274, 1333
3587, 4502
5059, 7471
1609, 6583
6043, 7809
88, 5413
88, 4649
1587, 4649
4649, 7314
1190, 7314
4649, 7600
4649, 7427
5440, 7427
5440, 6465
7427, 8902
7427, 8049
2080, 5440
4155, 7427
4155, 7335
7279, 7427
2354, 7279
2354, 9261
2354, 4590
2833, 4590
6902, 7279
5664, 6902
2833, 5341
4316, 5341
4316, 5373
875, 9261
1, 7279
5440, 8139
4718, 8139
4007, 6902
4007, 8015
4007, 8571
4007, 7938
7963, 8571
7963, 8001
4007, 9345
3987, 7314
3987, 8044
8044, 9845
5373, 7346
1967, 9845
536, 6902
911, 4316
5373, 6349
660, 6349
660, 8286
2119, 6349
5827, 7938
5827, 6841
2574, 5827
911, 6204
1153, 5341
1153, 8298
1543, 8298
810, 1543
810, 2897
810, 2223
2897, 9642
2223, 3316
261, 3316
2594, 8298
2247, 2594
397, 2247
1065, 2594
397, 3059
958, 2247
958, 3508
3059, 5530
2407, 5530
5530, 7068
5530, 6626
1759, 3316
1543, 7261
4991, 6626
1153, 1670
8007, 8044
810, 9974
4047, 9974
4047, 6214
4287, 9974
3256, 4287
4287, 9232
2659, 9232
7814, 9232
3256, 8245
2252, 9232
2252, 6528
4047, 9042
9013, 9042
2445, 9013
1617, 4287
1617, 2987
1617, 6439
4954, 6439
4954, 7862
5524, 6439
1083, 2659
3508, 5500
5500, 9705
295, 9705
7846, 9705
6644, 7846
3185, 8902
3185, 6807
602, 3185
4803, 6465
295, 7890
5745, 7890
1444, 2659
1444, 3815
1444, 7054
1420, 1444
1420, 7268
1420, 8489
1436, 8489
1420, 6004
1420, 1501
4499, 6004
1501, 3155
3081, 3155
3081, 3404
3404, 5949
5949, 7087
493, 5949
493, 3575
5949, 6494
5975, 6494
2460, 6494
1629, 2460
6494, 8590
1386, 2460
2460, 2875
5949, 8579
4604, 8579
4259, 6494
3650, 8579
1488, 3650
3650, 7131
107, 3650
107, 370
107, 8181
1968, 8181
598, 1968
107, 6824
6824, 7297
5365, 7297
1629, 3149
387, 3149
387, 4295
387, 1737
1737, 8193
1488, 7273
7273, 7425
2701, 7273
1072, 2701
1072, 3540
931, 2701
2128, 2701
4129, 7425
7425, 9440
3108, 7297
3108, 6799
6799, 8803
6799, 8462
7425, 7716
2460, 3083
3540, 3809
3809, 8946
1436, 4609
2734, 4609
2734, 5316
3155, 6600
4658, 6600
2473, 6600
124, 2473
124, 7768
4658, 6059
2473, 7939
5191, 7939
3469, 7768
4689, 5191
4689, 9177
9177, 9476
3191, 7425
4129, 9101
6080, 9101
8835, 9101
7955, 9101
115, 7955
8400, 8835
115, 8343
6600, 6904
2286, 7087
2286, 2306
2286, 3171
5623, 7087
1737, 3087
5894, 7131
3833, 5894
1175, 3833
1104, 1175
1175, 6881
3149, 5058
5058, 5999
5999, 6235
6235, 7221
931, 3416
8022, 8181
2987, 8478
4954, 7850
3822, 3833
2165, 4091
2165, 9709
5398, 7340
943, 7340
1502, 3587
680, 1502
1502, 2586
7649, 9616
3837, 5625
3837, 7324
666, 3837
666, 4900
4900, 5036
4632, 4900
2620, 4632
2620, 4385
2620, 6982
341, 6982
428, 4632
428, 3719
3719, 4497
4497, 7576
3473, 4497
3473, 8515
4497, 5799
7840, 8515
2774, 7576
3719, 7571
3719, 8169
2984, 7576
1473, 2984
2561, 2984
2561, 7492
7492, 7625
2498, 7625
5777, 7625
2345, 7492
1731, 2345
1731, 4581
4581, 4719
2561, 6202
6202, 7026
4623, 7026
7026, 7098
4623, 5721
428, 8547
3719, 4940
2620, 9512
7475, 9512
2953, 7475
2953, 9281
9362, 9512
2953, 8471
3613, 8471
3868, 8515
2249, 3868
2249, 7513
2838, 7513
2838, 7981
6982, 7445
2774, 4824
4581, 7954
2984, 6115
2984, 3504
3473, 7732
117, 8339
3777, 8339
2093, 3777
2093, 6725
3417, 3777
3417, 6669
2416, 6669
2093, 2836
2836, 4283
4043, 4283
4043, 5645
4601, 5645
3380, 5645
3380, 6954
2093, 6780
2094, 6780
2836, 5083
3417, 8662
5641, 9641
5641, 8999
7526, 9111
7526, 9857
4138, 7526
904, 6702
904, 9516
904, 6000
2756, 4134
4134, 7540
2267, 8983
5588, 8983
2842, 9752
2842, 7531
3830, 7531
2597, 7451
2597, 3687
3687, 5167
2156, 5167
5167, 6287
6287, 9743
346, 4816
4816, 7082
771, 4816
771, 3559
635, 771
3559, 4219
749, 4219
3105, 4219
708, 4219
2437, 7082
2437, 9982
9027, 9982
139, 2437
139, 9510
139, 8694
3823, 8048
5146, 8048
6549, 9781
1951, 9781
1951, 8273
4125, 8273
4125, 6297
2092, 6297
1456, 4125
6297, 7575
3895, 5596
5068, 6436
1105, 6436
1105, 2638
4937, 6436
4937, 6295
3893, 6295
6295, 7978
964, 7978
1450, 6295
1450, 1940
6295, 8922
1105, 6739
1450, 3244
1450, 4600
110, 4600
110, 1801
1801, 5089
2550, 5089
2550, 4211
2550, 2943
4640, 8105
4640, 7181
4564, 5741
4564, 5366
4564, 7367
2260, 7367
2260, 9146
5984, 9146
3468, 9146
3468, 3896
1627, 3896
1077, 9052
4916, 5321
2330, 5321
2330, 3941
3941, 4258
2953, 3810
3810, 6410
6410, 7889
3810, 4570
7327, 7672
449, 5926
449, 8211
449, 9469
8529, 9469
6435, 8529
3641, 6435
5799, 8526
8526, 9681
808, 1553
6697, 7313
312, 9860
312, 3549
4371, 6701
5927, 9752
4049, 9886
675, 9071
5444, 8902
3190, 7061
3190, 5099
5099, 6808
4428, 5099
1993, 5099
1993, 5817
5787, 5817
3484, 6808
3484, 3503
3503, 4161
4161, 5220
5220, 9923
3484, 7877
6808, 7960
1961, 7960
210, 6808
210, 1063
3190, 8116
4008, 8116
4008, 8331
7542, 8331
7542, 9872
1251, 8116
1408, 8331
1408, 8061
1838, 8061
1838, 3806
4008, 9086
677, 9086
1712, 9086
677, 5934
5934, 8702
8682, 8702
497, 1838
497, 512
497, 1861
497, 7721
3618, 7960
3618, 7851
1944, 7851
2899, 5220
2899, 7602
1165, 7135
3945, 7135
2940, 7135
1847, 2940
4619, 7135
6123, 7135
351, 2940
351, 9396
194, 9396
1029, 9396
1029, 4414
3317, 4619
3317, 4866
3390, 4866
2602, 3317
2602, 3660
3317, 8605
1653, 8605
1653, 7738
1653, 8357
1653, 4076
1653, 8317
282, 8317
5190, 7738
6585, 8317
6585, 8338
4682, 8605
282, 727
727, 2234
3022, 4076
3317, 8230
4076, 9848
2274, 9848
4128, 8605
5712, 7738
783, 5712
783, 3419
7073, 8116
3100, 7073
3100, 4078
3100, 7363
3100, 7301
1687, 4078
1716, 6895
5572, 6895
236, 5572
15, 236
15, 133
133, 2084
2084, 8485
4338, 8485
133, 3841
4338, 6576
2904, 6576
6595, 8485
2118, 6595
4338, 4703
4703, 6886
306, 6886
3258, 6886
3258, 3359
3359, 9060
1073, 3258
1336, 3258
1336, 2279
2279, 5370
4166, 5370
4166, 7855
4166, 5522
306, 1741
1741, 5239
5025, 5239
6886, 7473
1741, 5367
5367, 8997
6586, 6886
2476, 5572
133, 404
404, 2035
209, 2035
209, 5706
209, 6227
5706, 9832
1449, 9832
1449, 9403
7711, 9403
5113, 5706
2394, 5706
1449, 9732
3389, 9732
415, 5706
415, 4865
415, 2946
2946, 6741
4712, 6741
4712, 9185
3086, 9185
3086, 6311
1455, 9832
8312, 9185
5518, 6895
1897, 5518
8822, 8997
8177, 8822
6810, 8177
6810, 8071
4196, 8071
1983, 4196
7123, 8071
1169, 3147
1169, 6433
993, 6433
438, 6433
438, 8006
3652, 8006
8006, 9384
7587, 9384
1147, 7388
7388, 9398
5778, 7388
7674, 9398
179, 7388
2376, 6177
2606, 6177
1018, 6620
2359, 3966
6429, 7314
5596, 8337
5043, 8337
5043, 8728
4577, 8728
5043, 9017
5420, 8337
5420, 8460
4112, 8460
4112, 4980
1425, 5420
101, 8460
101, 5884
5884, 8926
2652, 5420
2652, 3089
4980, 6675
6675, 7744
5454, 6675
3500, 5454
2575, 8460
2575, 6159
2575, 6847
4773, 6847
6675, 7556
4769, 7556
5149, 7678
6715, 7678
139, 4544
2660, 5668
4824, 6495
4973, 8722
4170, 4973
4638, 4973
4973, 7284
1952, 4170
4358, 6932
4358, 8940
4358, 8502
3585, 4358
3585, 8649
8649, 8785
1234, 8785
1234, 3729
3649, 3729
5241, 8785
5605, 6000
1723, 5605
1723, 9777
1723, 6840
737, 6406
737, 7735
737, 9103
6116, 9103
1793, 6116
1793, 8323
737, 9738
6021, 6116
1821, 8430
339, 5812
339, 3220
339, 9198
339, 5143
2263, 5143
2263, 5289
3939, 9198
3158, 3939
1388, 3158
3158, 3802
3270, 3939
3445, 3939
3445, 6418
3445, 6818
3768, 8882
3768, 4645
4645, 6863
623, 4681
1074, 4681
1074, 1644
592, 1074
592, 5382
2467, 5382
2467, 6934
223, 6934
223, 1080
2467, 9531
319, 6934
753, 4681
753, 4665
2467, 9620
223, 7270
592, 6520
319, 9296
1526, 8603
4413, 7533
3246, 4271
2184, 9486
247, 2184
9335, 9356
9335, 9991
9306, 9991
3724, 9991
1333, 7250
7250, 7681
1587, 9826
8673, 9826
6467, 8673
3002, 6467
5870, 9826
3002, 6649
2502, 5640
3215, 4680
3215, 4009
425, 3215
2722, 5206
3719, 5637
2918, 5637
2918, 5079
5079, 8324
5637, 9856
457, 9856
9503, 9856
1126, 9503
1126, 5790
4099, 9503
5093, 5790
457, 7437
7437, 9729
5322, 9856
5107, 5322
1796, 5322
1796, 5033
4646, 5033
4151, 5033
3857, 4151
4266, 5322
1796, 6170
3752, 6170
2491, 3752
1622, 4151
1622, 7958
1622, 5254
5033, 8194
1796, 3242
3242, 6681
6170, 9391
4266, 6288
4582, 6288
4582, 8559
4254, 8559
2296, 4254
2296, 9215
197, 9503
197, 6210
2511, 6210
197, 2125
2125, 6782
2125, 4409
4409, 6759
6759, 8787
2125, 7620
7620, 9272
6131, 6375
6131, 8347
6131, 8617
8617, 9598
1054, 9598
9337, 9598
1690, 9337
6896, 9337
1879, 8347
1879, 3247
1340, 1879
3873, 4292
5143, 5227
835, 7005
3873, 8724
7905, 8630
1929, 5569
4292, 4451
1481, 4451
898, 1481
898, 2190
898, 6643
3621, 4451
3621, 3984
3621, 8795
2406, 3984
898, 3571
3571, 9216
5736, 9216
1225, 3571
3571, 6853
898, 9481
5736, 6879
1230, 4451
844, 1230
844, 9164
1230, 3117
3117, 3387
754, 3387
3117, 9170
7406, 9170
6203, 9170
5966, 9164
5492, 5966
4359, 5492
1315, 4359
1315, 3672
9170, 9640
2132, 5492
3292, 4451
3672, 9348
8856, 9348
1451, 8036
4925, 5900
850, 6758
6758, 8587
3861, 6758
2151, 8587
1855, 7271
7271, 9862
2158, 9862
1759, 5137
4021, 9395
971, 4200
1340, 8852
3472, 8852
3039, 3472
3472, 9879
1395, 3039
1395, 9107
7116, 9107
657, 9107
1395, 9443
1395, 1680
1680, 3765
69, 4236
1953, 5932
3961, 5633
6186, 7016
2994, 7016
1503, 5421
5527, 7894
4869, 5527
1663, 4869
4869, 5233
87, 4869
4556, 5233
5233, 9992
4869, 8191
6066, 9992
773, 6066
773, 7722
189, 1317
1317, 3590
17, 3590
1317, 3489
2525, 3489
3252, 5243
1961, 4631
7131, 8258
121, 8258
1653, 4512
4512, 9753
2497, 4769
3421, 3641
3421, 5555
5555, 6138
3047, 5555
501, 8175
4650, 7082
4650, 5531
5531, 7027
119, 7027
5622, 7027
5622, 9630
4795, 5531
5531, 9249
2628, 2793
2793, 5872
2793, 5959
7251, 8526
1408, 1465
1465, 9097
3687, 8276
654, 6741
654, 5559
595, 654
765, 9801
3988, 9991
2833, 9265
6033, 9009
553, 7802
553, 9776
3324, 9776
3324, 5222
5222, 9819
3281, 9819
2685, 3281
2685, 7357
6965, 8446
3649, 9748
2798, 4784
2798, 4740
938, 2146
3317, 4717
4717, 4840
4717, 9241
2698, 9241
9241, 9778
2672, 4840
7472, 9241
5318, 7472
6418, 7940
6671, 7940
2494, 6671
466, 2494
323, 6671
4289, 7940
4807, 9338
4066, 4807
4807, 6826
979, 6826
979, 8873
8873, 9993
979, 6970
6970, 7368
5954, 7368
5954, 7125
4396, 6970
3969, 4396
4215, 7125
2154, 4396
5327, 7125
3627, 5327
1948, 9993
3266, 4396
324, 447
1974, 4202
1974, 5728
1974, 8453
2729, 7431
5128, 8766
5128, 8355
625, 1564
5897, 6548
2514, 6548
2514, 5532
2514, 4084
1457, 2514
1457, 8708
2789, 8708
2276, 2376
5017, 9510
1610, 7230
1607, 1610
349, 1607
349, 6590
1610, 7415
1607, 8123
725, 8123
1610, 4429
4429, 7198
979, 2819
68, 6238
6238, 9901
1999, 2437
1999, 5102
1999, 6755
666, 4194
23, 9497
3815, 8438
6426, 7340
1866, 4481
1174, 4481
1114, 1174
1174, 7039
4481, 8213
4928, 9246
763, 9246
6959, 8273
1057, 6959
1057, 7365
1057, 3764
4588, 7365
113, 3764
113, 3239
3239, 8815
113, 3427
3427, 7665
4061, 4588
2089, 4061
113, 6546
6546, 7730
6921, 7730
1057, 7104
6978, 7104
5385, 6978
219, 5385
3239, 7092
5952, 7092
2329, 7092
2329, 9455
2599, 9455
2599, 7758
2329, 9210
5010, 9210
1289, 7730
990, 2329
990, 3001
990, 7385
990, 5295
5295, 8210
1620, 7385
3001, 6814
518, 6814
518, 3780
283, 4061
283, 4158
2479, 4158
2479, 2802
2802, 8783
2802, 6370
6361, 6370
6361, 9458
2951, 9458
9458, 9878
6049, 9458
4018, 9878
8057, 9878
4018, 4817
2129, 4817
896, 2129
6361, 7336
4806, 7365
3782, 4806
205, 3782
3782, 8718
3782, 6787
205, 3690
1832, 3690
1608, 1832
1608, 5176
5176, 6052
3690, 6483
6483, 7066
1799, 6052
1799, 6266
2664, 6266
1454, 6483
1454, 9223
1799, 2388
1454, 2578
4806, 6206
944, 6206
2664, 5468
6483, 7506
5067, 7506
733, 5067
733, 6447
4806, 8182
3690, 6657
816, 2578
816, 3138
2896, 3138
2896, 8372
4511, 8372
4511, 7554
3138, 7059
7059, 9541
7835, 9541
3138, 4458
2347, 4458
482, 3138
482, 6484
816, 8305
8305, 8677
6718, 8305
3092, 6718
3092, 8941
1671, 8677
929, 6484
929, 2643
2643, 7656
6449, 6484
5683, 8941
5432, 9541
3907, 5432
5432, 5800
965, 5800
965, 3892
3295, 3892
4458, 4821
4821, 8418
5432, 6809
5171, 6809
5483, 6809
6643, 7650
1195, 2578
527, 7210
6072, 6457
7646, 8146
2164, 8146
2164, 9474
6290, 9474
6290, 7653
6187, 7653
6187, 9311
5725, 9311
5352, 9311
5352, 9655
9442, 9655
722, 9442
2429, 9311
4286, 6187
3935, 9311
3935, 6686
2164, 8442
6187, 9148
3935, 9478
3429, 5725
2325, 3429
2499, 3429
3429, 6405
2325, 8225
8225, 9614
4975, 9614
4975, 9730
4107, 9730
8911, 9730
4694, 8911
1396, 4694
1396, 5139
2777, 5139
2777, 9319
185, 8225
185, 5878
5496, 5878
2221, 5496
5419, 5496
673, 5419
1507, 2221
6554, 8911
4279, 6554
4279, 7912
4164, 5139
7140, 8936
157, 8936
157, 3909
3909, 8350
1966, 5354
4228, 4988
4228, 7133
6468, 7133
613, 2434
4706, 7314
924, 5855
924, 2848
5651, 5953
2192, 5953
102, 5243
6268, 8258
6268, 8408
7773, 8408
112, 7539
7539, 7749
1999, 7047
7047, 9083
7, 7047
954, 7047
954, 6387
7, 6351
3273, 7047
6385, 9422
714, 6465
714, 1898
255, 1898
255, 1011
1011, 5638
5638, 7931
1011, 5665
7884, 7931
5234, 7884
3430, 7884
3430, 8342
4092, 4542
4092, 7354
4092, 6097
6097, 7172
6097, 8555
4092, 4854
4932, 7354
4344, 4932
7172, 7798
4448, 7798
4302, 7798
4302, 4780
494, 7798
494, 5436
5436, 8167
4641, 8167
4641, 8383
2587, 8383
403, 2587
1763, 2587
1763, 4319
1763, 9012
2772, 9012
2772, 5595
551, 9012
551, 8050
5279, 8050
4302, 6980
4448, 6833
551, 1276
1276, 7069
1276, 6890
4062, 6890
5973, 7835
1453, 3092
1453, 2679
2679, 5963
1453, 6869
5963, 6100
6100, 9539
2974, 5963
2974, 5001
3159, 5001
7098, 9632
6887, 9632
6887, 8534
8534, 8584
5732, 6887
5434, 5732
4467, 5434
4812, 5434
4616, 4812
4812, 5131
46, 4467
1506, 4812
1506, 3361
4812, 4961
313, 4961
313, 1433
1433, 5485
4961, 9684
5021, 9684
5021, 8744
7071, 8744
5607, 7071
5607, 8099
2143, 8099
7307, 8099
7307, 9747
2649, 9747
7074, 7307
8099, 9784
47, 9747
47, 1754
5842, 8099
5842, 9570
313, 5193
5193, 6580
6139, 6580
2010, 6139
6314, 6580
6139, 7837
4160, 6580
4160, 8801
7550, 8801
2034, 8801
6244, 7837
6244, 8520
1561, 8520
3208, 8520
3208, 8688
3208, 8233
3208, 5697
1016, 2649
3669, 4812
2880, 3669
79, 6314
79, 6501
6497, 6501
79, 6037
1107, 1561
5485, 8917
7787, 8917
4417, 4467
2191, 4961
3816, 5607
3816, 8950
6556, 8950
4981, 8950
4981, 8977
5280, 8977
1676, 5280
1676, 6330
1363, 1676
2056, 6330
2056, 3976
3976, 7114
180, 7114
180, 8826
1246, 1676
1676, 2001
5280, 6195
6195, 9567
4234, 9567
4234, 7510
2056, 9054
9054, 9363
2056, 6670
1272, 6670
1272, 7683
2245, 7683
2245, 2813
1272, 5123
93, 5123
1363, 6281
5747, 6281
5656, 8826
111, 1676
2245, 3720
2813, 5887
4461, 5887
5887, 9237
4461, 5757
6281, 6473
111, 9685
3024, 9685
1715, 3024
1715, 1778
3024, 5635
4745, 5635
1771, 4745
1771, 2203
577, 3024
577, 7319
3024, 7599
2622, 3976
1563, 2622
2622, 3420
2622, 7436
3609, 7436
7137, 7436
253, 3420
253, 9379
238, 3420
246, 7137
7137, 8564
1563, 8003
3551, 7137
253, 2337
2337, 9631
1012, 7137
2337, 7902
4755, 7902
2396, 4755
3614, 4755
3614, 5213
1027, 5213
1012, 4809
4809, 7100
3551, 4485
4755, 9949
9718, 9949
3704, 9718
1378, 7683
1378, 8086
1113, 5887
1113, 6893
5484, 6893
6893, 8382
5484, 7380
7380, 9626
5830, 7380
6517, 7380
2464, 4961
2949, 8584
1092, 1433
7919, 8086
509, 4802
509, 9725
776, 7190
6131, 8920
2616, 6396
2616, 8930
60, 8930
5263, 8930
2014, 5263
60, 1399
697, 1399
697, 9218
2555, 9218
4229, 9218
2555, 8897
2408, 8897
2408, 6935
6684, 6935
4992, 6935
1921, 4992
1921, 9836
5091, 9836
5091, 6829
4880, 6829
3347, 6829
3202, 5091
6500, 6935
6500, 7182
5583, 7182
2072, 7182
1972, 6500
5924, 6829
2555, 2936
2198, 3491
218, 3491
3491, 8541
5790, 8320
4574, 6681
2303, 4574
2303, 3632
1622, 7013
975, 7013
975, 4843
2728, 3230
8565, 8574
4066, 7893
5108, 7097
1151, 8871
3579, 9916
3579, 4947
769, 4947
2476, 6176
3382, 6533
3382, 3771
3382, 5369
1106, 5369
533, 1106
1243, 5369
3110, 5369
3110, 3285
3285, 5773
5410, 5773
5410, 9056
1337, 9056
2924, 3110
5410, 6518
7414, 9056
6518, 9299
1567, 2924
1567, 9465
8219, 9465
1624, 2924
263, 1624
263, 4459
4459, 8961
6942, 8961
4381, 6774
6774, 7278
6691, 7278
720, 6691
7278, 8553
6691, 9796
5388, 6774
5388, 7553
2487, 5388
7551, 7553
5634, 7551
1994, 5634
1994, 9602
1994, 8452
7551, 8990
2456, 8990
2456, 3450
2456, 4554
2872, 3450
4688, 7551
3349, 9796
3734, 6539
2980, 9379
2980, 6594
1915, 2024
2024, 6568
55, 6568
55, 7101
2024, 5342
4046, 5342
4377, 6568
3121, 4377
3121, 6785
5589, 6785
887, 6785
887, 7622
7622, 8326
1308, 6568
784, 3512
5520, 8217
5520, 8923
5886, 8923
5886, 8731
7717, 8731
7555, 8731
4441, 7555
4441, 9011
4441, 6001
7096, 9011
4363, 9011
4363, 6619
947, 6619
947, 5951
4363, 7469
889, 7096
889, 3951
889, 3461
647, 3461
276, 647
3461, 7053
276, 3576
3461, 6767
647, 2702
2702, 2800
2800, 9088
9088, 9928
2619, 9928
968, 3951
1949, 2947
1949, 4242
4242, 8715
8715, 9035
5586, 9035
5586, 7108
320, 1454
5362, 8955
4878, 8955
6627, 8955
1850, 7745
2981, 7745
1164, 7032
1164, 3307
3307, 3826
3307, 5395
832, 5395
832, 3179
3179, 6728
3179, 7332
3179, 6134
3179, 9981
9050, 9981
4724, 5395
5615, 9050
7817, 9664
5263, 6355
6355, 9479
6355, 7524
809, 7524
61, 809
61, 9788
237, 809
6832, 9788
5741, 8082
6757, 8082
1112, 6757
8643, 9850
5077, 8643
863, 8643
863, 1459
4933, 5077
4933, 7358
4933, 8270
4777, 8270
84, 4777
84, 6925
175, 4777
84, 1922
659, 4777
1187, 4777
659, 8168
7986, 8168
3622, 7986
1265, 7986
5087, 7986
5087, 7290
3700, 7290
1529, 5087
863, 3432
1736, 5087
1529, 6318
3867, 6318
2000, 6318
489, 2000
489, 7240
2562, 7358
1399, 2861
2861, 8093
5622, 6463
6463, 7211
1997, 7211
4705, 6463
4705, 9194
4705, 6489
4126, 7241
4339, 9260
8810, 9260
1841, 9260
2609, 5586
1884, 2609
2848, 7864
7266, 7864
549, 9729
5753, 7908
6912, 7908
576, 6912
576, 2212
2212, 4356
2212, 8784
8784, 9354
2788, 4356
695, 2212
2788, 9376
5687, 9376
2788, 4575
4575, 6304
6304, 8365
3154, 8365
2914, 3154
4403, 4575
4403, 9418
8650, 9418
5606, 8650
5606, 8700
1512, 8700
5301, 5606
4403, 9568
1512, 8671
1512, 2791
2212, 6026
4403, 5308
5308, 9976
1678, 9976
137, 6026
4535, 5156
2496, 7431
3198, 7431
1209, 9480
9480, 9517
2493, 9517
2493, 8747
2493, 6993
6993, 7328
7328, 8029
5268, 6993
6637, 6993
6082, 6637
2493, 9155
2052, 8324
2052, 9432
241, 2593
2593, 9130
2593, 9948
260, 633
260, 6849
5322, 5350
1182, 9396
64, 1543
2392, 7188
2328, 6235
1261, 9670
217, 3456
3456, 5856
1938, 5856
1938, 6316
525, 5856
5400, 6316
911, 2600
2010, 7821
7821, 9621
1136, 1592
544, 1453
752, 8081
537, 8081
2040, 8081
462, 2040
2040, 8932
5781, 9195
2905, 5781
2905, 6967
3363, 5781
1193, 3363
1193, 6491
2905, 7151
3580, 7151
5262, 7151
399, 7151
399, 3835
399, 2786
2090, 3835
891, 2090
3835, 9328
891, 5674
6769, 6967
242, 4204
1400, 3698
1400, 6027
6027, 9073
6578, 8122
6578, 9927
1990, 9927
1335, 5213
8305, 9156
7505, 9156
3878, 5274
2116, 2222
2222, 2683
2683, 6006
1748, 6006
1376, 1748
1748, 9131
5851, 9131
2993, 6585
2120, 2993
1713, 2993
2993, 5069
5069, 7612
1926, 7612
2120, 2150
4266, 4473
4473, 7832
3636, 6021
3636, 8615
8615, 9619
3043, 9619
608, 7898
3214, 7278
1420, 8912
1064, 8912
1064, 9849
9225, 9849
8797, 9225
3250, 8912
1064, 8978
1943, 8978
43, 1943
601, 8797
601, 840
840, 7996
6851, 9225
6851, 9436
6030, 9436
1943, 6922
522, 6922
6922, 9020
8678, 9020
1064, 5850
184, 5850
184, 1087
184, 7110
4368, 7110
1087, 7031
5112, 7031
184, 6694
1749, 5850
222, 1749
1749, 9234
4246, 8912
1924, 9234
1345, 1924
1924, 9428
375, 9428
375, 6373
375, 5264
5264, 5833
917, 5833
383, 917
1924, 2327
2327, 2478
2478, 6183
1345, 9288
917, 1245
2478, 7659
408, 7659
5850, 6036
6036, 7308
4468, 7308
1271, 6036
2727, 4468
1123, 7031
1123, 7952
7308, 8196
4560, 5872
1607, 5581
5581, 7987
5581, 9665
3859, 9245
3859, 7409
2371, 3491
2371, 4443
1615, 4443
4542, 5565
3239, 8586
7858, 8586
3006, 7858
644, 3006
8335, 8586
8192, 8335
418, 9822
418, 5866
418, 5783
527, 6926
7487, 9156
5377, 7487
2883, 7487
2883, 3879
3879, 8614
4941, 8614
3102, 4941
3744, 8614
2883, 4765
2894, 5377
3879, 8944
7152, 8944
6109, 7152
6109, 9184
8719, 9184
8719, 9431
7657, 9184
5491, 7657
5491, 6602
6145, 6602
6145, 9459
4669, 7657
8364, 9459
6710, 9431
9184, 9404
9404, 9828
1666, 9828
5820, 9828
5820, 6552
3373, 9828
7048, 9184
4015, 7048
6580, 7623
7623, 7631
7631, 9563
864, 2493
6176, 7077
5202, 7077
5202, 7679
1600, 7679
6564, 6880
6880, 7056
3533, 7056
3336, 7056
1857, 3948
1857, 9714
2211, 9714
2211, 3624
2211, 4030
2275, 3624
2379, 4030
1060, 2379
2379, 9049
2379, 2495
2495, 9059
5166, 9049
5166, 8271
6064, 8271
6064, 7244
4537, 6064
4537, 6656
1885, 3624
1885, 8859
900, 8859
900, 1022
1022, 5541
7057, 8859
5871, 7057
1885, 9713
2841, 9713
5166, 8735
5223, 8735
7636, 8735
799, 5223
8307, 8663
3542, 4449
623, 3828
7993, 8941
6088, 7303
4158, 7044
1077, 6198
2283, 3230
257, 2283
2283, 8915
5847, 8915
2778, 9541
689, 2778
2778, 3654
3654, 8384
8384, 9183
4994, 9183
4994, 9053
7049, 9183
5802, 7049
81, 5802
81, 2319
4994, 5737
3413, 5737
3, 3413
3, 694
694, 6519
6519, 6700
2809, 8384
2809, 9749
2809, 4626
4247, 6700
817, 4345
4345, 4959
1978, 4345
1978, 9582
5787, 9188
8156, 9188
558, 8156
5552, 8156
5505, 5552
5505, 6277
6277, 8523
5084, 8523
3127, 6277
5310, 6277
5310, 7160
5310, 9726
9188, 9815
5310, 6269
1930, 6269
1641, 6269
56, 6269
1641, 3260
3127, 8980
1185, 8980
1930, 9696
8488, 9696
3568, 8488
5447, 9696
7160, 9222
2577, 9222
4927, 9222
4927, 7792
3682, 7792
4927, 9787
4699, 9787
5767, 7792
4297, 9222
2356, 4927
389, 4699
389, 8066
389, 698
3850, 5767
4297, 7655
390, 7655
2356, 9098
4968, 9098
2284, 5767
2834, 7792
2834, 6591
389, 6729
297, 6729
6729, 7136
4541, 9787
676, 4541
676, 7286
5558, 6277
5558, 5727
583, 9815
4413, 8111
6826, 7229
2065, 7229
232, 2065
2073, 8624
510, 4690
510, 4398
3081, 4120
4120, 4750
4164, 6695
1345, 2520
541, 2472
993, 9638
4988, 7700
848, 3935
848, 1205
1205, 3847
848, 4995
848, 9762
848, 6714
4453, 9762
4453, 8206
4453, 6641
2582, 6641
2582, 3985
3985, 5918
5918, 7803
3167, 3985
2582, 3269
907, 3269
907, 6089
3658, 6089
6089, 6346
1661, 4740
410, 543
5373, 9192
9192, 9269
6163, 9269
6163, 7201
7201, 9387
2855, 7201
1356, 9387
6163, 9320
1356, 7305
7305, 7797
2931, 7797
2931, 4823
7797, 9079
9079, 9220
2926, 9220
2926, 4369
1141, 4369
4369, 8680
3544, 8680
3544, 8544
7257, 8544
4369, 8734
9339, 9999
219, 7223
4700, 7223
4700, 6081
3596, 6081
3596, 9240
6475, 9240
4857, 9240
7223, 8753
4337, 8753
1560, 4337
1560, 8641
1560, 3633
1560, 6511
1208, 3596
4319, 6076
4517, 4809
3336, 8417
369, 8418
369, 3766
3565, 3766
2771, 3565
1256, 3565
2830, 6480
6197, 6480
6197, 8823
1723, 6035
7253, 9040
3755, 7242
2146, 5453
1856, 5453
1856, 3224
2470, 9627
2084, 3018
3648, 6351
5808, 7140
817, 8848
4263, 4699
4263, 5048
5048, 6113
5048, 9721
2425, 9721
5711, 8006
4612, 7642
7642, 7808
4841, 7642
4841, 5597
3343, 7642
814, 4271
814, 4431
814, 7090
814, 7512
7512, 8652
6773, 7090
3467, 6773
3467, 7444
6773, 9789
3005, 9789
3005, 9817
6983, 9789
1834, 9817
1834, 9918
4976, 9918
398, 9918
667, 3815
667, 4969
1341, 4969
1539, 4969
1318, 8950
90, 1318
90, 6716
90, 3751
90, 4987
3751, 9980
6770, 9757
5540, 9757
3804, 5540
5540, 8563
1767, 3804
2163, 9757
321, 7948
321, 3074
321, 7627
3324, 8261
8098, 9595
8155, 9595
9595, 9998
4586, 9998
265, 8155
265, 2071
2071, 4903
265, 687
4903, 9779
4903, 8883
8369, 9779
6188, 8369
3217, 6188
5982, 9503
3727, 7133
63, 592
63, 7021
3069, 8430
881, 3069
3069, 9135
5032, 9135
2246, 9135
4868, 5032
6804, 7774
1281, 7774
4881, 7554
6031, 8046
6031, 7360
4223, 6202
2760, 9901
121, 6408
530, 6408
5123, 8392
1035, 6391
4342, 6391
4342, 5323
4251, 5323
4251, 6444
1946, 6444
5832, 6444
3881, 5323
4251, 6651
6283, 6651
6283, 9352
7001, 9352
5116, 7001
2348, 5116
7001, 8284
301, 7001
301, 3814
301, 3715
3275, 8284
1864, 6283
5116, 6358
4183, 6358
1864, 6889
6889, 8412
1907, 8412
1907, 9518
5916, 8412
2712, 5916
3063, 6889
508, 3063
508, 2604
2604, 6215
2712, 4683
2604, 4735
513, 9518
513, 3923
513, 2069
1940, 7359
3871, 8197
1917, 9154
4496, 5625
4496, 8703
7274, 8703
7274, 8475
3932, 4611
4623, 7813
5779, 7813
4572, 5779
4572, 7373
7373, 7922
1528, 7922
6640, 9564
3904, 4441
3904, 3967
3904, 9573
8846, 9573
4981, 6522
1655, 6522
40, 1655
1552, 6522
1552, 9794
9707, 9794
4655, 9707
4655, 6897
40, 4930
2948, 6757
2948, 8385
528, 7076
7260, 9848
805, 8337
3554, 7689
1480, 1642
1642, 7638
9573, 9810
74, 6780
2638, 6313
2504, 6313
2504, 9037
2504, 8949
8397, 8949
6102, 8397
3709, 6102
6102, 8203
5423, 8203
3152, 8949
957, 4994
957, 1258
4836, 7241
4836, 5408
5408, 9812
4463, 9812
1529, 5389
2011, 5389
2011, 9102
2501, 9102
1138, 2501
1585, 2501
1585, 9667
3803, 4947
3803, 9874
5363, 9874
5363, 9617
2585, 5363
2585, 5064
1525, 2585
1525, 9180
8675, 9180
1492, 8675
4288, 7303
4288, 4498
4288, 9224
8646, 9224
4288, 6734
4498, 9715
3456, 5020
7303, 8925
5071, 8925
3812, 8925
1703, 5071
1703, 4931
1703, 8644
3539, 7532
1523, 3636
1523, 3946
3946, 7664
7664, 8840
7288, 7664
72, 8840
5985, 8015
6798, 9170
364, 1819
5824, 6660
3854, 6660
2771, 4181
4181, 5538
5538, 6280
673, 2105
2105, 2133
2442, 5617
1249, 3891
4936, 7779
4936, 9041
1733, 9041
1733, 6563
6563, 6608
1384, 6563
6608, 8689
3992, 6563
3992, 9368
8002, 9368
2227, 8002
7391, 9368
6763, 7391
424, 6763
424, 7897
6479, 7391
202, 6479
202, 9811
202, 5998
424, 2378
31, 3992
4622, 6276
2900, 4622
2900, 3031
286, 2900
286, 8321
286, 3543
2900, 3355
3355, 8627
2413, 8627
2413, 8872
5224, 8872
5224, 7643
2413, 4722
3176, 4722
3355, 7676
5769, 7676
3253, 9964
4207, 9964
2526, 8036
1279, 1671
1279, 7259
7259, 9255
9255, 9869
7452, 9869
1781, 9869
1781, 4383
1781, 6371
4113, 7452
4113, 8032
4383, 4571
1891, 4571
392, 4571
392, 1499
1499, 8991
5480, 7452
3763, 9869
5346, 6523
3884, 6523
604, 3100
884, 4590
884, 2781
2781, 4376
1651, 4376
705, 1651
705, 5305
705, 6938
2068, 6938
2068, 3513
705, 2232
983, 2232
935, 983
935, 9506
2781, 2783
4904, 5156
8542, 8553
5558, 9268
4019, 9268
2083, 4019
2083, 6312
593, 2083
2042, 2083
1211, 9268
593, 1034
1034, 7845
1696, 7845
470, 1034
470, 7237
4897, 7237
272, 4897
272, 7998
470, 5141
4439, 7998
4439, 4624
1034, 7629
901, 1034
421, 1034
267, 1034
267, 4006
4624, 6957
470, 4956
4956, 5672
1441, 5672
1441, 9160
3722, 9160
1467, 4956
1441, 8303
1280, 1467
1280, 2933
2933, 7871
6943, 7871
7871, 9930
5141, 6509
1034, 8058
4326, 8058
849, 4326
849, 7298
849, 6367
2933, 5578
244, 5672
244, 7491
5433, 7491
4109, 5433
7491, 7911
6687, 7911
807, 4006
683, 807
683, 3062
2720, 3062
1696, 6794
3635, 6794
1923, 7998
1923, 6242
3062, 5201
641, 5201
641, 3955
1550, 8303
1550, 3375
3375, 6857
6857, 9199
3097, 9199
6857, 8147
5733, 8147
1639, 3097
646, 1550
1235, 5733
833, 5733
290, 6509
290, 9838
8474, 9838
5860, 8474
5860, 7382
815, 7382
91, 5860
815, 6428
3424, 6428
91, 5349
3320, 5349
37, 3320
1203, 9838
5860, 6376
880, 6376
880, 8300
2816, 3320
2816, 4516
2816, 5988
7911, 7944
2037, 7944
2037, 3820
3630, 3820
692, 7944
692, 3116
1596, 2037
736, 1596
692, 9647
4137, 7972
7361, 8048
6422, 9266
388, 1624
344, 8997
1313, 8057
1313, 6713
127, 6713
127, 748
127, 3944
3944, 9906
2086, 4541
719, 2086
1714, 2086
1714, 6432
6060, 6432
2086, 8039
8039, 8970
70, 8039
711, 6060
404, 9783
9014, 9783
4457, 7846
653, 4457
5985, 7976
2731, 7976
2731, 3991
4168, 9842
4168, 5669
5669, 7022
7022, 8581
7022, 8185
796, 7022
796, 8136
796, 2003
1940, 2101
2101, 9562
2101, 8056
114, 8056
4550, 9562
114, 4813
2101, 5526
4501, 5526
4501, 6789
6789, 8424
4000, 6789
5526, 6445
5892, 6445
678, 5892
939, 7290
939, 5921
3623, 5921
3623, 6613
6117, 6613
939, 2147
2147, 4455
4332, 4455
4332, 8283
5987, 8283
2182, 8283
2182, 6470
6470, 9575
2182, 2823
2823, 5324
2147, 2828
1213, 6613
1213, 2634
5921, 9149
2147, 9793
2828, 7557
3623, 9955
7777, 9955
1901, 9955
1901, 2448
1795, 1901
656, 1795
4216, 9729
4216, 4684
3021, 3169
61, 1070
3008, 5071
3008, 8543
5906, 9668
289, 9693
289, 5269
289, 2544
2544, 5397
289, 989
2114, 5397
892, 2114
4185, 9343
2492, 6665
1200, 4189
5162, 9281
5920, 7732
4139, 5920
5484, 8956
1634, 1736
2747, 4327
4327, 8510
7378, 8139
7378, 8441
8441, 8552
8441, 9884
2200, 8552
1052, 8441
36, 8441
36, 1178
1178, 1372
1372, 5907
1178, 9132
1567, 6831
6682, 8815
6804, 9722
2963, 6323
101, 961
2755, 4097
616, 4097
3954, 5374
1759, 4734
5949, 6114
617, 5532
610, 7101
734, 5851
734, 2766
2766, 3415
3415, 6874
6874, 9333
3415, 5501
7031, 8140
2043, 8140
3957, 5460
5460, 8834
2709, 7899
7556, 9870
4519, 5990
500, 5310
9246, 9405
9405, 9702
1962, 9702
1962, 7913
4990, 9405
2366, 7290
1417, 2366
8496, 8908
1939, 8496
7903, 8496
1939, 8163
2010, 6084
6084, 9583
9067, 9583
7379, 9583
400, 7379
400, 3019
6084, 6274
4714, 6274
4714, 7517
4391, 7517
4440, 7379
4714, 5981
456, 4440
82, 456
82, 6132
5908, 6132
5908, 6137
6137, 8558
456, 4889
6137, 9091
1038, 9091
2353, 5908
1038, 8885
4528, 8885
4068, 6132
4068, 4986
4068, 4751
3460, 4751
456, 5902
4986, 5575
6085, 6137
6085, 8741
8377, 9067
4294, 8377
4294, 5211
7668, 9583
5537, 7668
4714, 5931
5931, 6271
1627, 9024
498, 9024
277, 498
9024, 9807
6179, 9807
4263, 8992
3011, 8992
3044, 8992
3044, 8214
2386, 5628
5628, 8340
5628, 7699
5627, 9549
1090, 8797
2847, 5321
6035, 6513
2184, 4696
4696, 5829
1586, 8172
4185, 9545
2215, 9545
2965, 9545
228, 8288
1826, 5414
5375, 5414
6185, 8605
2884, 6185
1812, 6185
1134, 1812
1134, 9392
1134, 3564
2884, 7874
6185, 6858
6858, 7525
3564, 6706
90, 441
2976, 9773
7314, 9921
9360, 9921
5331, 9921
529, 5331
8267, 8920
3083, 8255
6425, 9453
7874, 7921
7503, 7921
2196, 7921
162, 2196
162, 7018
4410, 7921
4190, 4410
2205, 4410
2032, 4067
65, 4067
65, 1646
1646, 3054
27, 3054
27, 359
27, 2886
2886, 8473
4484, 8473
1544, 4484
3443, 8473
587, 1544
1544, 3231
624, 3231
914, 2886
7105, 8473
587, 5868
4039, 7856
2547, 9339
2547, 5300
2547, 7375
7375, 8975
8975, 9259
3924, 9259
1499, 8657
8657, 8809
8809, 8919
8657, 9460
4589, 9460
5883, 9460
1124, 5883
1124, 1338
5178, 8591
673, 4303
5004, 6688
5004, 9157
5898, 9157
4171, 9157
217, 2384
948, 1388
948, 4329
4329, 5208
4340, 9044
406, 1662
6527, 7872
6527, 8135
1956, 4670
4670, 5654
529, 8661
4388, 8661
3221, 6637
1966, 7989
5254, 7448
2026, 7448
2278, 2327
2278, 6611
4290, 6611
2140, 4290
2267, 4593
4593, 6166
2284, 9953
2862, 6955
4885, 5896
890, 4885
2566, 4885
852, 2566
4011, 7323
1656, 4011
4011, 5936
2830, 6551
2922, 4231
6842, 8169
1659, 7288
988, 1659
179, 3525
473, 2530
1053, 2530
164, 1053
356, 7110
3229, 4028
3170, 3229
3229, 5684
436, 5684
2557, 5684
2557, 4893
2557, 3013
4893, 5399
2627, 3229
436, 6259
4505, 6259
811, 1993
811, 1491
1491, 5964
5964, 8796
2868, 9489
4650, 8666
134, 4528
134, 5026
206, 5026
685, 9573
685, 6343
1549, 1916
1769, 4461
2755, 3134
4845, 6181
6181, 9307
2298, 2823
1788, 2298
2298, 9740
602, 1238
3581, 9464
8780, 9464
3169, 9904
1461, 9904
5780, 9904
1461, 6575
3229, 3903
3903, 8714
591, 3903
3689, 7934
2527, 7596
1490, 7347
6251, 7347
452, 1260
252, 1260
252, 5045
5045, 6705
6705, 9190
2716, 8715
2471, 2716
2471, 7225
2716, 8732
2293, 8732
1247, 8732
1247, 2489
357, 1247
561, 2293
561, 6042
531, 6042
1247, 4826
871, 4826
2584, 8732
2363, 2584
2584, 7984
374, 7984
374, 655
655, 3869
374, 1019
1019, 4121
6111, 7984
655, 4050
4050, 4070
1489, 4070
871, 1215
1215, 6175
201, 3869
201, 5200
5200, 8227
201, 5825
7861, 8805
8496, 8670
1959, 7218
7687, 9760
2727, 9969
7320, 9969
4800, 9969
4800, 6827
4059, 6827
4059, 8527
3006, 4945
5744, 7347
5744, 7432
2162, 7432
2162, 3990
3990, 5270
1674, 5270
642, 5270
642, 6340
3121, 7915
908, 5872
908, 2752
908, 5556
5556, 5835
304, 5835
2297, 5556
2297, 5564
3655, 5564
1282, 2297
2297, 4983
4983, 6165
4983, 5797
4418, 5797
4418, 6525
1650, 6525
2962, 5797
5182, 6525
4983, 5013
5013, 7778
3692, 7778
3692, 7988
227, 7988
4494, 7778
227, 291
1118, 5013
405, 4494
291, 7628
6289, 7628
1253, 6289
1253, 7819
5013, 6950
867, 5556
867, 2639
691, 2639
2639, 3694
2639, 5057
5057, 5431
5431, 8720
5345, 5431
770, 5013
770, 4642
4642, 9774
770, 5047
5057, 6828
4671, 6828
4965, 6828
6828, 8109
2085, 8109
8109, 9656
5182, 9140
5336, 9140
2372, 5336
2169, 9140
2169, 9524
3205, 5013
3205, 5562
2372, 6941
6941, 9635
4110, 4642
4553, 4965
213, 5112
213, 1628
1628, 2750
2750, 9615
1628, 3920
2750, 6301
213, 7705
103, 7705
1401, 7437
995, 1401
1401, 9717
1921, 5867
5867, 9057
4862, 6293
1987, 4862
2180, 3633
2180, 5428
2180, 6991
1385, 6991
1385, 2751
1385, 3407
4618, 7664
4338, 4395
833, 2344
2344, 5332
5008, 5936
3097, 5252
819, 7571
819, 4970
76, 377
5146, 8533
2072, 8994
2977, 8994
1927, 8994
89, 7570
2115, 3114
2475, 9040
291, 1223
2239, 6187
2239, 2529
2529, 4551
2529, 8562
4244, 8562
2239, 7710
3701, 7710
554, 7710
554, 5351
4244, 8665
5078, 8506
922, 5078
45, 7204
3283, 9115
4489, 6314
2324, 4489
2324, 3785
3785, 6900
6309, 8797
1817, 3659
231, 1961
6821, 7809
5708, 6821
6146, 6771
2798, 7138
489, 2419
7830, 8925
7830, 9907
7982, 9907
1005, 4741
1005, 3617
2516, 3617
3617, 6298
4594, 9246
4594, 7461
2225, 4594
6999, 9364
2969, 6999
3902, 9549
1109, 3902
1109, 9416
19, 2093
19, 3832
6117, 6516
1278, 6516
6516, 9808
959, 8156
959, 8268
5912, 8268
4333, 5912
4333, 6596
2545, 4333
2393, 4333
165, 2393
8140, 9821
1595, 9821
299, 8137
299, 6329
3198, 7067
5050, 7067
526, 5050
526, 4514
4514, 5762
2644, 5762
4514, 7014
7014, 9326
4514, 6184
2866, 4371
1350, 4295
4132, 8015
3522, 9254
3522, 7941
6218, 8533
2903, 6218
2903, 6811
6218, 8101
936, 9836
936, 2104
2104, 6223
2787, 6223
2787, 9768
2811, 4542
2811, 7295
8537, 9538
3051, 7989
3051, 3372
3372, 9903
2286, 4471
4471, 6389
3379, 4471
4471, 6601
96, 6601
96, 2333
2016, 6389
2016, 5504
2016, 6636
2364, 8930
2364, 8928
1534, 2953
6977, 8168
6977, 8851
3409, 8851
3307, 7752
3156, 8790
234, 3156
2360, 6391
2360, 5841
5841, 9204
5841, 6698
1565, 5841
1565, 8691
1097, 5841
1097, 4775
1342, 4775
1342, 3457
3457, 9911
1565, 4663
782, 4663
782, 8468
1097, 5278
4663, 8981
3410, 5278
4426, 4775
420, 4501
420, 661
732, 8866
3149, 4479
4479, 9676
4479, 6506
4084, 5317
5317, 9286
9286, 9566
5785, 9566
1933, 5317
1785, 1933
4487, 5317
9286, 9365
5136, 9365
5136, 5818
2937, 9950
4435, 9352
3228, 8464
28, 3228
28, 992
992, 4379
5105, 9479
5105, 9607
2581, 5465
1147, 8236
5914, 8236
5449, 6141
3016, 6141
2827, 5439
2827, 3143
2827, 5653
5653, 7876
5653, 8794
230, 8053
230, 9314
2070, 9314
2070, 4177
2070, 4783
3586, 4302
1285, 3586
1285, 4140
541, 8128
8128, 9463
2824, 9463
1392, 2824
2258, 3575
2258, 7765
6939, 7541
2353, 2964
8578, 9614
2138, 6421
2138, 8853
185, 1328
1328, 7498
3322, 7498
1328, 6150
3302, 7498
1328, 8738
2062, 8738
3978, 7498
5771, 7498
2667, 5771
2667, 4341
4341, 5930
4341, 7141
1892, 3978
1892, 9280
1892, 8311
2998, 8132
2998, 5598
2673, 5598
2121, 2998
3069, 6224
3794, 6224
300, 3794
167, 3794
167, 6024
8157, 9821
3541, 8157
3235, 7877
7184, 9995
4511, 6063
2680, 8157
1689, 2680
2680, 7187
4394, 8141
2391, 8141
7407, 7934
4218, 7407
1302, 5435
3736, 5435
5435, 6005
4264, 5435
4264, 5011
5011, 7907
7907, 8499
3844, 5011
4538, 5011
4538, 9875
8025, 8499
2840, 6005
2248, 4906
2248, 5192
2573, 6029
6029, 7973
5198, 7973
4315, 6029
1935, 6029
5602, 7329
7023, 7108
7023, 9651
2110, 8854
2110, 3997
3558, 6644
5167, 7130
3114, 4102
4547, 6896
4547, 8642
5791, 8642
2891, 5791
2891, 3712
2891, 6540
1084, 6957
2121, 3274
3274, 6334
6334, 9411
3274, 9608
563, 6334
6253, 9411
1364, 1570
1570, 4322
600, 5584
5590, 8236
801, 4384
1920, 4384
45, 573
573, 8610
573, 9158
3032, 9158
667, 4421
1129, 4810
4810, 5038
5038, 5689
2310, 5689
2310, 3477
1881, 5038
1881, 3940
883, 2652
883, 7497
3645, 7497
7989, 8334
3165, 8328
9175, 9296
437, 2781
437, 9202
3401, 9202
3401, 9536
1705, 3401
1705, 4898
1705, 2735
4898, 6300
585, 6300
8341, 9536
3279, 9555
3049, 9555
3423, 9555
3004, 9555
1596, 9737
1577, 8132
1577, 3606
3099, 9820
8234, 9820
8017, 9820
2988, 9820
6236, 6851
690, 6236
982, 6236
982, 5647
5550, 5647
690, 6416
5225, 5647
4385, 5127
4963, 5127
3254, 4963
5127, 6867
1608, 7463
1322, 7463
6538, 9254
6071, 6538
2270, 6538
395, 6306
395, 8658
4651, 8484
8104, 8484
287, 4183
287, 7191
3460, 7727
2655, 7727
3308, 7727
3308, 5876
2967, 5876
505, 5876
505, 7529
505, 7715
4630, 7715
2967, 4818
505, 6927
5876, 8500
3139, 6927
2096, 3139
3139, 3386
3386, 7843
3386, 7580
7500, 7580
3605, 7552
2912, 5551
5551, 8184
6850, 8184
4304, 7022
1910, 4304
1910, 9978
1910, 8755
8083, 9978
8755, 9242
1611, 7711
2507, 9781
2237, 3798
2237, 6459
3101, 4355
3101, 9597
637, 9597
3101, 7081
3101, 4360
655, 6534
4976, 6430
322, 2872
322, 2839
2839, 5476
5476, 6104
1447, 5087
1788, 2960
2960, 3732
318, 6366
318, 6913
6913, 9450
245, 6913
318, 1062
4552, 6913
1794, 4346
4625, 6602
3686, 4625
5431, 6193
6193, 7377
202, 6148
6148, 8119
6834, 8119
4378, 7552
4867, 7826
5219, 7681
5219, 8052
3866, 7160
3968, 5640
2223, 7916
3769, 7916
5428, 5844
5844, 7462
4061, 6726
2707, 6726
2707, 3291
411, 7284
411, 1099
638, 1099
411, 9929
5362, 7046
2678, 9616
1977, 2678
351, 7454
136, 4438
2808, 4438
7834, 9553
3153, 9553
3153, 4406
3194, 9553
721, 7301
721, 3646
1125, 3646
1125, 6761
6761, 9864
6040, 9864
6040, 7537
4243, 7537
3965, 6040
3965, 6458
2714, 6458
2714, 3374
3374, 7706
6149, 7706
3374, 6837
3965, 8750
3646, 6342
4910, 6342
4891, 6837
4353, 4910
2935, 9003
2935, 7904
606, 7904
606, 8560
2935, 8512
8512, 9485
9485, 9956
955, 9976
2132, 6521
7221, 9943
6247, 9412
1884, 8535
3497, 9882
3654, 9551
437, 3665
3665, 4178
1520, 3665
4178, 6154
4178, 5542
1758, 6637
2120, 8638
7102, 7861
4275, 7102
3498, 4275
3498, 4317
3546, 4317
4192, 4317
7213, 9844
2029, 2250
2029, 7535
2029, 2695
2695, 2908
2908, 5242
2908, 8733
1681, 7842
1681, 6862
1556, 6862
1556, 3276
3276, 8704
8704, 9433
1954, 3785
1954, 4808
66, 4808
855, 7109
4321, 5449
3607, 6209
3072, 6209
4870, 9373
1915, 3352
3352, 9507
5183, 9507
3352, 6720
5329, 6720
2294, 6720
6720, 9805
5245, 9507
1310, 3352
1310, 8640
6819, 8640
2812, 6819
6819, 9605
6354, 9605
6819, 9552
1310, 5469
5928, 6354
991, 6354
8558, 9792
3151, 9792
8686, 9792
5974, 8686
5974, 8166
191, 8166
191, 2240
9758, 9792
2349, 5974
4742, 9758
3424, 5854
2188, 4704
686, 2188
686, 3914
6206, 9931
1478, 3623
1478, 6952
3342, 8431
3371, 3569
8758, 9586
5098, 9814
1343, 2857
2857, 8878
2857, 3014
1509, 3014
2857, 4801
5226, 8878
3090, 5226
3014, 9868
5110, 8878
5226, 9312
597, 3005
597, 6320
1325, 8027
6487, 8027
1142, 6487
728, 2204
2204, 3487
3487, 7786
6537, 9924
4152, 5092
4152, 5580
4525, 6769
1181, 7894
3035, 5852
7480, 9991
4492, 7480
4056, 4492
2410, 7480
3074, 4888
2965, 8309
6461, 8309
6461, 6908
9, 6461
6908, 9731
6461, 9557
6573, 9557
697, 3482
5353, 7236
6695, 9191
2394, 4531
2662, 5384
5384, 9711
7277, 9711
4923, 5384
4923, 7343
6524, 7343
1431, 6524
1431, 9227
1431, 9277
9002, 9277
2098, 9277
1291, 9002
1291, 2398
1291, 4725
2398, 5133
740, 2398
1291, 3378
3748, 9002
3458, 9227
3279, 5814
5229, 5814
5050, 8179
3543, 9267
2362, 2387
2744, 2895
5818, 6542
3348, 6542
3348, 7784
7093, 7784
6678, 7093
2314, 7784
6678, 8507
2858, 8507
7538, 7784
7348, 9480
7348, 9873
1513, 4332
1513, 9113
4060, 9113
4060, 7991
1513, 5923
4445, 9946
6414, 9946
3708, 9946
3684, 3708
1361, 8172
4615, 6444
5873, 5894
2792, 5873
3448, 4228
3764, 7178
2057, 7715
6904, 9603
2511, 5511
5511, 8487
8265, 8487
1722, 2635
1722, 3499
4850, 6670
5422, 8742
3877, 4398
4016, 8436
4016, 9025
9025, 9221
3587, 4828
7122, 7454
6679, 9077
3341, 9077
310, 4636
310, 2925
2531, 6552
2531, 7482
7203, 7482
7203, 8681
2920, 8681
2648, 2920
6334, 9302
3886, 7588
7090, 7281
7411, 8776
6674, 7411
6674, 6843
2018, 6897
2018, 9487
6557, 9487
3496, 6557
6557, 8160
8218, 9765
203, 403
4082, 7250
4082, 4472
3567, 4472
3567, 5513
222, 6981
3496, 5796
7009, 9828
2126, 9280
2166, 7122
2166, 5692
3973, 5692
271, 3973
3435, 5692
1880, 8955
7245, 7493
1184, 7661
1184, 5184
5184, 5328
5328, 5786
3908, 5786
1377, 5328
3908, 7755
7755, 9066
5917, 7829
4309, 7829
615, 4309
7829, 9618
3910, 9618
615, 3697
757, 4309
757, 5958
2509, 5958
1694, 4309
2736, 7450
2736, 6142
3504, 6631
7795, 8044
1751, 6410
3881, 6077
5713, 9868
2187, 2429
2187, 2287
3995, 4222
4940, 7139
4748, 7139
3725, 4748
3555, 3725
3725, 4276
3725, 4864
4109, 9006
808, 7980
7093, 7633
1772, 4345
1772, 6944
212, 9373
3982, 7971
8393, 8796
3075, 7695
1829, 7695
4596, 8586
6471, 9902
3947, 9902
693, 3947
643, 693
643, 2675
643, 8313
5650, 9902
1354, 7877
1354, 2986
2986, 3206
3206, 4659
5963, 6273
757, 6717
1340, 8153
7341, 9135
7341, 8304
5676, 7341
448, 5676
4554, 8209
5175, 8551
6873, 8063
2846, 8063
2846, 9957
5843, 9957
5305, 8717
4004, 5878
4004, 5882
5882, 7979
168, 5207
2850, 9836
2850, 4982
4982, 7806
6048, 7806
1790, 6048
2769, 4982
7806, 8492
1234, 7731
1413, 7731
1413, 7772
2190, 4926
4748, 5819
4739, 5819
7086, 8691
1092, 6918
4993, 7373
4993, 5978
2369, 4015
6178, 8494
1633, 8494
2411, 8494
1579, 1633
1684, 2411
1439, 1579
1439, 3082
3082, 7617
192, 7617
3082, 9509
1633, 6452
1471, 6452
2361, 9974
2135, 4665
2135, 9380
3919, 9380
7867, 9934
5636, 8066
751, 4657
9470, 9798
4705, 7028
7028, 7167
7167, 7205
7167, 8697
5826, 7167
5679, 7205
8041, 8697
6477, 8041
1922, 1932
2064, 8040
2064, 4952
2064, 8401
1227, 4952
1032, 3072
3976, 8437
2005, 9627
2005, 3936
3936, 8380
4469, 8200
5145, 6066
1928, 5145
2815, 5145
3981, 5526
322, 1652
177, 1652
1652, 2021
3741, 6405
6607, 7904
198, 3632
1468, 2048
1468, 7106
749, 4500
2933, 5979
1031, 3738
1376, 9785
3740, 9785
3740, 6044
329, 9785
3447, 4251
772, 9726
1269, 1380
7219, 9505
1658, 6029
1658, 2430
6774, 8613
3357, 8038
7351, 8038
4479, 5811
204, 5811
2298, 8399
158, 323
6133, 7622
5058, 8594
3071, 8594
3071, 4419
4419, 9168
8749, 9168
4419, 4627
4419, 8659
1649, 8749
8599, 9168
6331, 8599
4419, 7012
2278, 2402
2402, 4027
2592, 3883
3883, 7289
2099, 3883
2099, 9151
2099, 9367
3756, 9367
536, 2254
620, 4718
7760, 9517
5789, 6081
3482, 7326
1743, 8840
3707, 5853
1192, 3707
3707, 4462
4462, 6835
767, 5477
2729, 6722
1012, 7561
7561, 9127
5355, 9127
6914, 9127
698, 8386
7392, 8386
201, 3471
3471, 4214
4214, 5915
5915, 7004
1811, 5915
2640, 3471
3223, 7004
1811, 3213
1779, 9920
1511, 1779
1779, 7243
7243, 9662
2501, 6901
1770, 5727
1770, 2835
78, 2838
7464, 9755
6846, 9755
1601, 6846
1601, 1672
1672, 6558
9139, 9755
1522, 9139
444, 1522
7382, 8490
5222, 8248
8248, 9201
9201, 9447
6589, 8248
5095, 6589
7436, 9692
1069, 9160
2949, 6299
5210, 6299
2617, 6299
2617, 3801
3801, 5472
1210, 5472
9440, 9672
7299, 9672
6345, 7299
3065, 9633
1047, 1474
1047, 6103
4141, 6103
2364, 6093
6093, 9744
3402, 6093
1178, 7429
616, 2295
2295, 3495
2295, 8310
3495, 3570
3570, 6379
1198, 6379
6379, 9914
1198, 3773
3773, 7085
3773, 9340
3773, 5758
251, 5758
4674, 5758
3570, 4249
4249, 9837
1198, 6655
1198, 2503
2503, 7134
1366, 7134
1366, 7318
5971, 7318
1183, 7318
1183, 6333
6333, 9628
1183, 8229
7134, 7370
1845, 7370
6456, 8229
6456, 8037
6836, 8037
1597, 8229
1366, 5911
1410, 5911
1410, 4503
293, 4503
4503, 9867
293, 5464
293, 2725
1410, 3020
293, 3634
3020, 9342
1044, 4503
2101, 4876
859, 4876
859, 6788
2049, 6489
6645, 9379
5922, 6645
5922, 7801
5922, 7859
5479, 7859
3351, 5922
6682, 9004
3106, 9004
3106, 3180
1828, 3180
626, 4576
2892, 8611
2050, 2892
2704, 9319
2931, 8244
4527, 6623
3364, 4527
3915, 7040
7040, 7252
2546, 7252
7252, 9594
8131, 8562
731, 8915
1715, 6245
409, 6245
7001, 9663
4567, 8661
4567, 7453
4567, 9926
6010, 8920
5296, 9661
3663, 6613
3663, 5909
3148, 8851
3148, 8439
3076, 5324
3076, 3173
2110, 9036
7404, 9036
7404, 8062
8062, 9279
4830, 9279
4051, 4830
4051, 6621
9036, 9712
445, 9279
2472, 3451
3451, 9521
6147, 9521
6147, 8964
4533, 6147
4533, 6505
5034, 8964
3451, 3693
3693, 5613
2484, 5613
5034, 5438
9231, 9521
6985, 9231
6018, 6985
5334, 6018
4484, 6962
4846, 8635
4393, 4846
315, 4869
315, 7547
2959, 7547
2959, 7460
4361, 7460
4361, 8879
5599, 7460
2057, 8596
6279, 8596
3411, 6279
3411, 6136
4267, 6136
5691, 7318
965, 7495
2126, 2505
1652, 8493
1278, 9064
5121, 9064
2821, 5121
1021, 2787
2755, 2790
2943, 5154
5154, 7946
1957, 7946
3373, 6437
6437, 9657
5547, 9657
5547, 7036
2015, 5547
2015, 8060
2015, 7389
1159, 4533
8324, 8455
8455, 9963
2683, 4709
3070, 4709
3523, 3973
3523, 5764
3534, 6699
6091, 6699
2708, 6091
2154, 2335
2335, 5576
494, 3141
36, 4069
4069, 5929
3918, 4069
5849, 5929
5088, 5849
121, 5535
5855, 9078
3730, 6758
3730, 8933
3730, 7334
2643, 9858
799, 6450
6717, 6868
4932, 5528
9040, 9767
2259, 9767
2259, 2825
2825, 4664
4725, 8472
5050, 8886
650, 8886
3124, 7280
5746, 7280
4631, 7276
3186, 7045
3186, 4044
2399, 3186
2007, 2364
2007, 9851
1985, 2007
1985, 5925
764, 8060
764, 9588
4, 5350
4, 978
978, 2989
4, 3241
4, 7536
2226, 9578
4007, 4599
2167, 2526
3707, 4389
4389, 6009
1800, 6009
1173, 5823
1934, 8982
1934, 3865
44, 3865
44, 7560
517, 3865
517, 5568
5369, 6208
2713, 3103
3876, 8010
4913, 5209
917, 9462
4960, 8401
1300, 5939
5490, 6909
4921, 6909
6909, 9051
5508, 6713
838, 5508
838, 1583
1583, 2801
1394, 2801
1487, 2801
1583, 6618
1487, 6455
4621, 6455
3500, 5072
413, 5072
413, 1102
1102, 2219
413, 2017
5072, 6724
2490, 6823
6108, 6823
317, 6108
317, 9592
7805, 9592
6074, 7805
6074, 6677
574, 6074
793, 7805
793, 6936
793, 8966
380, 6677
380, 4116
354, 6823
2814, 2832
3204, 7533
1673, 8090
3067, 5454
431, 8581
4276, 9423
5298, 9423
5298, 7399
7399, 8965
5417, 7795
2210, 5417
5417, 6267
2210, 2651
2651, 5822
5822, 9666
4536, 9666
3628, 5822
2179, 3628
2179, 7896
1295, 2179
7896, 9229
5372, 9229
5372, 9871
5822, 6796
2014, 7064
4856, 9701
4856, 9029
1909, 9029
6478, 7853
826, 2729
826, 7807
4085, 9611
1657, 7619
3637, 7619
3637, 9585
3637, 4324
3637, 8078
4270, 6428
3044, 4782
1823, 7266
2031, 8861
1844, 2031
2031, 2390
1739, 2390
5118, 6804
5118, 8391
1759, 8344
5321, 8804
1724, 8804
7866, 8804
706, 7866
6102, 9219
8971, 9219
6992, 9219
6399, 8971
1216, 6399
6992, 9688
4721, 9688
4721, 5031
2046, 5031
8971, 9230
7670, 9688
6992, 7394
2046, 6372
6372, 8154
3289, 8154
1242, 8154
3369, 8154
3369, 5983
2758, 6992
6007, 8971
1149, 1450
1149, 2326
64, 2213
1303, 5370
1303, 9417
7900, 9417
2443, 2487
2519, 2793
2519, 5119
4100, 5119
5119, 8592
3301, 8592
3301, 3603
3603, 6169
605, 1142
605, 1416
1416, 6327
1755, 6327
1755, 4296
1430, 1755
4296, 7990
5319, 7539
4131, 8686
4131, 9645
3118, 9645
3971, 4107
3971, 6199
6199, 9136
3371, 6802
1867, 8630
6763, 9045
5487, 8978
545, 5487
5487, 8867
5153, 7326
5140, 5153
5140, 7747
5140, 9065
250, 5153
250, 7292
4390, 9148
7183, 8123
1395, 3963
1326, 3963
2191, 3189
3189, 9544
4668, 9544
1820, 4668
1820, 9291
2100, 9544
7308, 7701
3898, 7701
3898, 4833
6474, 8269
2966, 6474
5078, 9285
333, 9363
333, 1414
362, 1414
362, 2113
333, 4677
4075, 4677
154, 4075
154, 972
972, 2074
972, 7847
2113, 2564
333, 6650
1973, 6650
154, 5306
921, 2564
2500, 8209
5863, 9823
552, 9823
552, 6070
1162, 3105
1162, 2457
2457, 9152
1162, 3436
2770, 3436
9152, 9421
1162, 6423
6282, 6423
3935, 8771
2545, 9697
37, 8349
6256, 7302
1801, 7264
7051, 9949
6727, 7051
2693, 7051
1602, 7567
2214, 7567
7567, 9861
9861, 9977
7567, 7887
238, 5027
8264, 9433
6454, 7493
116, 1345
116, 3305
116, 5774
116, 9119
2383, 9119
5344, 9119
5344, 5519
1971, 9119
2383, 9985
2512, 2545
1910, 2956
5742, 8245
2257, 5301
999, 5570
1349, 2900
1892, 7185
5720, 7185
3520, 5720
3520, 5624
3308, 6221
8704, 9438
6402, 9438
1860, 6402
2518, 7068
1792, 4829
478, 6397
4539, 6397
4162, 4539
4162, 7468
4162, 5022
5022, 8710
8710, 9290
5022, 6265
9290, 9988
8934, 9988
7964, 9290
1503, 3597
3157, 8979
3157, 4172
3616, 4172
3157, 9960
942, 9960
942, 9005
942, 9143
5073, 9005
2073, 8180
4079, 8180
995, 2183
2041, 6309
2322, 4315
2322, 6779
902, 5051
1751, 2231
2231, 9388
4729, 9388
4729, 5063
4960, 7075
3775, 7075
7702, 8873
1112, 8880
1212, 8144
8144, 8398
8398, 8444
7438, 8398
3066, 8498
2169, 5357
5303, 5357
3414, 7955
165, 5772
365, 1547
365, 9278
365, 4454
6285, 9278
3351, 4957
1853, 4957
6663, 8990
1180, 1430
4710, 6080
3293, 7353
4272, 6166
4272, 5655
6938, 8995
1581, 8995
3800, 8995
4148, 9670
4563, 6733
9, 8573
7572, 8573
5368, 5814
7370, 8443
7924, 8443
6845, 7924
273, 442
1042, 9836
3948, 5943
5943, 6872
1327, 2684
1327, 3817
3817, 4036
362, 4330
4330, 8618
372, 6385
2072, 7212
5553, 7101
1532, 5553
5553, 6877
5014, 6877
4298, 6877
2070, 8103
484, 8543
4576, 9366
1776, 9366
7928, 8913
5739, 6848
2558, 4347
4316, 8480
2230, 8480
8435, 8480
5199, 8435
2230, 7078
4382, 7078
4382, 6234
2230, 8779
2195, 8779
2206, 9064
4126, 4920
4920, 5003
7251, 7974
611, 7974
832, 3314
604, 5054
1334, 6905
195, 6905
4219, 6160
3058, 6160
3466, 4922
387, 8094
8094, 8896
7232, 8896
4143, 6886
4143, 5666
4523, 6004
1375, 3019
1663, 3846
1462, 3846
1462, 8395
2149, 7454
1431, 3150
1498, 3150
1498, 2650
2127, 2650
915, 8847
1690, 3900
6505, 7644
3287, 6867
741, 1451
741, 4476
4476, 9965
4872, 9965
3556, 3627
4341, 6803
3559, 9942
9150, 9942
120, 9150
120, 7369
4198, 4333
4198, 9897
7421, 9897
4198, 5277
3792, 6932
3792, 7206
7798, 8858
401, 8858
6893, 7865
2170, 4484
2170, 3786
2450, 8928
480, 2450
684, 8393
7368, 7746
3300, 8712
1422, 4375
2982, 4375
4449, 9520
1460, 8748
1460, 6087
3575, 4912
126, 9183
126, 239
25, 126
25, 2636
1886, 2636
1886, 8889
239, 2559
1594, 3287
2316, 6428
40, 4617
388, 8087
8087, 8162
7516, 8087
4735, 8874
1232, 7919
1232, 4349
845, 6763
845, 9527
1916, 6762
5673, 6762
630, 5673
5563, 5673
5563, 6994
7826, 8877
5678, 7806
3489, 6634
987, 1140
3188, 5819
2366, 4644
3083, 5792
2261, 5175
3242, 4281
4281, 8450
2634, 7527
1307, 7527
1307, 4521
824, 3698
1741, 2983
8560, 8931
1824, 8931
7951, 8931
4048, 8931
4048, 7144
2681, 7144
3336, 5705
3199, 3366
4963, 7107
2703, 8555
670, 9232
5444, 9408
2657, 5894
2603, 2657
2657, 4306
4306, 8198
1127, 8198
2657, 8960
6547, 9208
5622, 8959
707, 5234
707, 1415
1794, 2301
2301, 2317
2062, 3887
6321, 8847
654, 7246
4776, 7246
1638, 6480
1638, 4842
5784, 9360
2093, 5661
5954, 8476
2807, 8476
7888, 8476
1872, 4964
4964, 9671
4623, 6775
6775, 6891
6891, 9377
2321, 9377
893, 6891
893, 5775
893, 3604
4559, 6891
6775, 8939
2046, 5450
2485, 5450
1629, 2134
4698, 5366
4698, 5307
912, 5307
912, 5130
912, 1116
1116, 5507
2939, 5507
1688, 2939
1688, 8963
912, 4253
4253, 5174
912, 7970
1812, 4815
4815, 6083
4919, 6083
4815, 7608
1445, 7608
1445, 7306
5847, 7317
398, 4736
779, 4736
779, 5877
3311, 4736
1667, 2922
628, 1667
1667, 9308
8096, 9308
1623, 5572
5420, 9772
7523, 9772
7523, 8754
7258, 8754
8272, 9295
2221, 7733
4639, 7733
1789, 2373
4728, 9123
2395, 4165
3888, 9234
3937, 9790
9425, 9811
8224, 9425
3330, 8177
3330, 7248
2485, 8899
917, 9251
332, 9251
226, 332
332, 7235
7235, 9087
332, 3666
8287, 8338
6872, 8033
2242, 5916
2242, 6672
6672, 9257
213, 2510
4772, 7438
945, 4772
878, 945
5418, 9784
277, 6394
5334, 5893
1584, 5893
1584, 5302
5302, 6870
2687, 6870
2687, 8394
3996, 6870
2228, 2687
2228, 7217
664, 5893
664, 7604
6627, 7885
24, 7439
7175, 7439
6654, 7439
4847, 6841
2909, 6343
862, 2909
448, 2642
9402, 9445
921, 3685
2549, 3685
2549, 6646
830, 2549
6503, 6646
6385, 7489
5649, 7489
4780, 6488
369, 1562
1217, 3398
3635, 9159
8173, 9159
8173, 8373
3681, 8373
7292, 7488
7195, 7269
3446, 7195
3334, 7406
563, 7164
6871, 8439
5597, 6639
4579, 7461
4183, 4884
364, 9407
3842, 7388
5154, 9313
9313, 9865
4120, 8125
4799, 5801
556, 4799
4799, 7088
422, 2450
422, 6241
3550, 6241
3550, 3827
3550, 8775
6584, 9260
3474, 6584
2481, 3474
1955, 2481
6543, 6584
4064, 8840
872, 4064
872, 4308
4308, 5545
4335, 5545
2428, 5545
3603, 6164
2021, 3527
1787, 7503
5012, 7257
3005, 9831
476, 9831
1337, 3405
1367, 8904
1298, 1367
2560, 5232
1790, 5603
7488, 7582
154, 6812
386, 5623
386, 5314
3208, 4367
4367, 6472
6472, 9525
6472, 9329
3958, 8025
3958, 9475
1421, 9475
1971, 8045
5878, 6536
5596, 7372
5838, 7372
3688, 6471
3598, 3688
1226, 3598
897, 3598
897, 8769
1423, 9840
4831, 9147
4831, 8031
4753, 4831
4891, 6615
3080, 6615
4130, 6615
5023, 7963
383, 5016
1505, 5900
1505, 3917
1505, 1803
1505, 7476
4687, 7476
481, 4687
4687, 4778
2938, 4778
1640, 4778
481, 7293
7293, 9203
3856, 9203
4984, 7293
5760, 9203
3506, 7476
1640, 3758
125, 3758
125, 4508
3758, 5626
4942, 5626
125, 7662
3506, 5554
671, 5554
671, 1348
5195, 5554
1348, 3750
2799, 4984
6200, 9203
481, 2282
1390, 2282
1390, 8687
2497, 7162
3811, 7162
4516, 5942
5754, 7716
5754, 8821
1294, 8821
1294, 8080
3010, 3382
3010, 4944
4944, 7757
1089, 4944
6011, 7757
3552, 7757
1254, 3552
1254, 6442
1254, 8580
2346, 4944
6034, 6442
5201, 5770
5852, 6878
3999, 9041
6683, 7748
1351, 7748
4206, 7748
1775, 8046
1775, 9413
1775, 9105
8723, 9105
3376, 4343
4343, 9660
1366, 7063
3338, 7063
6945, 7063
3905, 6945
1237, 5599
3046, 7783
5060, 6344
5060, 8067
4804, 8067
3055, 4804
1125, 5159
701, 4060
2743, 4241
5860, 9727
4914, 7689
7532, 9834
834, 9834
4667, 6527
2874, 4667
5848, 6739
5703, 9128
4354, 5703
1002, 4675
2117, 4675
502, 2117
1448, 4217
4217, 7641
2285, 4217
8345, 8591
3037, 3654
3381, 8412
2746, 6371
2364, 6574
1285, 7208
723, 7208
7626, 7753
6638, 9139
6638, 9997
5573, 8647
1802, 5573
594, 5573
1802, 5055
348, 5573
587, 1981
4905, 9480
4905, 4967
4967, 5378
8651, 9566
7015, 8651
7015, 8683
2776, 8683
6461, 7923
6220, 7923
7923, 8832
6955, 8115
8054, 8115
4374, 6828
1346, 1927
836, 1346
886, 1492
886, 8425
382, 3120
7492, 7816
4851, 7410
4851, 7449
4985, 7449
257, 1780
258, 1780
258, 5215
5215, 5304
5304, 6462
495, 6462
495, 7352
495, 6490
7352, 8164
4238, 6462
21, 4238
4238, 9197
5417, 7767
3796, 7515
933, 8117
933, 6854
3557, 6854
323, 8016
4553, 5380
5147, 5380
1425, 2563
2776, 9754
3125, 7798
2238, 3125
140, 2238
94, 2066
94, 2795
1375, 4299
4299, 4557
3382, 8984
3588, 8984
3588, 7592
3588, 8124
4235, 8124
8124, 8550
7202, 8550
7202, 9274
546, 4235
5557, 8550
5557, 6092
6530, 9274
4002, 9151
2219, 4201
4201, 4424
6879, 8767
5993, 8767
1082, 4885
1082, 7543
2167, 9075
2142, 5918
2142, 4949
2958, 7624
793, 6561
2255, 6561
3436, 5474
1372, 6721
1551, 6721
2985, 8312
3664, 7605
1323, 7335
1323, 4482
5855, 7478
4529, 7268
7283, 9335
6924, 7283
6801, 6924
6924, 9554
7163, 9554
3680, 7163
3680, 4199
3759, 4199
3068, 9400
4335, 8250
1362, 3642
1088, 6921
3862, 6866
7187, 8812
305, 8849
305, 2030
2543, 9974
1373, 7746
1373, 6903
7212, 9892
181, 5176
9237, 9604
3531, 9604
3531, 3882
3540, 4370
4814, 7064
150, 4814
545, 4208
2291, 6896
571, 2291
2268, 4006
2268, 8954
7216, 7536
5382, 6747
6562, 7751
1058, 8101
2848, 6105
2945, 7311
135, 7378
135, 6875
1189, 4862
1189, 5956
4773, 7501
4519, 5534
6345, 8034
1873, 5600
1299, 8332
1819, 2340
2607, 4675
121, 2552
1647, 2552
1647, 5111
2552, 6476
636, 6476
780, 6476
2552, 2902
2902, 6427
6427, 9217
3399, 9217
2341, 9217
3399, 7514
4924, 8486
2039, 5400
2002, 2516
2002, 9937
284, 1361
4367, 7518
5181, 7016
2387, 2860
2860, 3212
4896, 5465
1266, 8043
1538, 8571
1538, 2023
475, 1538
1538, 9214
560, 9214
2023, 5729
2305, 5729
4232, 4256
4232, 8901
5334, 6598
4608, 5238
985, 4782
1140, 2148
2148, 2608
2608, 3731
5570, 8366
4918, 8366
2063, 8366
2423, 6234
2423, 4607
7529, 8988
3699, 8988
640, 3699
640, 5869
4877, 5869
4409, 4692
1497, 4692
2412, 2499
6125, 7649
1894, 2988
5776, 8507
4130, 5253
5253, 8070
1508, 8070
3850, 5442
2757, 5442
5442, 9890
4117, 5442
2757, 3265
3187, 3265
5442, 8817
5442, 6364
4452, 8817
288, 4117
288, 9189
1569, 3144
1569, 6056
1569, 8479
1169, 9244
2435, 9244
6083, 7611
7611, 8726
4094, 4201
5866, 9441
9264, 9441
7906, 9264
5716, 7906
5715, 6057
1791, 6057
3353, 5856
2400, 9950
3986, 6408
1548, 5774
1548, 6760
6384, 6760
831, 9773
8775, 9825
1257, 9825
4392, 6647
1710, 6647
1710, 5403
2135, 9397
4053, 6329
3493, 8190
1091, 3546
1091, 1976
3055, 5258
979, 4191
4191, 8945
1083, 2551
2551, 8336
1135, 2551
2063, 2917
6994, 7398
5261, 7398
8948, 8967
1142, 5221
4182, 9318
4733, 5785
4115, 4733
4733, 5330
658, 8531
275, 658
275, 8235
2320, 8235
557, 2313
557, 8968
557, 9650
557, 2432
2432, 8762
8762, 9106
5497, 8762
2432, 7315
6907, 7315
5663, 6907
172, 2432
172, 3096
2753, 3096
240, 5663
5186, 8968
1626, 5186
1626, 2233
1626, 5430
5430, 7038
5409, 8197
1143, 5409
910, 6439
910, 5257
5257, 7578
6226, 7578
6661, 7578
6661, 9613
2595, 4521
7120, 8160
1452, 5159
4872, 6892
5512, 9256
5512, 5611
2122, 5611
1839, 5611
4292, 9457
4123, 6581
4123, 4506
771, 9300
565, 9300
196, 565
565, 8751
196, 8891
3441, 8891
3545, 4963
3545, 7153
4017, 7153
7153, 9636
4055, 9636
4055, 5448
1836, 4055
2748, 4017
2588, 2748
2588, 9186
3391, 9186
3391, 8009
1459, 4723
4723, 5722
4366, 7993
4366, 9899
1001, 5226
1001, 7703
1001, 7634
7634, 9565
6937, 9565
7703, 8405
3901, 9725
3901, 5247
5247, 7632
3931, 4496
2626, 3931
3554, 8570
3152, 7750
3003, 5405
3003, 8632
6128, 7540
8051, 8451
295, 4456
2745, 8898
3810, 6151
352, 9788
352, 4953
3109, 6169
7103, 9815
5, 89
1490, 3836
439, 8812
439, 3041
1782, 3041
3041, 3602
1706, 1782
3041, 5326
2102, 5326
2102, 8648
8629, 8648
3467, 7663
6034, 6360
381, 6360
4793, 6360
6849, 8575
8575, 9165
8028, 9165
5901, 6165
1302, 8819
1395, 1397
1397, 3385
1397, 4715
3055, 5648
3905, 4493
4493, 8089
3875, 8089
3875, 9699
6061, 8089
4433, 6061
4433, 6588
8708, 9330
1063, 7548
5429, 7548
2769, 8363
1496, 4016
894, 1496
2267, 7331
8369, 9534
234, 4310
4909, 8776
3088, 8241
5549, 6963
6377, 6963
6377, 9169
5694, 6377
6963, 7804
7804, 9179
266, 9747
266, 5845
3007, 5845
266, 5284
2715, 5284
266, 5579
3007, 3238
5284, 8816
1891, 9556
7478, 9361
5922, 7180
4485, 6032
7278, 8519
4407, 7996
4407, 9126
5272, 9126
4280, 8431
9476, 9658
2817, 9658
3397, 9658
685, 1383
8112, 9400
503, 1047
503, 696
696, 5805
696, 9742
9502, 9742
6127, 9502
4815, 7228
906, 5206
2863, 5578
2661, 8154
5119, 9125
2775, 8322
8322, 9639
7531, 8278
717, 8278
717, 3524
5151, 8557
3475, 4438
2596, 3475
5396, 7888
3561, 5396
1723, 7936
7936, 8572
2288, 4430
2730, 9199
2730, 4730
4414, 6731
2696, 8592
3532, 8970
1355, 7165
1558, 3831
175, 7146
440, 7146
5376, 8719
5376, 7007
6317, 7426
1958, 7806
39, 1958
39, 524
39, 5756
1958, 8806
1958, 4791
2916, 8806
2719, 2916
2719, 8114
4791, 8421
5756, 7173
7173, 7930
4678, 7930
2878, 4678
9305, 9430
6984, 9305
6984, 7159
6984, 7300
5714, 7300
5228, 5714
7300, 8238
2480, 3974
2480, 9250
6990, 9250
6990, 7272
1833, 2373
1833, 9735
1833, 9987
2729, 6152
3122, 4176
1263, 4176
4176, 4495
4495, 5086
2488, 8988
7194, 9244
853, 7194
62, 785
62, 1937
1291, 3218
8467, 9820
3310, 4541
3310, 8839
3268, 3540
586, 2156
528, 2397
552, 8636
2609, 5076
5076, 8716
2710, 8716
2009, 8716
797, 2009
7010, 7142
846, 7010
846, 3845
846, 3255
2455, 3255
934, 3255
934, 9093
4764, 9093
3848, 4764
5656, 6882
5976, 9434
669, 1451
3754, 7486
2026, 6424
6924, 6930
3383, 6249
3315, 6249
256, 3315
2645, 6249
8026, 8632
6888, 8026
3921, 6888
182, 6888
3921, 7387
6888, 9771
8390, 9771
6817, 9986
7462, 7995
3356, 5290
3356, 8158
335, 3854
2126, 7209
5053, 6289
3507, 5053
1133, 3507
268, 7944
268, 5391
1048, 5391
2343, 8238
3418, 6568
1669, 5043
475, 1442
1442, 9163
9163, 9623
1842, 9623
1024, 1842
1024, 3572
3572, 9303
8556, 9303
8556, 8745
3434, 8745
3434, 9896
6015, 9896
2727, 8097
4233, 8097
1371, 7219
1371, 2152
3890, 9561
1697, 9561
3630, 8402
1867, 6110
4013, 6110
4884, 9228
7698, 9509
702, 5037
702, 5828
806, 5337
5457, 6077
4255, 7235
1194, 4255
1194, 4762
4762, 9167
1524, 3568
1524, 4858
5804, 6789
5804, 5945
5455, 5945
5455, 7558
3030, 5945
2317, 2517
455, 7381
790, 7381
6946, 7381
790, 2433
790, 2583
2583, 4752
1902, 4752
919, 7038
2489, 6778
6707, 7858
5294, 6707
3607, 5506
1268, 9236
9236, 9843
1874, 8559
1233, 1874
609, 1874
4500, 5358
4597, 5358
5358, 5426
4597, 6341
5990, 8987
7396, 9184
981, 7396
5903, 6066
2054, 5903
6605, 9501
4203, 6605
962, 5064
6763, 6860
123, 1532
8414, 9168
2467, 7685
2615, 3052
538, 2615
4870, 7581
7581, 8133
8153, 9263
4031, 9263
4031, 6415
1548, 8674
8577, 8674
8674, 8768
799, 1574
4463, 5179
66, 3942
2186, 3942
3673, 3942
2570, 3942
8442, 9468
2441, 9468
2441, 8514
910, 5381
5499, 7302
5499, 7393
4143, 6512
92, 7916
8462, 9315
285, 9315
285, 8351
5082, 8351
8351, 9958
3340, 9958
7932, 9848
7310, 7932
2209, 6489
2890, 3644
1117, 8887
32, 3984
32, 4373
32, 4513
1136, 6822
2569, 6822
1826, 9970
4979, 9970
4979, 7011
4979, 9082
5846, 9082
8568, 9082
4979, 8299
7355, 8720
2671, 4963
4853, 5141
6766, 8455
1563, 6413
596, 6413
596, 6784
596, 1613
1613, 4351
6413, 8361
662, 1613
1645, 7366
58, 4533
58, 3243
674, 2793
674, 1043
4472, 5738
5094, 8402
5094, 7574
4474, 8646
5401, 6024
5401, 8739
895, 8739
821, 8216
1463, 4262
1463, 7403
5686, 9953
5686, 6795
3529, 5686
3529, 7224
1899, 9762
367, 1899
9248, 9836
9248, 9533
735, 9533
735, 8183
4252, 9248
1270, 4252
5941, 9533
414, 5941
414, 3370
414, 5473
5515, 5778
5515, 6555
6555, 8764
1391, 7704
7704, 8554
4781, 8554
5125, 6863
5125, 9349
792, 7354
792, 5724
739, 5724
792, 4785
4785, 5287
1735, 5724
1735, 6571
3054, 9383
6820, 9383
6820, 8814
8360, 8814
5969, 9470
4647, 9570
4647, 7017
1037, 4647
3486, 7017
3486, 5028
2923, 4647
2913, 3748
204, 2375
2375, 3346
2375, 6582
337, 6582
337, 3168
337, 1188
1188, 8237
1188, 7094
3776, 7244
4470, 6156
2301, 5489
272, 9610
2302, 9610
1403, 9610
1045, 2302
1076, 7628
1049, 4417
1049, 2171
2171, 7937
1049, 5080
5080, 9629
2131, 9629
1869, 2131
2131, 8698
487, 3361
4633, 7305
7515, 9625
1726, 4753
5021, 7591
5407, 7591
3201, 3648
1311, 3201
4099, 9415
3441, 6844
3480, 5284
1260, 7942
4955, 5621
1721, 4955
1301, 4955
2674, 5689
2674, 4293
1831, 1996
5946, 8426
4589, 5594
4614, 5594
7452, 9624
1983, 3852
2961, 6020
4770, 7594
2542, 4770
2542, 6559
4770, 9791
2315, 8405
2315, 6398
4733, 5690
5597, 8396
193, 2774
193, 2625
193, 1806
1806, 7186
469, 1335
2975, 5613
2944, 9531
2944, 3874
3874, 5387
2944, 4149
1428, 4149
2944, 9472
5387, 6307
1978, 4911
2654, 5507
2654, 8107
5642, 8176
3419, 4412
905, 1415
1669, 8653
2370, 4558
2370, 6392
6392, 9301
9301, 9723
7720, 9301
1919, 9301
619, 1919
1919, 8924
9723, 9888
2331, 4228
2331, 5018
3311, 4405
396, 5462
5100, 7849
6738, 7849
39, 4073
8023, 8886
1385, 6577
1286, 9695
210, 9401
9401, 9452
2047, 5961
5837, 9301
5184, 9070
2692, 7118
6911, 7727
2107, 2394
545, 9866
5250, 9866
5022, 7003
5968, 7003
55, 3479
2537, 3479
7380, 8711
6824, 8221
4545, 6796
5910, 6450
782, 2554
2286, 6099
8460, 9353
9353, 9827
3254, 3329
3589, 4606
3547, 4606
1603, 4739
1614, 6141
1432, 3857
1622, 2978
8035, 9249
412, 2604
412, 7287
336, 9699
7506, 7579
5844, 8833
1848, 7216
8159, 8221
3002, 3426
975, 4135
2269, 7761
201, 8064
5425, 8064
5425, 6800
6610, 8064
3788, 6610
7376, 8064
7376, 7568
1478, 3440
1032, 9532
9532, 9677
2357, 5172
4244, 8566
54, 5025
54, 8892
8841, 8892
1728, 8841
226, 9477
1175, 8974
7420, 8974
1140, 7873
5323, 5525
6257, 8913
4323, 6257
2160, 5787
8136, 8256
5593, 8256
980, 8360
7385, 9174
446, 8320
903, 8377
7502, 8234
812, 4684
748, 3733
8327, 9227
3843, 7457
316, 3154
316, 3425
316, 6291
3248, 3425
3929, 7305
3885, 5015
1071, 7218
1071, 7189
17, 2856
2856, 2952
2856, 4695
3880, 4695
7479, 9155
4868, 6045
3771, 9193
3133, 7102
1833, 9492
4653, 9493
444, 9351
5095, 8110
3631, 6976
2733, 7303
5005, 6687
5547, 7881
4434, 7881
3438, 7881
4434, 8207
2148, 8359
566, 6193
7950, 8311
5502, 7770
1913, 7022
4892, 5463
781, 5463
1905, 5463
1905, 6777
1905, 8645
6777, 8705
2950, 7476
5929, 7965
6288, 7635
4074, 7097
1637, 5258
1637, 1718
3110, 3130
3130, 5040
3216, 9721
2810, 3835
1382, 2238
379, 1382
1382, 4250
5241, 8362
340, 790
287, 9074
6617, 9074
1720, 9673
8780, 9590
940, 2695
759, 9068
532, 9068
6644, 6743
5734, 6895
1252, 7029
9495, 9635
7155, 9495
71, 7155
71, 2109
1605, 2109
145, 3947
2877, 8487
1344, 2877
1344, 4938
2877, 4629
3335, 4629
6436, 7193
3332, 6441
3332, 3442
3889, 9425
5682, 7164
3870, 5682
1393, 3870
8358, 8437
1686, 5146
882, 5917
1631, 4264
572, 1631
1679, 7708
1060, 2405
2405, 2767
7818, 9023
8501, 9023
1746, 8501
1589, 9023
4352, 8501
4352, 9375
1583, 8293
1747, 8051
3107, 6282
104, 4369
104, 8013
104, 9141
2723, 9141
6050, 8111
6050, 7868
1145, 7868
1145, 1734
1975, 1991
4322, 9915
1540, 3110
1540, 8802
1975, 9818
5031, 7467
4799, 9936
3779, 5343
108, 5564
3261, 5047
4969, 8292
2205, 9922
2459, 9922
2243, 2459
2459, 4966
4966, 9877
1108, 9877
1304, 2459
1768, 9877
434, 1304
4592, 8162
331, 7154
4883, 7154
963, 4883
963, 9252
7430, 9252
7126, 7430
4883, 8428
2995, 3382
2995, 9253
3611, 7874
3611, 5577
3265, 7345
4758, 5909
838, 7860
134, 9287
5443, 5902
53, 2276
6929, 9127
1711, 4819
3826, 8074
2082, 8074
639, 7623
639, 2368
1197, 6290
1175, 6920
1566, 6920
6659, 9654
5240, 6538
2706, 5240
1945, 2706
1945, 3264
1945, 6740
547, 3264
612, 1945
5135, 8230
208, 660
208, 5416
8319, 8600
6118, 6696
2773, 6118
8222, 9655
6676, 8637
2008, 6676
2006, 2839
1357, 6408
1357, 8113
2677, 9165
3400, 6782
26, 3400
6763, 8263
1220, 8812
254, 6648
254, 618
618, 8540
8540, 9577
618, 7740
97, 7740
97, 7616
254, 8763
4220, 8763
8763, 9270
4978, 7604
1691, 4978
1691, 9370
860, 1691
2618, 3188
7073, 7371
2536, 5635
2087, 6506
4727, 7149
6011, 6482
3040, 5410
5811, 8445
2691, 8103
9355, 9573
6997, 9355
5024, 6800
5815, 6957
5815, 6065
1531, 5178
4480, 6290
3710, 4480
3710, 6719
3372, 5360
5360, 8778
3813, 8778
5653, 6356
8692, 9750
8186, 9750
1557, 9814
3391, 8151
8151, 9535
5152, 5321
5442, 9971
4427, 5728
584, 4427
2816, 6532
6532, 8756
98, 4359
98, 8655
3673, 7157
1420, 4156
8704, 9951
609, 703
990, 4269
242, 8727
610, 6294
6294, 6923
1682, 6923
786, 3732
704, 1366
1335, 6231
4265, 8619
548, 4265
2090, 7128
1638, 9846
1494, 9060
1494, 7838
1494, 2641
5651, 6917
6712, 8680
688, 6712
7860, 9889
877, 8624
1118, 3717
3717, 5237
7147, 8360
4486, 7147
3309, 4486
4490, 9407
1757, 5886
1122, 4628
3511, 4628
1237, 5809
6247, 9394
3091, 9394
1172, 4900
5259, 9017
1545, 3620
1455, 6502
7879, 7988
2780, 7879
7879, 9406
186, 9406
186, 6168
1483, 6168
2043, 4282
856, 4282
5335, 7521
854, 2726
1107, 7169
1936, 7195
3881, 9233
6442, 7882
976, 7923
59, 5729
59, 2159
2159, 9606
59, 9393
59, 5991
5991, 6746
2717, 9393
3501, 9393
5429, 6972
570, 4431
570, 9962
5103, 5483
5117, 6030
827, 7365
2737, 5738
7145, 8236
4293, 8773
367, 9893
7435, 9893
1386, 9275
6161, 6741
4461, 8914
8297, 8914
8297, 8465
2241, 8465
3505, 7942
5019, 5734
4859, 5019
3412, 5655
3412, 4169
761, 9647
6426, 6553
2034, 4083
5705, 9046
3626, 9046
4353, 7613
1405, 7613
35, 8110
35, 1078
1078, 3781
3869, 6054
7125, 8376
4139, 7052
3140, 5697
5890, 6728
5890, 9579
2382, 2673
3903, 5862
5862, 8470
825, 2476
331, 8855
1888, 2307
6148, 7836
6453, 7885
606, 923
1805, 5447
4074, 8285
8285, 9797
7473, 7863
7863, 8761
724, 8761
6192, 7863
753, 2079
3975, 4548
2136, 4548
1863, 2136
1075, 1863
1075, 1264
2136, 5445
1863, 3452
5700, 7174
3723, 5700
829, 3723
5700, 7117
3723, 4096
4476, 6337
3934, 6337
2034, 8095
2247, 4038
4038, 6019
2843, 5410
2843, 3979
1061, 3210
3210, 4147
3210, 5608
3210, 9000
432, 7292
5129, 8566
6860, 7267
6409, 7267
6951, 7267
3857, 5699
1837, 3629
925, 3629
3629, 4350
8429, 8467
982, 9947
7788, 9947
8170, 9947
1066, 3659
3284, 4537
3284, 6352
3017, 9458
3017, 4188
95, 2134
2453, 5353
6604, 9045
6604, 7256
2636, 7507
2216, 4862
605, 4749
4749, 5392
1778, 2452
5373, 7742
2721, 4660
456, 2431
946, 2431
946, 3960
3960, 5696
3960, 5285
3667, 3960
2852, 3667
3955, 9031
7127, 9031
839, 7127
9031, 9317
5266, 9031
616, 8195
8195, 9634
5122, 9634
2388, 9941
617, 2422
1659, 3535
3174, 3535
3174, 6448
6448, 9435
49, 3535
49, 7811
5610, 7811
5610, 7966
202, 9284
9284, 9548
1424, 9284
1424, 8929
6480, 6998
1158, 6998
4629, 7658
2631, 8880
6239, 9266
1637, 3926
261, 9649
1500, 4097
1500, 9153
1500, 2355
1632, 9153
762, 1632
2358, 9190
6451, 9999
1277, 4376
2660, 7848
6765, 7848
3222, 3871
5998, 8760
4698, 5755
1808, 7074
844, 2739
2739, 4089
2739, 8189
4089, 8294
2739, 9226
640, 7775
7485, 7775
2175, 8565
712, 1788
3591, 9176
2494, 2853
2853, 9334
1762, 9009
3036, 4354
3036, 5281
1571, 5281
3240, 5254
682, 9216
682, 6622
4886, 7116
4295, 6838
5356, 9995
4598, 5356
4598, 7019
220, 7019
795, 5356
795, 5393
360, 5393
360, 5452
5452, 9427
5452, 6014
1804, 6014
5070, 6014
5070, 9137
8549, 9427
4835, 6424
4464, 4835
3371, 8279
2005, 9581
6305, 8790
9104, 9259
1969, 5804
15, 7953
5144, 8766
4003, 9671
2041, 5970
1774, 5970
3454, 3970
1693, 3704
176, 1693
3672, 8204
3245, 5796
3245, 3863
1379, 9157
1144, 8572
52, 6953
2897, 3337
7483, 8696
1024, 2365
3479, 4432
2075, 5691
1255, 2075
1051, 1403
97, 6272
142, 8303
2359, 2844
1484, 6685
3650, 7458
7772, 9764
4136, 6192
8273, 9542
3135, 9668
2764, 3135
820, 4556
2928, 5407
1852, 6223
1852, 7499
5655, 8030
7741, 8030
3194, 6948
6620, 6624
3661, 6624
3661, 5992
296, 8009
3269, 6864
1675, 3791
3791, 7992
4119, 8498
5163, 6201
2926, 9759
5895, 9759
366, 6947
6106, 7120
6106, 8118
1425, 3207
1015, 1673
1995, 8841
1305, 9256
1305, 9292
632, 4849
632, 6919
6919, 8772
2611, 5764
7723, 8757
806, 8201
2693, 2718
1423, 6055
6055, 6961
1352, 5262
1352, 3509
143, 3509
143, 7199
7199, 9571
8576, 9571
5238, 8406
6979, 8406
4422, 6979
5046, 6979
5046, 9683
6120, 9989
6809, 7231
5378, 5743
1542, 3618
794, 1542
582, 794
582, 7785
6764, 7785
4090, 5727
1012, 2178
3528, 5275
2797, 5370
909, 3820
909, 2732
2732, 9883
2343, 9498
2094, 4313
563, 6971
969, 6971
6365, 6971
969, 8947
6353, 8947
2579, 8947
2139, 2579
2579, 6545
6545, 9298
2572, 9298
5359, 6353
4281, 4362
1533, 4362
2288, 8375
3288, 8375
4685, 6371
4277, 4685
4277, 8042
8042, 9390
2421, 9390
2421, 7544
235, 9390
765, 7121
6012, 7121
2281, 3878
5611, 7150
521, 3749
443, 3749
2605, 2830
1725, 4407
2623, 6485
2623, 6196
1201, 5446
4157, 7791
4157, 9239
407, 5542
407, 9678
2223, 4754
927, 9002
927, 9803
2265, 9545
2865, 5307
7505, 7961
1912, 8624
4990, 5320
5320, 7812
382, 6003
3172, 7498
8387, 8633
2077, 9715
2077, 3278
3278, 3368
3278, 4999
6099, 9734
6069, 9734
1196, 3536
2266, 6692
1867, 7089
5313, 9330
4672, 7898
4672, 9515
4672, 7534
4672, 5994
9010, 9558
1332, 9558
4795, 8308
7075, 7397
371, 4961
3783, 6046
2280, 6224
3808, 8105
6703, 9485
7548, 7920
2996, 4819
2996, 3825
3825, 6347
4022, 6479
334, 9820
2005, 7618
4096, 4133
6572, 8628
2538, 7921
7163, 7606
3243, 5510
4707, 9710
4045, 4707
6624, 9200
507, 9200
3538, 9200
85, 3538
3054, 7282
5411, 7282
6383, 7282
3849, 6620
3849, 7247
3491, 9944
1146, 9944
3821, 4305
4591, 7398
4591, 9589
2898, 8126
2898, 2997
2997, 5523
8079, 8776
2921, 8079
2921, 3094
2921, 4701
2921, 4613
3234, 6868
6041, 6900
661, 1572
1572, 3653
264, 2270
5223, 6628
7571, 9346
3424, 4081
3131, 4081
3993, 4104
3993, 9121
2879, 3993
2396, 5291
5195, 9019
5939, 8737
1364, 4580
1300, 8669
3294, 8669
1988, 2426
1170, 2426
3089, 6028
3537, 6035
3537, 5475
7168, 7750
7191, 8463
2415, 6617
9369, 9889
372, 2826
1942, 5443
2812, 2822
2822, 7456
4014, 8876
5380, 8000
8000, 9092
2881, 6433
2740, 3238
575, 2740
2300, 2416
2913, 9609
2076, 9609
446, 1248
188, 1248
2952, 9414
1964, 6951
5047, 6189
7695, 9276
3474, 4397
4397, 8890
4397, 5794
5810, 6984
2991, 5810
5810, 9399
1541, 2991
956, 7705
4141, 4894
3350, 8584
952, 6473
7914, 8785
2161, 4159
885, 4159
1272, 3181
3181, 4260
4789, 8047
798, 2151
798, 8481
4561, 8481
4561, 8951
2845, 9307
777, 3984
8643, 8743
1231, 8743
1130, 4847
2349, 9761
3660, 4213
4779, 6501
2947, 5864
3392, 8010
4687, 5944
2339, 4862
2339, 4746
158, 5371
5371, 9728
580, 5371
6431, 8916
2132, 4163
3093, 4163
5533, 7343
9117, 9564
2176, 5169
378, 1460
5253, 6380
8511, 8523
686, 5630
5030, 5445
3056, 5030
8001, 8606
3376, 3408
2798, 2907
3560, 6290
3340, 8346
8091, 8346
5041, 7583
6675, 8226
2925, 3272
3111, 3272
3111, 9659
211, 4108
211, 5509
3300, 8413
7935, 8413
6124, 8413
1567, 3064
1889, 5598
1440, 1889
1440, 8909
1143, 2957
303, 3253
4727, 5364
5364, 8065
8065, 8634
8634, 9910
5372, 8907
4041, 8907
4041, 4648
892, 6865
1580, 9218
4439, 9504
6799, 9494
7104, 8539
5406, 9423
7739, 9787
3177, 9539
1746, 5807
663, 4649
3801, 5632
4855, 6965
1546, 5051
368, 7287
599, 1066
2271, 7871
977, 8540
5937, 6628
5937, 7957
1844, 8202
603, 4352
603, 3943
3943, 4024
3619, 4024
170, 3619
4148, 5333
171, 5833
2065, 7756
1896, 5715
2999, 8665
2999, 5582
5582, 7671
1370, 2444
2067, 7052
2067, 8433
4488, 8433
400, 8121
5470, 8367
4284, 8367
129, 7488
4647, 6326
5805, 7869
9375, 9674
5810, 6348
105, 6348
105, 4584
105, 7408
3597, 4834
742, 5689
742, 3657
790, 7006
8715, 8938
4367, 5731
5731, 9593
5731, 8228
2088, 5731
1490, 1636
3166, 3179
3166, 8770
581, 8474
1656, 8679
8055, 8679
2910, 6789
2910, 4195
2910, 9679
6745, 9466
4517, 6229
9384, 9800
4674, 8525
2624, 8525
1810, 2624
1810, 3745
2624, 6593
6648, 8143
3037, 6566
6566, 8415
758, 8415
758, 6243
3327, 9863
5929, 9211
7743, 9211
566, 4057
1259, 4057
2364, 8085
2710, 5160
5160, 7459
4314, 9559
8648, 9332
2553, 3383
2553, 2889
1849, 2553
1565, 5158
5158, 9358
3053, 5109
5109, 6791
1709, 9186
1709, 7238
2036, 7238
2059, 9660
2059, 3799
2803, 3799
288, 6616
7333, 9389
5292, 9389
2273, 5712
1271, 3805
5999, 7771
1871, 7771
3943, 8291
1108, 7020
2681, 3377
4555, 5585
1807, 7368
33, 1938
214, 3822
2198, 6587
5667, 6587
649, 5390
5390, 6960
479, 5390
479, 9891
7384, 8251
4572, 7170
7170, 9114
2954, 9114
6690, 7170
6631, 9876
6140, 9876
818, 6140
3720, 4543
5836, 6906
8695, 9707
1732, 2710
1681, 3938
715, 1985
3930, 9458
6798, 9293
4494, 4871
2106, 4871
361, 1804
361, 7034
3227, 6696
7419, 8282
7419, 9289
3956, 4177
1033, 3248
1033, 5659
997, 4136
585, 1167
4132, 7179
2367, 6421
1460, 6359
6359, 9116
6359, 8825
308, 3456
308, 5865
703, 7041
2888, 7041
1902, 8860
2124, 8860
4411, 5667
4411, 8454
4411, 7519
6446, 7519
4509, 9511
2112, 8717
2112, 8952
4579, 5919
2583, 5106
4009, 8100
1317, 3023
1543, 8546
3189, 8969
406, 3306
3306, 5009
1156, 6348
1156, 3770
515, 3770
515, 9746
4984, 6565
6565, 7316
240, 9576
4167, 8122
1358, 3295
1358, 1517
77, 6608
2204, 2580
622, 1884
4141, 8407
2743, 9859
7504, 9859
7504, 7909
474, 7909
5997, 9859
5933, 7901
568, 8094
568, 9331
2612, 9293
6467, 7927
836, 8012
5803, 8012
4197, 5803
4197, 5466
2845, 7577
4852, 7498
4852, 9895
1219, 9895
1219, 9381
584, 3566
3566, 5273
2264, 3566
2264, 7781
2197, 7781
358, 6205
6205, 9966
6322, 8274
4114, 8274
4114, 8491
4114, 8736
2738, 8736
5967, 9289
3251, 5663
3083, 7390
6086, 6871
4095, 7391
2589, 4095
2589, 5458
967, 2343
3517, 6481
1851, 3517
4122, 5676
4236, 6090
3278, 8608
4224, 8608
2754, 3591
1475, 6399
2482, 6466
3428, 8878
3428, 9172
1934, 8461
7895, 8461
5702, 9438
5702, 9424
2033, 5702
6214, 7712
8958, 9519
3774, 5833
4037, 9346
118, 6627
4788, 5102
150, 7559
7559, 9540
396, 6393
949, 6393
3216, 6510
2927, 3707
5566, 8186
3060, 4350
8004, 8500
8004, 9935
546, 2045
416, 2045
2045, 2155
788, 5537
6896, 9043
3962, 5578
3354, 8339
4261, 5472
1030, 9767
1030, 8419
6852, 8419
504, 6306
3406, 9397
1460, 6144
3498, 6073
1106, 4522
2319, 9112
5681, 7607
1982, 2673
5646, 7068
2513, 8421
730, 9396
730, 828
2059, 7342
4448, 7697
7697, 8811
4087, 7279
3701, 7585
4060, 6776
1402, 6776
1402, 7446
2105, 5948
494, 842
6339, 6647
2893, 6339
2843, 9994
6120, 8404
3184, 4306
3610, 9618
3610, 7790
3610, 9833
3521, 9833
3521, 8620
2760, 7309
5670, 7309
8827, 9122
465, 1562
2405, 4763
6709, 8993
38, 9015
38, 5861
5188, 7467
5188, 6989
1635, 3172
6693, 6987
130, 5162
66, 9550
115, 8466
3780, 8567
2418, 6055
2418, 2971
6972, 8824
2639, 3163
3163, 4686
1264, 3705
1250, 9853
306, 2528
4225, 8725
234, 3015
2754, 8243
672, 8243
672, 5763
672, 3145
22, 3145
7824, 8711
3964, 7824
2224, 7824
3906, 9999
5276, 8977
5276, 8900
138, 2998
3819, 8115
383, 6255
5251, 7101
1714, 2697
607, 1489
823, 3248
1166, 2056
4179, 6298
1915, 8019
3658, 7442
4848, 7442
2012, 4848
2012, 5618
4731, 8836
699, 7589
2917, 8656
4766, 6961
274, 4766
274, 937
5445, 6898
71, 3911
2785, 8228
2785, 5657
6105, 7831
5539, 7831
7124, 9039
3526, 9039
1722, 8569
3739, 8569
857, 3739
1010, 9787
1905, 6535
4737, 6270
9513, 9593
1683, 9513
3005, 8623
2885, 5865
2885, 7321
4890, 7321
783, 7002
864, 6541
7302, 9940
3789, 9940
745, 874
2417, 8776
376, 6728
292, 376
292, 4997
376, 746
746, 6419
6107, 6419
996, 6419
3164, 4528
3558, 8588
148, 6340
1110, 9954
2671, 8188
1890, 9991
6629, 7325
4325, 7325
8927, 9527
668, 6907
8295, 9703
1297, 6557
3150, 6101
2536, 4929
5296, 9085
553, 3726
3726, 4364
7416, 7541
3077, 7416
2971, 7566
486, 7566
5347, 6582
7196, 7918
7918, 8161
2882, 7918
2409, 8350
2409, 9018
5952, 6122
5293, 5745
1163, 5293
1163, 7423
966, 7018
918, 1330
3209, 6634
2483, 2570
3440, 7383
4408, 8461
207, 6402
5138, 6054
5688, 9519
3807, 5688
3807, 4838
1977, 9898
7562, 9898
1816, 8461
1729, 1816
1729, 7696
2682, 6531
2535, 8606
888, 7020
499, 7666
7827, 8058
7736, 7827
4946, 7827
3494, 7736
3494, 4786
4786, 9026
2646, 8898
1760, 6984
7553, 7789
7791, 8449
6623, 8604
8260, 8604
6174, 9848
352, 1427
2304, 4547
2202, 6064
7714, 7928
1360, 6813
2145, 5232
4683, 5503
340, 5960
506, 5960
506, 2699
2207, 2699
7582, 8545
3974, 9830
2095, 9830
28, 4086
6062, 7484
497, 7111
4193, 7144
6864, 9437
2058, 9772
804, 9191
62, 9206
2201, 3770
198, 4716
2996, 3760
3760, 8863
3760, 5132
6222, 8863
4720, 6222
813, 4751
2070, 5338
7099, 7342
1014, 5042
3197, 5042
7545, 8728
1120, 4273
1419, 9147
426, 4830
426, 8257
1296, 9350
1970, 9350
1970, 6096
6096, 6940
6940, 7285
4950, 8585
1604, 8585
1989, 2998
342, 4406
6151, 8517
6067, 8517
2567, 6067
1481, 8150
8150, 9451
149, 9451
8150, 9142
3862, 6514
3128, 6514
1119, 6514
4530, 4866
2486, 2957
2486, 3328
109, 3023
1728, 5885
4569, 4796
4025, 8540
7070, 8800
3453, 6949
1196, 9698
6661, 9887
4518, 6316
2340, 9894
4255, 4524
1913, 2676
1782, 1965
3113, 7009
847, 9417
2131, 8593
5115, 9748
1432, 1493
805, 7166
1878, 2369
4645, 7197
4690, 8129
2973, 8129
2973, 8246
7686, 9935
4655, 9021
331, 3595
3595, 4268
3595, 9719
3595, 7737
6239, 6793
3489, 9076
5996, 9076
923, 3025
1247, 4010
5369, 6460
65, 5177
3548, 5467
2427, 9783
2427, 8410
8410, 9569
488, 9657
4691, 7616
3262, 7310
6334, 6751
4109, 7158
1930, 4423
2385, 4423
4874, 5384
1290, 2721
5829, 9325
2352, 3925
4467, 6885
537, 1630
8165, 8366
766, 2724
7652, 9235
357, 5157
4711, 5105
4253, 9187
3079, 5087
187, 5413
974, 9527
3593, 7440
2289, 7440
1053, 8148
5560, 9135
3115, 4012
4554, 8921
5412, 8921
5759, 5824
41, 2721
41, 6411
5616, 6411
1516, 2696
6602, 9109
3070, 4520
6112, 9045
7037, 7701
7037, 9491
2466, 8960
2466, 3950
3280, 7309
144, 4450
4797, 5895
1831, 7207
1497, 9084
8789, 9084
5815, 6250
1007, 6250
2694, 3983
1588, 2694
1588, 4334
4334, 5947
454, 2286
2251, 2678
61, 2111
99, 2348
2744, 8828
562, 9349
4044, 6781
6781, 9932
7691, 9932
2475, 2794
2451, 7744
3463, 7679
3463, 8348
1067, 6300
5937, 8381
492, 8381
1476, 7206
1168, 2020
1168, 7000
6375, 8356
3663, 6191
3677, 8976
932, 3677
932, 8843
1216, 6792
498, 5164
5361, 6620
3691, 4983
1843, 3691
1843, 8252
7434, 8252
6407, 8252
5451, 7434
1773, 5451
2630, 3028
2306, 4935
5695, 7967
3933, 7430
843, 6929
5820, 8440
6079, 8440
2686, 4220
3134, 7968
3574, 8492
1840, 4821
6982, 7719
5968, 6155
5049, 5849
2967, 3894
6550, 7500
6499, 6550
1523, 8505
5530, 7707
7330, 7707
5329, 9682
3797, 9682
1782, 1868
4429, 5309
8266, 9460
5056, 8266
1554, 4738
5798, 9221
2590, 9054
5658, 6114
2883, 8888
2332, 8888
272, 8870
4415, 5970
2807, 5955
5955, 8329
873, 8329
752, 3395
8002, 9178
3838, 9178
2360, 3061
229, 820
1893, 2526
6291, 7870
1470, 2629
4579, 6058
6058, 9310
6815, 9310
3728, 4566
1730, 5408
311, 7831
423, 5556
423, 4708
3000, 6777
7584, 9085
1745, 7749
7691, 8865
4187, 8865
2272, 7556
6240, 9153
249, 6240
4331, 8836
4040, 6540
122, 4124
2336, 5804
1666, 9327
1998, 9327
1998, 3757
851, 9804
5212, 9804
6099, 7977
2189, 8666
3454, 7349
7349, 8985
5514, 7017
1288, 5514
5124, 9631
1766, 2319
998, 6986
1055, 6155
1963, 7322
1963, 9939
6228, 9939
5938, 6390
1718, 6362
3026, 4790
199, 4155
199, 2218
2941, 3978
2990, 8924
3290, 7366
6232, 8824
1876, 4508
1876, 8875
866, 8932
468, 5550
468, 9304
9304, 9409
1066, 6438
3064, 8059
2020, 7610
1179, 5137
3772, 9373
3772, 7065
6169, 8416
1059, 1820
6305, 8729
1329, 2958
1039, 3760
4080, 6430
4080, 5601
1267, 1538
4111, 5914
3679, 4111
4111, 7949
1281, 6964
4653, 5675
5675, 9205
3735, 5675
42, 1080
4093, 5052
4549, 4917
3387, 7945
4084, 9212
4594, 7148
1701, 7148
382, 2108
3746, 3803
446, 5735
4476, 7601
5905, 9716
4321, 8788
8092, 8788
4203, 7943
9213, 9891
2806, 9793
1901, 7490
5765, 7593
426, 8818
1100, 4265
1013, 1367
2592, 5874
7308, 8388
7052, 9680
5395, 6633
4510, 9896
3178, 4510
2056, 6498
1154, 3591
1374, 8275
216, 7399
5831, 9606
467, 7801
5047, 9522
519, 7148
1777, 4245
3514, 4245
6378, 9374
3042, 8308
1515, 5957
2229, 4343
3299, 3506
6753, 9356
3762, 7874
5445, 5574
2702, 4404
4404, 5482
4404, 6507
6492, 8459
5935, 6833
3456, 4072
4058, 6828
4058, 7682
4760, 7682
6217, 8381
1947, 6217
4676, 6217
4676, 8187
6171, 6987
4077, 6171
6642, 7243
2380, 6642
775, 2380
477, 775
5565, 8513
801, 1241
5204, 5912
6092, 7969
5529, 6502
3459, 9486
651, 6671
651, 7058
4761, 6505
4062, 7985
695, 1321
523, 5709
1608, 2157
2157, 2610
3286, 7239
5412, 7782
2238, 8420
5312, 6121
1284, 3472
4832, 7534
3399, 3431
968, 8998
2876, 4572
7788, 8316
4794, 7492
6258, 9961
4879, 5915
2411, 3851
2420, 3851
3514, 4357
4357, 9209
8713, 9209
4357, 8242
7623, 8069
3922, 8069
2716, 5148
419, 2678
419, 6296
4934, 5101
4934, 7214
3899, 4934
4841, 9118
1809, 5774
3461, 4887
5134, 5203
5115, 9780
110, 1406
8367, 9420
3112, 3187
358, 3162
2060, 3162
4078, 7762
549, 3203
4816, 7728
4860, 8144
2078, 9273
279, 6562
5553, 8664
2327, 8223
3160, 8223
3160, 3743
614, 3160
1619, 3160
614, 1115
1115, 3034
6398, 7080
5081, 7080
2785, 4186
6219, 7822
533, 3638
3553, 3638
3038, 3553
3038, 3916
374, 3422
4150, 8764
3161, 8975
5707, 9921
2276, 9294
1658, 6262
2195, 6254
6254, 8844
841, 4808
1495, 5922
1495, 6374
1228, 9762
99, 2761
629, 4638
316, 6526
6526, 8318
1722, 6742
4205, 7694
559, 5807
9108, 9875
3163, 6754
7296, 7375
3219, 3689
2185, 3563
3820, 4971
4971, 6560
2072, 6002
10, 111
9490, 9906
9490, 9996
7595, 9698
183, 5313
3344, 3598
280, 8415
6569, 8556
1668, 3101
2134, 3481
3676, 6208
477, 4962
3612, 4962
3612, 8138
6078, 8138
3360, 3697
1244, 2739
4237, 5535
1359, 9895
134, 2658
1616, 4054
4054, 4875
2922, 3668
3482, 8497
5297, 8497
868, 9976
2268, 8262
2591, 8310
4442, 9042
5816, 7302
307, 1040
3753, 8236
163, 7567
2782, 3670
332, 7933
5035, 9017
6132, 7947
7192, 7276
856, 6420
1096, 1793
2669, 5570
3348, 9643
39, 8602
271, 7637
1685, 1735
5751, 5951
8699, 8758
6708, 8699
3050, 6708
2163, 6652
8065, 9467
4747, 9467
4747, 7878
4747, 8910
131, 6155
1378, 3656
4814, 7926
1859, 7926
7926, 7999
5424, 8325
4951, 8325
3410, 9806
3226, 9592
1465, 4103
4654, 5812
2845, 5517
2173, 3959
4755, 7615
1164, 5085
5085, 5244
5244, 9952
4507, 8828
1877, 3235
1877, 2688
1353, 7623
3108, 9124
1807, 9816
3771, 4311
4311, 5339
9257, 9482
588, 9482
2027, 7155
2027, 4387
2463, 3568
2556, 8078
5320, 8639
353, 9452
353, 5591
3095, 7829
3884, 5194
2980, 6135
5315, 7513
5315, 5888
7844, 9934
2267, 2458
5194, 7815
7815, 8434
6880, 9095
4873, 7171
4729, 6023
3912, 6023
3331, 3912
1535, 3331
2019, 9829
2019, 4540
4540, 5889
553, 3271
973, 9490
4240, 8161
260, 5639
3977, 5555
1207, 1545
5889, 7709
3303, 5498
299, 4656
2377, 4656
2534, 8129
6428, 7176
471, 9846
2173, 6401
2024, 5995
3795, 5995
2520, 6966
1191, 7812
1191, 4466
4837, 6384
2515, 4837
5536, 6600
6538, 9283
9283, 9972
1224, 6744
1240, 6458
4166, 7675
1304, 3519
4127, 4582
5667, 7262
3003, 7356
2309, 5172
3263, 8705
3263, 7233
3263, 8005
1660, 3105
6275, 6894
1761, 6894
1761, 4643
4643, 6157
3284, 4106
8157, 9378
8672, 9378
1908, 6290
2061, 7318
3365, 7165
6974, 7457
4155, 7917
1287, 4262
4379, 7304
3061, 4365
4756, 7807
7692, 9775
516, 5476
2279, 8120
1606, 4478
1704, 7851
1293, 1704
640, 2403
6324, 8637
7359, 9162
879, 2070
6063, 6338
2985, 5126
349, 950
926, 950
7560, 8518
4023, 7368
989, 9763
5325, 9763
5325, 7428
7428, 9919
2666, 9919
3611, 8894
143, 9048
1665, 7783
2025, 4550
4052, 7522
1306, 9024
1306, 4974
2262, 8397
2262, 5495
755, 1338
5357, 6783
539, 1744
1618, 1744
260, 6632
1765, 6632
6730, 9828
3073, 3675
4450, 8942
1389, 8942
6551, 7294
1404, 7344
1352, 3339
7055, 9836
2631, 8740
3599, 8740
485, 749
485, 7975
3928, 9192
6462, 7339
35, 8199
1067, 8831
3328, 9138
3343, 4483
6477, 8609
2690, 5846
7726, 8961
1197, 3488
493, 3674
2982, 9587
12, 8864
1227, 3718
8548, 8712
2185, 8314
860, 3662
505, 2123
3249, 6685
3249, 6515
2970, 6515
1521, 8561
1161, 9722
200, 1161
142, 7084
4744, 6272
3196, 5409
1221, 3564
5114, 8228
5114, 9675
726, 5647
4222, 6395
1719, 6395
1719, 1753
1331, 8047
3684, 9129
3703, 6870
3629, 9653
5311, 9653
5972, 8801
5972, 9134
4585, 6411
1965, 3584
1349, 6750
496, 6750
496, 2930
496, 4402
665, 2930
988, 2972
3310, 7215
2289, 7400
1437, 6952
4063, 7341
5217, 9697
5694, 7820
4978, 5571
2533, 6606
1068, 8329
2676, 6653
1778, 6172
4262, 7598
11, 7959
1612, 4403
6126, 6751
6785, 8935
6, 9909
3597, 4465
493, 7997
1079, 6352
3255, 6308
1282, 1911
1911, 8530
4144, 8530
6459, 8781
5168, 5909
2350, 5168
329, 2665
1950, 6148
1085, 1950
1450, 7024
2115, 7640
178, 2468
6590, 8482
5788, 7826
5795, 6741
6630, 9434
2462, 7909
988, 3716
3600, 8297
7582, 9347
2017, 3647
1599, 7118
1094, 7914
6237, 7443
4052, 5288
3402, 8782
262, 5874
3134, 3358
2831, 3316
4180, 7711
4180, 9700
29, 2728
7275, 8387
6412, 6504
1919, 2763
328, 2976
2085, 8989
761, 8684
7708, 8850
535, 8850
2565, 3958
2656, 8541
218, 2414
652, 3343
678, 2253
8077, 9198
8077, 9454
4637, 9454
6673, 8880
1259, 2308
298, 2308
298, 9959
298, 4899
4899, 9885
8289, 9885
5794, 9173
2508, 7888
2270, 3953
417, 5749
1498, 4759
4759, 7112
438, 2454
3084, 8105
4989, 7964
1466, 8667
698, 3195
8106, 8281
4661, 7583
3796, 6212
1273, 9138
1273, 9007
6350, 8690
451, 3377
2700, 3882
4372, 6298
2653, 6865
3483, 9868
3200, 6810
1742, 4317
729, 2384
729, 6570
713, 9675
3413, 5230
5460, 6614
1537, 2391
6779, 7338
6859, 7338
2597, 6464
2193, 9689
2193, 7255
6704, 9801
305, 3367
6794, 8973
1169, 1783
1510, 1932
5218, 6408
3592, 4916
3887, 5821
2168, 5299
2168, 4446
2637, 7413
2439, 2817
4153, 7025
4643, 8752
7091, 8752
3012, 8792
5986, 9878
6855, 7711
3967, 5379
5871, 9063
3699, 8215
4447, 4697
1861, 2647
645, 879
3596, 8862
909, 1239
203, 5793
7042, 8977
1160, 8901
1429, 9110
7986, 9357
3154, 9001
1017, 9742
2991, 9444
8788, 8962
2256, 2532
8799, 9417
7946, 9708
5823, 6790
1575, 8684
3361, 9439
3793, 5894
865, 9909
7762, 8837
3674, 4227
4172, 4515
1561, 3183
132, 8750
330, 6188
330, 8249
6210, 9309
5427, 6148
681, 1018
124, 7249
2498, 3989
5149, 6956
542, 2134
5941, 9690
3237, 5615
2004, 3237
2004, 3444
2004, 8631
3237, 7043
4807, 5546
3998, 5719
7143, 8017
5840, 7143
2776, 7508
2883, 5516
2521, 7661
1171, 1540
4943, 8678
480, 5459
1313, 1536
2989, 4882
161, 9706
256, 1365
3583, 3687
5342, 7597
6609, 9472
2209, 4184
8626, 9029
9359, 9855
7800, 9855
3363, 8306
6426, 7433
8538, 8884
3530, 6173
156, 1636
1494, 2849
34, 716
8433, 8830
6302, 8819
3149, 7412
4644, 9799
6030, 8378
1204, 7264
6143, 7416
4209, 7911
8868, 9464
858, 8669
3233, 4226
5977, 9382
3608, 7114
4323, 6772
3970, 5282
903, 2401
2477, 8186
4105, 4116
4105, 8253
3447, 8456
2658, 9694
1814, 3956
3045, 9290
4451, 8957
4691, 5677
465, 2576
7312, 7544
1883, 9645
5979, 9724
1150, 1747
2334, 9863
5494, 9860
4725, 6768
2759, 5849
309, 6958
4601, 6025
745, 6910
7364, 8411
6496, 7364
3104, 8905
8174, 9803
4098, 9506
4328, 6691
4678, 4702
6119, 7244
1527, 7978
5514, 6303
1573, 8052
5701, 8631
373, 5701
825, 3282
913, 7277
2879, 9979
242, 709
709, 5283
3737, 9915
3362, 9238
970, 9570
5096, 9961
1157, 7113
774, 9945
951, 5503
7546, 7987
4430, 4948
9530, 9600
2436, 7671
4902, 5120
3855, 5120
2285, 2663
4419, 9144
248, 7263
2335, 3119
2461, 7070
5481, 7221
1155, 4289
1875, 5543
2860, 3980
8435, 9973
1131, 2826
1271, 6635
1502, 9316
807, 9449
2869, 9187
2869, 3078
3085, 7428
1858, 5381
1312, 2969
1291, 4578
3483, 6403
3433, 4172
1739, 6400
6400, 6486
6602, 7630
3256, 6748
4995, 5913
4922, 8536
6094, 8512
7700, 7880
3869, 9601
3193, 4264
1840, 4034
934, 2424
5087, 8903
3146, 6336
8047, 9514
7494, 9465
3573, 6819
3640, 9559
6463, 8532
2910, 8076
7925, 9259
458, 4652
6539, 7035
4420, 7035
1960, 6364
2541, 8715
2541, 8522
5189, 8507
4448, 8220
2429, 5065
1814, 2864
5619, 7587
5437, 9978
5437, 5643
683, 8829
5730, 8737
8907, 9704
146, 9305
8142, 8392
374, 8943
2177, 7243
2016, 7227
3235, 7651
1040, 4863
4863, 7994
5556, 8130
5750, 7953
870, 8127
394, 9808
3121, 8838
8353, 8838
1769, 8021
2063, 8516
159, 3934
459, 5053
459, 9637
7412, 7983
3778, 7983
1798, 3778
1101, 2897
1101, 6315
5980, 6967
4104, 7688
1942, 8134
4285, 6554
174, 5140
9324, 9403
6723, 9524
1477, 9281
2172, 6862
6746, 7841
2312, 4693
2990, 9094
3142, 3958
590, 4142
4985, 6973
480, 2292
2292, 5717
8707, 9634
1026, 6581
1530, 3018
1670, 9596
5587, 5649
1903, 7530
3318, 9177
73, 4267
925, 2955
5486, 7245
5044, 6979
9419, 9852
3515, 9852
1593, 8512
8842, 9784
6053, 7724
3446, 5685
956, 7729
1252, 8208
4915, 8208
511, 4915
6365, 6806
3175, 9530
3259, 8899
3114, 8582
8701, 9345
1086, 7831
802, 8430
802, 9933
155, 9466
2469, 4966
50, 9798
738, 7064
6330, 9766
1716, 2689
3847, 9016
297, 7496
80, 210
2469, 2796
8953, 9493
4565, 5967
4460, 4832
1262, 4223
1409, 5560
6899, 6911
724, 5620
856, 2614
4239, 7481
6897, 8352
1091, 3321
2046, 3236
52, 1740
1291, 5161
1486, 8638
2919, 7313
6861, 7471
3570, 4320
2748, 8622
7502, 9336
3865, 5761
3217, 4300
4610, 8658
3603, 8290
1959, 4174
6469, 7833
3230, 6213
1219, 4732
3257, 6718
840, 2438
1598, 5273
1222, 5312
6160, 6381
13, 3886
573, 800
1568, 3603
648, 3283
2097, 4658
5441, 9022
5441, 8625
2381, 4758
48, 7217
4927, 6664
1423, 8370
2038, 5414
3780, 9756
6884, 8432
6884, 7401
3154, 4248
4546, 9325
3864, 9320
4575, 6263
7823, 9981
5609, 9445
7797, 8746
5900, 7161
1446, 6275
4312, 7366
4768, 9009
7922, 9686
3485, 9686
328, 941
2584, 6095
3625, 8318
2282, 7386
2915, 5857
1865, 8504
1346, 4958
8301, 9348
7062, 9790
899, 7902
30, 1283
5800, 9687
2133, 3313
5488, 7922
4603, 9508
1976, 2208
5398, 7839
1266, 4475
3049, 3696
6129, 6877
4677, 9410
629, 8598
2300, 6916
124, 3449
3435, 7852
7603, 8507
6748, 9841
3469, 8654
1023, 5300
7389, 8205
1803, 7291
5402, 9275
3275, 3818
4326, 8685
1003, 5360
520, 2244
4684, 9990
1525, 1822
1398, 7648
3740, 8759
112, 2632
2290, 8251
847, 3913
1132, 8911
4525, 8152
2548, 7974
308, 7417
3047, 8277
3225, 5280
4901, 6782
1369, 5036
3982, 7769
978, 7395
1578, 8982
1895, 6012
6876, 9467
1692, 3016
1967, 4399
2079, 3787
6068, 8424
4743, 6693
3394, 9137
2, 1153
8836, 9496
1508, 5680
1059, 8808
613, 4118
4173, 8173
700, 2713
6357, 8408
2399, 6443
3671, 6434
91, 9938
806, 2141
3462, 7534
2741, 4599
3518, 9723
1456, 1591
6825, 9856
384, 1082
