1.363504
0, 955
0, 6019
5722, 6019
0, 6147
4193, 6147
4193, 5927
4550, 6147
2749, 4550
1742, 5927
1742, 6319
4119, 6319
4119, 4438
4438, 7931
7931, 9251
6018, 6319
3929, 6018
3929, 5115
3512, 5115
1973, 4193
3505, 4438
1311, 3505
2490, 3505
2490, 8275
6527, 8275
2433, 6527
1805, 8275
1805, 3968
3968, 4883
4175, 4883
4175, 5066
2830, 4175
2805, 4175
1152, 8275
464, 1152
645, 2830
464, 5763
2349, 5763
599, 5763
2349, 6162
599, 6922
5770, 6922
5770, 9398
5770, 5981
5981, 6182
3275, 5981
3275, 3619
2210, 3619
763, 3619
2210, 3559
3559, 9349
9349, 9725
4179, 9725
2765, 4179
2223, 9398
9174, 9725
5770, 7540
4303, 7540
219, 7540
219, 6842
4072, 6842
4072, 9238
4838, 7540
4303, 4609
4609, 5154
232, 4609
232, 3191
3191, 6122
232, 4395
3191, 9471
4395, 5032
3191, 4398
2073, 4398
4398, 9072
2073, 4180
8424, 9072
4609, 5490
616, 3968
616, 7456
2210, 7791
219, 4285
4285, 9841
9016, 9841
6957, 9016
2830, 9778
7930, 9016
7476, 7930
7069, 9072
7069, 8974
4593, 8974
4593, 7800
2766, 7800
2766, 4280
4280, 4878
3449, 7069
2780, 3449
8055, 9238
1515, 8055
1515, 9428
5946, 9428
5946, 9751
3104, 5946
3104, 9185
3104, 3802
3190, 3802
354, 5946
8375, 9185
5946, 8394
833, 9471
510, 5032
510, 9596
2128, 9596
4179, 9909
3472, 9909
9589, 9909
3204, 9589
5490, 9405
7252, 9405
4504, 7252
4504, 7572
4504, 6330
7572, 8901
6909, 8901
8901, 9025
3583, 9025
4504, 8462
2765, 4906
3087, 4906
3087, 4994
239, 3087
239, 6139
6139, 7280
7280, 8549
5899, 7280
6122, 8697
2507, 7280
2507, 5465
5465, 7400
7400, 7956
1747, 7400
1668, 9398
36, 3191
36, 7369
7369, 8723
36, 1612
7395, 8723
36, 361
36, 5445
530, 5445
530, 3598
530, 745
745, 9139
745, 8644
5194, 9139
2431, 5194
2431, 8412
745, 9470
2431, 4116
4116, 6316
1890, 4116
4116, 7594
4552, 7594
3997, 7594
2574, 4552
1283, 2574
1283, 9104
2574, 2852
2429, 9470
530, 537
537, 4444
2079, 4444
7594, 7738
1911, 7738
768, 1911
5727, 7738
760, 768
1911, 4682
4682, 7697
5893, 7697
562, 5893
3680, 5893
2660, 3680
8436, 9470
4156, 4552
3829, 4156
1504, 7791
163, 9909
219, 9210
8454, 9210
745, 7039
7039, 7465
5902, 7465
5902, 8718
2641, 7465
1243, 7465
1243, 5360
1243, 1406
4179, 4829
3449, 6849
6849, 7151
1612, 1656
768, 1301
1301, 4378
4378, 6062
5606, 6062
5606, 6811
1211, 4378
4994, 5826
5826, 9970
1412, 9970
977, 1412
1412, 5629
5629, 8672
2305, 5629
2305, 7011
977, 3126
1763, 6849
1763, 2089
2089, 6150
2128, 3000
431, 3000
3000, 4258
1911, 6583
6583, 7571
599, 5985
2350, 5985
5447, 5985
1153, 5985
2350, 6014
3538, 6014
2396, 3538
159, 616
159, 1621
8882, 9349
8882, 9601
4998, 9601
1149, 9601
1149, 3038
618, 3038
618, 4583
3050, 4583
3083, 4583
4583, 5170
5170, 6371
6371, 7696
287, 7696
287, 9827
3470, 7696
2437, 6371
1528, 7696
5170, 8736
1149, 5131
4583, 8472
2844, 8472
1309, 2844
7717, 8472
4354, 7717
7717, 9498
627, 7717
2876, 9498
2876, 8364
4354, 5539
8364, 8708
1528, 9459
6509, 9459
4755, 6509
28, 4755
3421, 8736
2258, 2844
1309, 5174
5174, 6846
3011, 6846
5676, 6846
3006, 5676
627, 3057
1574, 2876
1906, 8882
1906, 1929
1906, 6632
3059, 6632
3059, 7743
5670, 7743
4079, 5670
5639, 5670
4079, 5592
309, 5592
309, 3684
3684, 9218
571, 7743
571, 8827
6170, 8827
1729, 9218
1729, 2306
2306, 6887
4079, 9419
4492, 7717
4492, 8640
41, 8640
1873, 6509
1873, 3920
3920, 4697
2432, 4697
2432, 5904
5904, 7462
3343, 4697
7462, 9018
6903, 9018
3508, 6903
3508, 4304
6903, 9986
9018, 9690
3570, 9690
2986, 9690
2986, 6176
1023, 6176
5592, 8561
5176, 8561
3508, 5582
627, 8327
1666, 8640
1579, 8472
1579, 6990
2036, 6990
6990, 7982
7982, 8050
2712, 7982
968, 2712
968, 9612
4425, 9612
8050, 9216
1267, 9216
6903, 7219
3684, 4652
3924, 4652
6421, 8640
3580, 7219
2601, 3580
1729, 3492
3492, 5578
3492, 7857
1571, 8736
1571, 4817
1571, 1602
1056, 1602
1571, 6782
62, 618
1571, 1688
1688, 2067
6642, 8882
6642, 7812
4379, 7812
1906, 9787
5556, 9787
2674, 4079
2168, 2674
850, 9498
4583, 7964
5980, 7964
7964, 7983
7979, 7983
3731, 7983
3731, 7555
2961, 7983
2961, 3564
3731, 4037
1727, 7555
3564, 7373
1727, 3764
778, 2961
1245, 4817
1245, 6306
2541, 9419
3764, 8971
5718, 8971
41, 9975
481, 4395
481, 5005
481, 3337
5005, 6060
219, 9914
2768, 9914
354, 6365
2732, 6365
3996, 6365
468, 2732
468, 5272
5272, 9421
2732, 5287
1036, 5287
1036, 5844
5844, 8804
7551, 8804
8572, 8804
3994, 5844
5844, 6331
6331, 6621
858, 6621
858, 2642
4833, 6621
3226, 4833
3187, 5272
326, 5844
326, 2267
2267, 6960
653, 2267
326, 5156
5156, 8638
3857, 5156
3857, 8112
3226, 3309
2871, 7930
2871, 5828
3559, 3575
2122, 3575
6326, 7151
3723, 6326
1469, 3723
2850, 5131
2850, 9845
8298, 9845
2850, 3210
8298, 9945
8429, 9945
3694, 4878
4883, 6616
1897, 6616
1897, 3978
2768, 3123
3123, 4164
3123, 4969
4164, 7570
2433, 7116
2350, 5026
5026, 6718
6718, 8437
8341, 8437
2811, 8341
5026, 6057
1996, 5026
1996, 9629
3114, 8437
3114, 8024
1027, 8024
1027, 8377
3191, 3554
668, 8638
668, 9722
6393, 8561
6393, 6769
2694, 6769
2407, 6769
2407, 4231
2356, 4231
2341, 4231
2341, 7710
1814, 2407
1814, 7532
7532, 7785
7710, 7842
1360, 7842
4858, 7395
4858, 8526
8526, 9418
3930, 9418
7135, 9418
4605, 7135
4605, 7470
6225, 7470
4867, 8526
4867, 8727
7832, 8727
9418, 9544
8155, 9544
1146, 8155
1146, 9871
7825, 8155
7825, 8861
8861, 9053
8581, 8861
2857, 8581
2857, 9758
3779, 9758
3779, 5062
5321, 9758
3779, 5572
4329, 8581
4318, 9758
8219, 8861
3779, 4822
3756, 4822
3756, 9967
686, 9967
686, 4348
2354, 5572
914, 5572
132, 914
132, 6609
4822, 6491
531, 1146
2345, 8219
1836, 2345
1836, 2375
3756, 6664
6664, 8569
7646, 8569
6723, 8569
6723, 8588
2537, 8569
436, 2537
436, 938
938, 4692
436, 5031
3577, 8588
2537, 3546
686, 7918
6423, 7918
5835, 6423
202, 5835
202, 4356
4014, 4356
2451, 4014
475, 8219
475, 2525
2525, 5786
3756, 3896
5831, 6609
5831, 6376
6376, 6917
1141, 6917
1141, 2159
318, 2159
2159, 4774
4472, 4774
2327, 4472
2327, 4432
4774, 6411
216, 6411
4774, 5860
2327, 4084
4084, 5830
5219, 5830
5236, 5830
4432, 8490
1614, 8490
1614, 5013
1614, 5455
1829, 5455
5455, 9877
9765, 9877
8802, 9877
7198, 8802
7198, 8892
1614, 8829
1262, 8829
1262, 8451
1614, 4767
1969, 4767
1474, 4767
4767, 9132
229, 8829
216, 9423
1414, 9423
2224, 2345
2224, 5522
5062, 7817
4859, 9418
4557, 4859
4557, 4937
3930, 4983
4983, 5048
5048, 5823
5048, 7940
5823, 8265
4983, 5439
5439, 7774
229, 9212
648, 9212
6173, 9132
783, 6173
343, 531
343, 9780
7860, 9780
4260, 7860
1343, 7860
1343, 2758
651, 2758
651, 9366
651, 4805
4318, 7220
7220, 8833
5099, 5439
5099, 6155
1202, 6155
1202, 6596
2471, 6596
5728, 6155
3068, 9418
2616, 3068
1111, 3068
1111, 8464
8464, 8824
7415, 7470
404, 7415
6423, 9415
5897, 9132
2345, 8259
8259, 9940
9698, 9940
4774, 8859
8859, 9233
8859, 9591
1111, 4101
853, 4101
3909, 7415
3909, 8000
6775, 8000
90, 8000
90, 4526
2159, 9708
1689, 9765
1210, 1689
1210, 2150
1210, 7436
3644, 6491
3644, 3674
3391, 3644
1590, 3391
608, 3391
6818, 8464
6801, 6818
6818, 7925
6611, 6818
2758, 7371
3605, 9418
3605, 9743
3605, 3670
1636, 3670
1202, 8762
2008, 8762
2008, 8834
8834, 9279
2640, 8762
6230, 9279
6230, 8924
1341, 9279
2151, 7785
2151, 5458
5458, 9887
5458, 9651
8718, 9529
6801, 9221
3554, 9832
2042, 9832
2042, 9264
2042, 3484
3484, 7529
3418, 7529
3310, 3484
3310, 9614
7430, 9614
2042, 5955
5955, 8016
1833, 9264
1833, 3286
1833, 2481
3286, 6032
6032, 7813
2481, 8094
5378, 8016
3330, 5378
3310, 7197
4798, 7813
4798, 4950
3330, 5646
7529, 7848
5522, 6854
5831, 7111
2451, 8144
3715, 8827
397, 3715
2566, 3715
2566, 5703
2566, 6489
2566, 8045
2388, 6489
2388, 6020
6020, 6400
5703, 6005
126, 6400
126, 7917
6400, 9213
9213, 9338
1111, 2454
129, 2454
2454, 2612
1162, 2612
2612, 6670
3373, 6670
3373, 4836
2112, 4836
1162, 1335
1335, 7909
2112, 2993
2993, 5947
2501, 5947
2501, 8488
2993, 9005
842, 4836
782, 842
782, 5105
2612, 5576
547, 5576
2612, 2899
2899, 4850
4850, 5345
2569, 3421
2569, 3480
3480, 8729
3686, 8729
538, 3686
538, 2235
538, 3526
2235, 5654
538, 9538
54, 9538
54, 3445
2156, 3445
54, 9876
2019, 2156
2019, 4495
4495, 4611
821, 2019
821, 6798
6498, 9538
4460, 6498
1930, 3686
1092, 2569
930, 1092
930, 3432
1092, 7637
3409, 7637
376, 3409
376, 9077
3409, 4182
1541, 3409
3222, 3409
3752, 7637
9077, 9163
6749, 9163
2329, 9163
2329, 2923
2329, 5312
4911, 5312
5312, 5992
4401, 4911
190, 4401
4401, 5754
5754, 7262
190, 5979
4012, 5992
4012, 7533
189, 2923
1541, 5723
6749, 9828
4595, 9828
4595, 8987
7030, 8987
2632, 8987
376, 8506
6469, 7262
787, 9077
787, 2033
2033, 3352
30, 3352
30, 8073
1287, 8073
30, 6792
7037, 8073
1287, 8080
207, 8080
207, 3250
3250, 7286
6167, 7286
6167, 9938
534, 9938
578, 6167
534, 8511
8939, 9938
534, 4794
4951, 8080
4951, 6685
2376, 6685
6341, 7286
4967, 6341
6341, 7836
6341, 6562
1685, 6562
534, 1783
207, 1016
1016, 9477
7358, 9477
7096, 9477
1016, 1294
1294, 7271
526, 7096
3797, 8073
3797, 5128
3014, 5128
1783, 7675
610, 7675
610, 3182
7416, 8080
5436, 7416
5128, 5867
2561, 7675
2561, 7093
3250, 3890
3276, 4967
898, 3276
2657, 3276
3276, 9774
1157, 9774
4401, 9838
6844, 9838
1685, 6975
6975, 9692
1171, 9692
1287, 7801
2890, 7801
1600, 7801
1600, 1773
1773, 2958
2958, 8554
2958, 4779
4779, 6465
4779, 8224
4779, 6252
7947, 8554
8554, 8700
7729, 8700
6587, 7729
6587, 7464
4658, 6587
4779, 5043
5043, 6424
273, 6424
4381, 6424
1364, 7729
1364, 3991
5555, 7947
3173, 5555
6731, 8554
3846, 6731
3846, 7309
6587, 7120
703, 7801
703, 6171
5555, 6679
6379, 6679
770, 6379
1427, 6379
6679, 9029
2862, 9029
2862, 6592
6592, 6879
2862, 3705
6592, 8983
563, 3705
3663, 6379
2942, 3445
30, 1377
145, 1377
145, 7753
7753, 9879
3352, 7118
2423, 7118
2423, 6605
2423, 7313
1114, 6605
6605, 8420
1092, 2897
2897, 5714
4129, 5714
4952, 5714
2201, 4952
554, 2201
554, 4586
4129, 7310
4461, 4952
2775, 4129
1434, 4129
1434, 8257
2051, 8257
364, 2051
364, 9823
2051, 6780
1870, 6780
1870, 4987
4987, 8641
6988, 8641
5061, 8641
1641, 6988
534, 3864
3864, 9952
1623, 9952
1367, 9952
1367, 4644
1157, 9455
960, 9455
960, 5952
5952, 7504
5918, 5952
960, 2107
5312, 6386
6386, 9105
2592, 9105
1596, 6798
1600, 7742
6418, 7742
980, 6749
980, 5570
1220, 5570
1220, 8560
1220, 9433
8221, 9433
980, 2116
4230, 8560
543, 4230
513, 543
980, 9868
5077, 9868
980, 7701
980, 9095
6457, 8221
6457, 6803
5475, 6457
5570, 6607
543, 7343
2611, 7343
3084, 5570
3084, 7036
3084, 9640
980, 7172
3781, 7172
543, 3493
3493, 8143
8143, 9671
233, 9671
6803, 8585
1268, 8585
1268, 4781
4535, 4781
4483, 4535
3664, 4483
3664, 7721
2298, 3664
856, 4535
1109, 7036
856, 8062
3360, 8062
4556, 8062
60, 4556
60, 1090
1090, 6088
6088, 7038
4104, 6088
4911, 6911
1114, 5800
5800, 6546
6546, 7215
6974, 7215
6974, 8765
1696, 6974
1008, 1696
5216, 6546
1008, 9322
8900, 9322
7507, 9322
1425, 7507
8741, 9322
5849, 8741
8531, 8741
3889, 8900
3889, 7980
7980, 9969
1696, 9799
2867, 9799
2140, 2867
2140, 5713
6876, 9799
2140, 8028
8028, 9883
5737, 8028
3497, 6306
1086, 3497
1086, 6585
2130, 6585
2130, 2917
2769, 2917
2769, 7508
3013, 7508
2917, 8399
2769, 7763
2769, 5517
3530, 5517
1825, 3530
3530, 8964
2020, 3530
1825, 9014
5517, 7150
7150, 9282
5392, 9282
514, 5392
514, 4281
152, 4281
152, 2477
4281, 7835
6192, 7835
6192, 7143
514, 7494
7494, 9808
8226, 9808
8226, 8467
5418, 8467
132, 5480
3785, 5480
3785, 9161
3785, 7106
1560, 7106
7106, 8949
6362, 7106
8949, 9162
8147, 8949
7565, 8147
1477, 7565
4918, 8949
1477, 5096
3108, 7106
3108, 6066
461, 7106
461, 5711
1826, 5096
1826, 4214
4431, 7540
1165, 3731
4037, 7723
3940, 7723
4702, 5676
4702, 9762
1981, 9762
1981, 9110
2894, 9110
7264, 9110
4040, 9762
4040, 7125
4630, 7264
3677, 9762
296, 3677
1981, 7629
4359, 7629
7629, 9301
6943, 7125
2185, 9301
4341, 7629
4341, 9818
1981, 3950
8809, 9762
3052, 8809
3052, 8206
1900, 8206
1900, 3548
3548, 4081
8722, 8809
3756, 7941
789, 7941
789, 4920
4920, 6652
2785, 7629
2785, 9123
2064, 3310
2064, 4577
4906, 6108
1869, 6108
1869, 6143
1443, 6143
1329, 1443
1443, 9043
1329, 7939
9043, 9112
6143, 9739
314, 9739
4149, 9043
3129, 4149
3129, 7178
1905, 7178
4149, 7997
618, 8922
4892, 8809
4892, 9727
4736, 4892
4736, 5937
5937, 9804
3063, 9804
3063, 9280
906, 9280
3063, 3672
2670, 9804
2670, 2809
348, 2809
348, 3601
3601, 5148
2809, 4176
2344, 2670
2344, 9266
1457, 9266
2919, 4736
3063, 7745
1914, 7745
2625, 5148
2625, 4407
1122, 3601
4843, 9804
2670, 2881
7908, 7982
2329, 7421
601, 4401
1997, 4129
5224, 8765
3541, 5224
3541, 3716
1024, 3716
1888, 9014
623, 4774
623, 9245
6359, 9245
623, 1263
623, 7224
4330, 9043
4330, 8775
956, 8775
2148, 3548
2148, 6299
3401, 6299
343, 5249
1914, 7988
3170, 7988
2992, 9139
2992, 8776
7137, 8776
5537, 7137
454, 7137
1790, 7137
5384, 8776
1506, 7137
1506, 5381
5384, 6138
1636, 8633
1839, 8633
1839, 2938
8910, 9338
2632, 9155
2176, 9155
3352, 6090
1761, 9725
6090, 6867
1717, 6867
3349, 6867
3349, 9536
175, 9536
175, 6270
1163, 6270
1163, 7308
4586, 9352
636, 9352
3058, 5918
3058, 6823
306, 6823
306, 8770
4838, 6456
323, 8949
3692, 8633
2066, 3692
2066, 7888
2066, 4113
1682, 4113
918, 4113
918, 6709
918, 4384
4113, 6810
4113, 5324
5324, 6016
4384, 6964
76, 6964
1088, 2066
76, 7934
2292, 7934
2292, 5016
5016, 9960
2292, 8948
2121, 9960
5682, 6810
5016, 6199
209, 6199
209, 4124
4124, 9978
2060, 3692
2060, 8069
1606, 8069
1606, 4655
3545, 8069
2643, 3545
2643, 2792
1789, 2792
2792, 8889
916, 8889
916, 7206
824, 8069
824, 8034
4200, 8034
4200, 5058
1062, 7206
1062, 8494
1693, 8494
1693, 5229
7613, 8494
6048, 7613
1062, 5365
4981, 5365
5365, 9332
119, 9332
1072, 6048
1026, 1072
1026, 8980
8438, 8980
119, 8950
7949, 8950
3418, 8969
1708, 8969
2961, 7331
1538, 3505
1538, 7109
2115, 7109
2115, 7669
483, 7669
6189, 7669
6189, 6408
534, 7156
6548, 7156
7156, 9768
2248, 9768
2248, 6394
8562, 9768
6764, 8562
3849, 9768
1449, 6548
554, 4695
4695, 4728
4728, 6366
4728, 9451
5620, 8377
152, 6770
3071, 4354
2984, 3071
2984, 8952
780, 2984
780, 8609
880, 8609
780, 974
974, 1509
1509, 7732
1509, 2371
1509, 5398
5398, 8921
1570, 8921
5963, 8921
2260, 8921
5398, 7783
6256, 7783
1430, 2371
1430, 2673
1430, 3032
3032, 4738
3032, 9377
6249, 9377
1000, 6249
1000, 8129
1000, 5843
1226, 5843
1226, 2133
2133, 2677
2677, 4092
2677, 6002
2677, 6655
4464, 6655
1599, 6655
1043, 1599
1599, 7356
4404, 6655
8129, 8329
1226, 7495
1628, 6002
1509, 6825
1628, 5388
880, 6058
6058, 7623
5365, 5640
4175, 5598
4113, 9106
2319, 9106
2918, 9106
2918, 5613
249, 2918
249, 2603
2603, 4470
528, 2603
2603, 7589
3207, 4470
3207, 3481
462, 3481
462, 2117
600, 2117
600, 9620
2513, 9620
2513, 7829
2908, 7829
2908, 3220
3220, 5698
2908, 6312
5632, 5698
3338, 3481
8616, 9106
4374, 8616
600, 9209
1241, 5613
9106, 9109
1407, 5698
814, 2513
814, 9784
1241, 6398
9273, 9366
4146, 9273
9189, 9273
2078, 6299
2078, 5817
5817, 6830
2234, 6830
618, 8748
7941, 9390
5334, 7456
1405, 9185
234, 1814
60, 1697
1697, 3186
3186, 3319
3186, 7006
7006, 8074
962, 1697
2198, 3319
2198, 6337
6126, 9818
156, 6126
1819, 5522
769, 6825
769, 1313
769, 8185
7272, 8185
1313, 7887
289, 7887
2311, 7887
769, 6680
3306, 6680
289, 9666
6832, 9666
2479, 6832
2402, 6832
2402, 2804
2804, 3201
2804, 3437
6807, 9666
3201, 3750
2402, 9842
1175, 3750
1327, 3437
3838, 9842
3838, 7519
3838, 5363
6348, 7519
1916, 5363
2402, 9463
9392, 9463
6385, 9392
730, 6385
4710, 6348
1395, 4710
3201, 4863
3201, 4361
6807, 8667
730, 6641
6641, 7124
170, 7124
2721, 6641
1916, 9120
994, 6832
1327, 3787
3787, 5988
5988, 7500
3735, 7500
3735, 9625
7497, 7500
3735, 6759
5254, 6759
4713, 5254
7500, 8261
5035, 8261
5035, 7852
6950, 7852
6950, 9017
9017, 9532
9506, 9532
812, 9506
4085, 6950
4085, 5710
5459, 6950
812, 6510
4669, 6510
1998, 5035
6759, 9542
1433, 9542
5459, 7911
4595, 6656
4744, 6807
2132, 4744
751, 1364
433, 751
3991, 9820
2096, 9820
3705, 6813
3639, 6813
3639, 9403
3639, 9902
3334, 9902
1197, 9403
1197, 2558
4234, 6813
1052, 6813
6963, 9902
2281, 6963
6963, 7866
3452, 7866
2441, 3452
2551, 3452
2551, 6674
3321, 6674
3321, 4441
6674, 9298
6674, 8311
1575, 3321
3334, 4799
4799, 7432
3812, 7432
3812, 8171
5446, 8171
5446, 6556
3003, 6556
3003, 9331
4921, 6556
3850, 4921
4921, 9682
6556, 7228
7228, 7904
321, 8171
2972, 3003
2608, 2972
2972, 5169
5169, 9039
5602, 9039
5602, 5740
7303, 9039
7303, 9333
7877, 9333
8610, 9333
5369, 8610
6382, 8610
3169, 6382
5837, 6382
4344, 5837
2147, 4344
2554, 5837
1265, 2972
1265, 5201
1265, 2094
5201, 9524
8203, 9524
4344, 4943
4943, 8141
5604, 8141
753, 8141
459, 753
753, 5237
459, 7630
7630, 7705
5604, 9735
753, 9897
1212, 9897
1868, 4943
1706, 1868
7705, 9993
3026, 9993
5237, 9143
6453, 7630
8489, 9735
2901, 8489
6534, 8489
6534, 7855
2039, 6534
2039, 9325
1489, 7855
1489, 2446
1962, 2901
1962, 5041
1489, 6068
2039, 3687
1902, 2446
1902, 9117
964, 1902
4448, 9117
4448, 7078
4800, 7078
818, 7078
3656, 9993
5237, 6730
2759, 6730
3617, 6730
3617, 9144
7713, 9682
7603, 7713
6360, 7713
2549, 6360
6360, 8148
6951, 7603
6951, 9833
6951, 8306
7603, 9336
9336, 9826
6524, 9826
4704, 9336
153, 4704
153, 8435
1639, 6524
1639, 8578
1639, 2261
2261, 6623
2261, 7973
1648, 6623
1648, 6542
1648, 4488
6542, 9478
1872, 6623
4488, 5210
2549, 4982
4982, 7241
3888, 7241
3888, 6608
5732, 8306
5732, 9458
1872, 6092
5850, 6092
6092, 7882
7603, 8193
1332, 4982
1332, 1336
1336, 5189
5189, 6086
1332, 5558
1639, 7287
8193, 9012
1332, 7963
1014, 5558
3307, 7973
1578, 4704
8135, 9833
802, 8135
603, 802
5558, 5807
493, 5732
493, 8652
8841, 9458
162, 3687
1718, 6730
1718, 5018
2558, 4257
8311, 9241
1265, 7764
4488, 7105
153, 4074
4074, 4169
725, 4169
3631, 4169
725, 5438
1440, 4074
912, 4169
1440, 5199
1607, 5199
4344, 9573
3149, 9820
3149, 5471
1254, 7309
1254, 9027
5527, 9027
2025, 2525
5388, 9410
1402, 9410
1402, 8513
1402, 5000
5000, 7203
7203, 8287
2170, 8287
7203, 8170
2170, 6265
1576, 8170
600, 4869
1965, 4869
1965, 3566
1384, 3566
1965, 8280
2551, 6497
4555, 6497
4004, 4555
2860, 4555
226, 2860
2860, 8445
365, 8445
2860, 5171
226, 4162
2748, 4555
696, 6497
2704, 2748
2704, 5553
143, 5553
2860, 5865
5865, 9407
2748, 8973
4061, 8973
143, 3657
311, 9407
311, 1867
976, 4061
4555, 6245
4804, 6245
203, 6245
4804, 7352
5256, 6245
857, 5256
3984, 8311
4436, 7930
4436, 9892
2437, 6234
4753, 6234
323, 8286
564, 8286
564, 3537
564, 5851
3537, 6042
6042, 6659
3033, 6042
3033, 7971
5684, 7971
3033, 8349
1143, 8349
1143, 5708
4147, 8286
1238, 5851
1238, 5630
6188, 7887
109, 6188
5148, 8134
783, 4005
4005, 7433
1437, 5445
1437, 9080
968, 3915
3915, 5252
3915, 6328
4922, 6328
4922, 6574
40, 6574
5549, 6574
40, 5716
5716, 6169
5716, 9915
5716, 8308
5716, 9514
2524, 5716
1553, 2524
5876, 9915
643, 9915
7409, 8308
1161, 7409
5217, 5716
5217, 8414
3915, 5395
7328, 9915
7328, 7957
1308, 7957
6158, 7328
1553, 3420
3420, 9126
7016, 9915
4846, 7016
6109, 7016
1553, 2583
2583, 3970
3970, 9615
3970, 6658
3395, 3970
3395, 3748
1101, 3395
1101, 7032
369, 1101
369, 5631
369, 8715
1101, 2465
1049, 2465
5631, 5745
2823, 5631
5910, 6658
5910, 8225
425, 8225
1751, 5631
1751, 8583
2404, 5745
375, 7957
375, 519
519, 6442
375, 6396
375, 3710
3231, 6396
3231, 7816
375, 2930
2930, 5352
227, 4922
227, 264
375, 737
737, 4347
4347, 9456
3233, 7328
3233, 8369
3233, 7516
4622, 7516
885, 4622
1419, 3233
2414, 7816
2358, 2414
3748, 8594
161, 885
161, 6733
161, 7834
1081, 6733
1081, 4936
2518, 4936
4392, 4936
4392, 7012
7012, 8596
4409, 8596
4409, 7883
4409, 8496
4783, 8496
4255, 7012
4255, 6235
5304, 8496
1305, 7883
4936, 8530
8530, 8668
1624, 8668
1199, 1624
1624, 3820
1199, 2552
2552, 6280
5200, 6280
1328, 5200
379, 1328
379, 3879
5200, 9605
9304, 9605
8711, 9304
8711, 9098
8668, 9007
4392, 9134
7119, 9134
2297, 7883
1199, 5603
5603, 9013
752, 9013
3274, 9013
2297, 7913
5890, 7913
3770, 5890
3770, 5977
2123, 5977
3468, 3879
2023, 3468
2023, 2175
2023, 6889
1250, 2175
3468, 9638
654, 2023
654, 1827
1827, 1918
1827, 8547
3234, 5977
3820, 5095
1419, 4312
6574, 6812
7584, 8952
106, 7584
106, 1788
772, 1788
2591, 3684
1727, 2937
2937, 5637
5637, 7803
5223, 7803
5223, 9395
1446, 9395
1446, 5590
4826, 5590
4826, 6181
7320, 7803
5858, 7320
5858, 8395
122, 8395
2544, 8395
704, 5858
7803, 7846
5070, 7011
626, 833
626, 5393
4151, 5393
4975, 9123
4975, 8502
2792, 7951
3704, 9233
2888, 6854
2919, 8459
311, 8524
8524, 9079
8154, 8524
2836, 8154
635, 2525
635, 9665
2020, 6485
2243, 6485
2243, 8803
2243, 3243
2035, 8803
2312, 3243
4169, 6413
6413, 9810
3377, 9810
5393, 9910
5479, 8964
2525, 3990
5883, 9765
923, 5883
8748, 9223
3065, 9223
3065, 4820
4820, 6257
6257, 6624
3065, 9295
7541, 9295
3818, 7541
3091, 7541
3091, 4824
7541, 9324
8751, 9324
4675, 9324
1857, 4675
2048, 4675
2048, 3249
840, 3710
3963, 7883
2553, 3963
73, 2122
472, 1867
156, 6875
4792, 6875
4792, 8294
4792, 8283
8040, 8294
4792, 9067
88, 8283
1137, 9067
1137, 7938
1137, 2669
88, 4773
904, 4773
3658, 7938
6705, 8040
8283, 8680
6727, 8680
8680, 9667
7757, 9667
7757, 8653
1217, 8653
1992, 8653
4773, 9870
7974, 9870
4749, 9870
9067, 9355
5535, 9355
8040, 9599
7634, 9599
3499, 8294
3499, 8229
7410, 9667
4818, 9768
4818, 9703
3329, 4818
1654, 9703
1654, 3356
1654, 4546
4546, 7928
3329, 4466
8287, 9175
1659, 9175
1112, 1659
1112, 4769
3074, 4769
1112, 7191
1504, 8446
5655, 8446
4258, 9157
7068, 9157
7068, 9083
5260, 9083
5260, 9878
5260, 6073
951, 6073
322, 951
1360, 1561
322, 2880
1853, 2880
2248, 7473
5036, 7473
2706, 5036
1699, 2706
2442, 7473
2442, 5153
2566, 4912
4912, 9113
9113, 9125
4185, 9113
4185, 6760
3386, 4912
2707, 3386
728, 9125
4864, 9125
4864, 9664
4864, 7893
330, 7893
5351, 9664
767, 5351
767, 6091
767, 4417
4417, 5478
5478, 7591
4417, 8248
5478, 6948
6948, 8515
6044, 6948
6044, 6229
2626, 6229
2626, 4025
4417, 8433
1040, 3386
1040, 4322
524, 767
524, 3198
728, 2057
2057, 9626
2656, 6091
1994, 2984
1994, 5121
1844, 1994
1665, 1844
5121, 7781
6280, 7627
5603, 7049
5621, 6674
5581, 6605
8429, 9056
2991, 9056
2991, 6512
3352, 4189
541, 4189
1220, 2902
783, 9118
529, 9118
1142, 9118
1142, 2058
529, 9522
7862, 9118
1099, 7862
1142, 5808
5808, 8374
7735, 8374
529, 3998
3998, 8615
3998, 4778
649, 3998
5608, 7862
5608, 8309
803, 5608
8158, 8309
6461, 9118
1099, 6351
5059, 6351
5059, 7663
1945, 7663
1694, 7663
1694, 2916
3364, 7663
59, 5059
59, 257
1694, 3912
1791, 3912
1791, 6026
2846, 8374
2846, 6433
1579, 2931
6589, 9664
3363, 6589
6589, 6702
909, 6702
909, 2940
6702, 9713
2253, 6702
399, 2253
2253, 8097
399, 7029
3549, 7029
1987, 3549
391, 7029
5391, 7029
5391, 7937
5686, 7937
1083, 7029
1083, 5034
391, 8943
1227, 1987
1963, 1987
5686, 8402
5894, 8402
58, 1987
58, 5762
2721, 4711
4711, 7889
3459, 4711
4201, 7852
935, 4201
935, 4328
935, 8598
5074, 5169
5074, 6427
6427, 8863
3297, 6656
34, 2388
34, 6698
2613, 6421
4983, 4990
4990, 6530
6530, 8177
2200, 8177
6877, 9322
479, 778
479, 8100
5191, 8100
5191, 7213
5191, 6142
2169, 6142
4887, 7213
479, 9088
492, 9088
6543, 9088
6543, 7282
2134, 2169
2134, 7226
1411, 2134
2134, 3509
3509, 8584
8584, 8678
4127, 8584
64, 4127
64, 4351
4351, 6025
1286, 4127
1286, 5456
6173, 8027
3718, 8027
3718, 5816
2392, 9185
1005, 2392
1005, 4959
1005, 3172
1005, 4035
7336, 7836
800, 7336
1525, 7336
2802, 7336
2802, 9843
1525, 7667
6799, 7667
1077, 6799
1147, 7667
1077, 7704
1188, 7704
1188, 4305
1188, 2964
222, 4404
222, 7993
5221, 6331
5221, 6847
4895, 5221
4004, 6737
8135, 8620
1666, 2783
2783, 6907
929, 6907
2783, 3847
3847, 7891
7650, 7891
6101, 7650
6214, 7650
3016, 6214
6101, 8666
4875, 7650
6214, 7292
905, 4875
905, 9653
5789, 7292
4496, 8666
2274, 4496
2274, 3789
2274, 7861
3016, 6111
4875, 8413
8413, 9485
4930, 9485
5179, 8413
1676, 9485
1513, 1676
1215, 1513
2336, 3083
2740, 5418
7355, 8467
2047, 7355
2047, 8514
6602, 7355
2047, 3536
8514, 9439
7918, 8179
8179, 9412
5356, 9412
2750, 3063
2750, 3693
537, 9490
858, 3426
2083, 3426
2083, 9852
8211, 9852
2083, 2693
2083, 7075
3671, 7075
2998, 3671
7075, 9742
6956, 9742
995, 7075
995, 1196
3671, 6321
2532, 6321
2463, 2532
1196, 6630
6630, 8258
26, 6630
9723, 9742
3943, 9852
1105, 8225
1105, 5146
5146, 6308
5233, 9629
4017, 5233
3109, 4017
2982, 3109
1970, 3109
1970, 4030
3109, 6463
685, 6463
5228, 6463
1855, 5228
1855, 1904
1904, 5386
5386, 8007
1904, 4097
4097, 5969
4051, 5969
4051, 8759
2658, 5969
4051, 4693
5017, 8007
5017, 7335
2954, 7335
1589, 1870
1589, 5173
4868, 5173
4868, 5206
4868, 6722
3823, 6722
2284, 6722
2284, 8254
4868, 9850
2615, 9850
6999, 9850
6584, 6999
5921, 6584
4433, 5921
1605, 4433
1605, 2856
474, 2856
474, 2222
2222, 6401
6401, 8911
1605, 3851
2856, 6883
6883, 8400
6401, 8842
2222, 2718
2856, 7624
1003, 7624
513, 5972
5894, 6538
7646, 9164
623, 9048
567, 8980
567, 4597
567, 5311
4350, 5311
567, 859
3032, 6514
297, 6514
297, 660
2986, 2989
2989, 9636
2989, 8499
125, 8499
125, 8932
6302, 8499
5576, 6996
6303, 6996
6303, 6511
79, 6996
79, 9585
9205, 9585
6996, 8679
3271, 8679
5782, 6303
6301, 7800
5310, 6301
8450, 8506
8450, 9217
8065, 9217
4478, 9217
5599, 8065
3199, 5599
247, 5599
3199, 5195
2389, 8065
247, 5869
5599, 8690
2489, 9223
2489, 4938
2405, 2775
104, 2405
2405, 7727
104, 5377
904, 5660
5122, 5660
5122, 5704
649, 7424
8666, 8883
8883, 8981
6762, 8981
5190, 6762
5190, 6322
594, 3889
594, 5443
5443, 6667
5443, 9802
327, 9112
327, 7692
1125, 7692
7628, 7692
1125, 7679
1125, 7665
4157, 7679
629, 4157
629, 5014
5014, 5519
5519, 5906
5906, 6228
2843, 6228
2843, 4222
6228, 6797
2843, 8247
4157, 6078
1750, 6078
5958, 6078
4486, 5958
570, 4486
394, 6078
5441, 5958
5441, 6492
5441, 6378
1750, 5192
5192, 7620
7620, 8029
570, 3451
7620, 8393
368, 5192
368, 1282
368, 8200
4349, 5192
4349, 8482
8482, 8674
1750, 7155
1733, 7155
1733, 6476
1733, 2250
6476, 9253
2250, 9677
4029, 9677
408, 4029
333, 9677
333, 8146
7155, 7429
6787, 7429
408, 9084
6336, 8146
6336, 7204
6336, 6781
4198, 6781
6781, 6897
6897, 6900
6897, 9695
1338, 1733
1338, 1887
1887, 9227
3654, 9227
3654, 6370
5521, 6370
3921, 6078
2505, 5365
2505, 2840
2505, 8110
8110, 9317
2874, 8110
2874, 4503
1832, 8110
8110, 8356
1548, 8110
2913, 3849
6256, 8301
5417, 8301
6347, 8301
4224, 8301
4932, 7791
3005, 7855
5850, 6856
912, 4960
4510, 4960
2070, 4960
2070, 7329
3690, 7329
6439, 9573
3095, 6439
230, 1965
1437, 8893
2506, 8893
2506, 5508
5508, 6184
2784, 5508
2506, 6437
1396, 6062
1396, 1403
1403, 3860
160, 3860
89, 1396
160, 7538
4902, 7538
650, 4902
1680, 6184
2089, 2515
6150, 7725
3342, 7725
215, 1791
215, 1545
1796, 8450
1796, 7441
7388, 7441
5019, 7388
3951, 5019
7162, 7441
7388, 7515
7515, 9021
1233, 9021
1159, 1233
1159, 6441
6441, 9920
183, 1825
6533, 9723
3429, 5031
3870, 8569
3870, 6971
3870, 4020
394, 6494
3583, 5082
296, 5673
5673, 6795
1113, 8776
1113, 4208
4633, 9088
1004, 4472
1004, 8357
5359, 8357
5359, 6084
8357, 9916
1606, 8263
532, 8263
157, 8016
8094, 9744
9243, 9744
930, 9796
2164, 5471
2164, 7060
3916, 7060
5755, 7060
2164, 4138
4138, 8899
4138, 7438
2679, 8899
5755, 8518
3916, 9691
2932, 4883
7297, 9056
3397, 7297
6320, 7297
391, 7266
4725, 7266
4725, 7787
4553, 7787
339, 4725
3791, 4553
4553, 9232
225, 4725
9024, 9232
9024, 9114
8684, 9114
4034, 8684
6941, 8684
6688, 8684
2422, 6688
2422, 8660
6395, 9114
4190, 6395
5134, 6688
5134, 6893
5119, 6893
5134, 5778
339, 3613
430, 3613
3459, 9503
2598, 9503
225, 1580
1580, 8302
2138, 3613
2138, 5588
2138, 6595
961, 6595
961, 4915
6595, 8590
2895, 8590
1021, 8590
4915, 6707
6707, 8699
2167, 6707
3516, 4915
3516, 3582
3582, 8033
8033, 8365
4514, 8033
3148, 8365
3148, 8351
3629, 4514
3516, 6290
3423, 8033
3271, 7854
1152, 2271
2271, 7961
3143, 7961
4127, 6499
3483, 6499
4772, 6499
575, 4772
575, 4882
4882, 7818
7818, 8703
7339, 8703
575, 3062
413, 3062
2199, 7462
2585, 5598
2585, 9133
2585, 7345
7345, 8036
2021, 7345
8036, 8072
5651, 8072
5651, 8372
5651, 9721
3856, 5651
3856, 7708
8648, 9721
139, 8072
139, 5448
3105, 5448
1318, 8072
1241, 6841
6841, 7098
3924, 8870
8870, 9085
3322, 8870
82, 8870
82, 6859
2682, 6859
2682, 9797
4806, 9797
4806, 8675
50, 9797
7256, 8870
2093, 7256
1335, 9201
2801, 9201
2801, 9487
3521, 9487
3521, 8330
3521, 7927
2427, 8330
2427, 7144
8066, 9487
2427, 3747
3624, 7630
977, 8742
28, 2161
9423, 9992
6734, 9992
4127, 4991
4991, 8361
5617, 8361
2204, 5617
8361, 9148
2782, 8361
4178, 6371
2938, 3388
3388, 7645
7306, 7645
4933, 7645
4933, 9806
9335, 9806
9230, 9806
910, 4933
828, 910
263, 3388
828, 4660
828, 2560
2560, 9486
910, 3241
3241, 9720
3241, 9771
6938, 9771
6938, 9552
617, 6938
617, 8582
8128, 8582
8128, 9712
8128, 8828
576, 8828
617, 1940
576, 9078
5316, 9078
5316, 8131
576, 6197
3241, 8334
2946, 8334
2946, 5907
734, 3497
6737, 9898
7655, 9898
2143, 7655
2143, 4426
5663, 7655
4288, 9898
860, 5663
860, 9956
5135, 9956
1281, 5135
1281, 2638
2145, 5135
2638, 8167
1557, 8167
1557, 4064
1557, 2755
754, 2755
754, 1961
2439, 2755
2439, 7643
2439, 4259
1417, 4259
1417, 5268
1417, 1447
4259, 4528
4528, 5756
5756, 9523
1296, 9523
7700, 9523
7684, 7700
7804, 9523
5124, 7684
2113, 5124
1961, 5081
5081, 5235
5235, 5259
1460, 5081
860, 6835
1801, 6835
755, 1801
117, 755
83, 117
83, 4131
4131, 6898
117, 979
979, 3567
5135, 8032
1420, 8032
1420, 3292
3292, 8906
6519, 8906
4445, 8906
4445, 4653
4203, 4653
1948, 4203
8032, 8998
1543, 8906
1543, 6790
1543, 9534
1296, 9767
754, 963
6354, 7684
2593, 6354
2593, 8869
4090, 6354
4090, 9424
4090, 4564
120, 4528
2306, 3055
905, 8903
29, 7143
29, 127
127, 9363
3155, 9363
127, 6972
2135, 6972
3783, 6972
2135, 7793
4116, 6597
6004, 6597
886, 6004
886, 1134
886, 3597
3072, 3597
3072, 5934
3597, 7965
1666, 8442
8442, 9988
9342, 9988
2281, 5664
7764, 8419
3312, 5807
1350, 2632
844, 1350
844, 6409
6409, 8724
7166, 8724
844, 1096
7166, 7217
744, 7217
7217, 8947
6409, 9907
3862, 9907
844, 8457
744, 5246
744, 6105
5499, 6105
7948, 8724
3955, 7948
1350, 5322
1060, 9907
1060, 9448
2572, 4436
2572, 4705
4705, 9484
2572, 8563
2572, 9611
7797, 9484
1577, 9611
1577, 7157
7157, 9549
2097, 9549
4397, 9549
6486, 9549
4307, 6486
1634, 4307
2097, 7179
3832, 7179
1390, 3832
1390, 4306
4306, 5854
3832, 4834
4031, 4834
2678, 4834
2678, 6075
6075, 6292
958, 6292
779, 958
779, 3311
1990, 3311
3886, 4307
1577, 7063
2678, 6253
4031, 6666
6383, 6666
6666, 8213
620, 6383
5855, 6253
2013, 5855
5855, 8352
4978, 8352
341, 8352
3852, 7179
3375, 8352
4745, 6292
4745, 5021
849, 5021
231, 7157
4834, 8968
4624, 7797
4624, 6544
2849, 6544
958, 9097
779, 2352
4031, 8534
2455, 8134
4211, 8414
7101, 7846
4614, 7101
4765, 7101
4765, 6286
4765, 9639
3197, 8502
3197, 5795
5795, 9480
1104, 3197
3197, 7823
733, 3197
6428, 7823
4299, 6428
6428, 8521
2963, 8521
6428, 7132
1963, 8321
999, 8321
4933, 7468
6764, 9076
9076, 9998
6825, 9482
2680, 9419
2680, 9504
9504, 9943
4700, 9504
4700, 7317
1852, 4700
1852, 1856
216, 5819
1065, 5819
2150, 3666
3666, 8857
8857, 9621
3051, 9621
2370, 3051
6118, 8924
4363, 8185
6028, 6950
3442, 4850
1476, 6951
1476, 7148
5616, 7148
3230, 5616
3230, 4206
898, 9265
9265, 9816
5745, 7517
7427, 7517
7427, 8928
8928, 9955
8368, 8928
798, 8368
1268, 7900
3988, 7900
1694, 3270
3270, 3300
65, 3270
3270, 3904
3904, 6682
2743, 7793
2743, 9564
2926, 9564
1194, 9564
1466, 2743
1466, 8255
5892, 8255
2873, 8255
284, 5892
284, 2287
2873, 5315
1466, 7808
4934, 5892
2873, 4427
4427, 5449
8255, 9326
5750, 9326
2928, 5750
2928, 6154
266, 284
7967, 9326
2873, 4367
1466, 6978
6978, 9153
2428, 9153
6978, 8266
6914, 8266
2873, 5325
1459, 5325
1459, 4475
4128, 4475
2924, 4128
1424, 2428
5746, 9326
7454, 9564
5511, 7454
5511, 6067
4317, 6067
4055, 4317
4055, 9547
3585, 4055
3585, 9035
9547, 9600
2333, 4055
5878, 9035
2428, 8119
1164, 8119
1164, 2500
7017, 9035
6933, 7017
6933, 9347
2333, 3407
3407, 6625
3407, 8051
7859, 9564
7859, 9869
3700, 9869
133, 9869
3700, 7559
997, 3700
997, 4636
3584, 4636
1640, 3584
3584, 7614
950, 7614
743, 7614
743, 4589
743, 2062
2062, 9457
3535, 9457
3535, 6304
6304, 8671
21, 7614
7614, 8853
1388, 3700
486, 1388
446, 486
1640, 1989
1989, 6920
1753, 6920
1627, 1753
1627, 7612
5623, 7612
2062, 2476
622, 997
622, 3641
6304, 8336
133, 1285
4589, 5303
5303, 6095
6095, 8314
3995, 7612
1235, 2062
7636, 8853
47, 7636
47, 6063
5303, 8198
1490, 8198
1118, 8198
6526, 9457
622, 949
133, 9863
6067, 8342
3939, 8342
4202, 8342
4202, 8363
4934, 9566
6239, 9566
5380, 9869
5380, 8441
7837, 8441
4002, 8824
2292, 7022
4343, 7022
2383, 6907
2383, 7129
5846, 7129
2522, 7217
260, 6595
260, 4968
77, 475
838, 8266
838, 2387
4472, 5741
5741, 5898
2790, 8883
5628, 6362
6963, 7180
5369, 9416
6194, 9416
2538, 6792
2538, 2968
390, 2968
2968, 3531
3531, 4645
2246, 2538
2246, 7600
4449, 7600
4449, 7288
3531, 4266
2622, 2968
2622, 5415
2773, 5415
2622, 6550
5402, 6550
5402, 9977
8009, 9977
2773, 3399
262, 8009
1917, 3399
4077, 9977
197, 5415
197, 3020
4210, 6245
4210, 9791
4210, 9030
1011, 1101
7516, 8060
4310, 8060
4310, 7912
2765, 4827
4827, 6198
4122, 8060
951, 1172
3855, 8034
245, 3855
3855, 6325
1929, 9569
6923, 9569
7368, 9569
3121, 7368
367, 7368
367, 3661
3303, 3661
3121, 8528
8528, 9462
1053, 9462
1053, 7393
1053, 8868
187, 1053
115, 9462
115, 2900
2900, 5933
882, 5933
1481, 8528
642, 9462
2900, 7734
8772, 9462
187, 199
72, 199
72, 8801
3223, 8801
66, 3223
9, 66
66, 7061
3106, 3223
3223, 4668
9, 8826
3986, 8826
3986, 7765
3986, 8579
199, 4287
2794, 4287
192, 2794
192, 5836
5836, 8647
3414, 8647
3414, 9995
3414, 8113
2702, 8113
2702, 9757
2702, 9594
5986, 9594
7760, 9594
5818, 7760
1218, 5986
7445, 9594
508, 1218
508, 4663
4663, 9814
1182, 9814
7760, 8299
2409, 9995
6374, 9995
3808, 6374
477, 5986
7780, 9594
1218, 7047
4287, 9994
8740, 9994
2409, 8478
690, 9757
2460, 4287
2460, 3280
3280, 4650
4650, 8847
2277, 8847
39, 8847
39, 8978
72, 6113
2409, 6678
347, 2409
347, 1741
1741, 6039
5547, 6039
1741, 7978
261, 7978
261, 1593
1613, 6039
6982, 8847
2757, 6982
4262, 6982
2709, 6982
221, 4262
261, 3177
2460, 7952
7952, 9364
228, 9757
3271, 7625
2394, 7625
804, 2394
804, 6772
288, 804
288, 2178
6206, 8911
2333, 9042
303, 9042
8696, 9042
303, 5314
4407, 7059
6052, 7059
3277, 6052
2248, 6711
3793, 6711
6711, 9452
8608, 9452
5430, 8608
4646, 9452
3702, 4646
3702, 8866
288, 8536
7263, 8536
7232, 7263
2098, 7232
6068, 8173
6012, 8173
423, 8173
6738, 7979
5495, 6738
4724, 5495
4174, 6738
1780, 4174
4174, 9270
7322, 9270
238, 4037
238, 5319
396, 5319
396, 3027
5018, 7685
825, 1607
534, 3604
328, 5851
328, 3981
5708, 8573
4021, 8715
4021, 9623
4855, 9623
4855, 7131
2545, 3309
2545, 3977
2545, 5829
3977, 7878
3811, 7878
2545, 9858
8098, 9858
2368, 8098
1048, 2368
1048, 4429
1048, 2108
2108, 6241
1756, 2108
1532, 8098
6241, 6752
6752, 7509
252, 7509
7509, 7981
252, 9543
1866, 9543
2602, 9543
826, 2602
2602, 2736
2736, 8520
826, 3415
1716, 3415
884, 1716
1716, 5648
1716, 7411
3415, 5538
1716, 2001
2001, 2125
7878, 9051
5861, 9051
5861, 9262
3835, 9262
5861, 5926
121, 5926
836, 5861
9051, 9668
4422, 9668
3, 9668
4422, 5056
5056, 5917
3, 9382
3942, 9382
69, 4422
69, 4270
2845, 4422
3, 5240
5060, 5240
1649, 5240
3835, 6027
2219, 3811
69, 9022
198, 9022
198, 5882
5882, 9473
193, 5882
198, 2575
2024, 2575
272, 2024
198, 9901
444, 884
2216, 5829
1673, 2216
1673, 2315
2216, 4971
3469, 4971
429, 3469
1260, 4971
1260, 1337
1260, 6100
1260, 2425
2425, 8159
3469, 6390
3469, 5083
5083, 9351
5917, 7960
3240, 7960
2385, 3240
5089, 7960
1532, 9086
198, 8986
2081, 8986
193, 4562
444, 7999
2425, 7033
2179, 5829
2179, 5943
2054, 5943
845, 2054
845, 2069
2069, 3964
1189, 2069
655, 1189
1189, 8645
1189, 7633
235, 7633
655, 3079
655, 2906
320, 2906
235, 1774
1774, 8946
1337, 6149
2575, 7123
2024, 9857
25, 9857
25, 8867
25, 1959
1959, 2854
1959, 6572
6572, 8376
6572, 8956
33, 8376
3035, 9668
8125, 9945
1920, 8125
3234, 6645
4640, 6645
3200, 4640
2862, 7693
7710, 8875
4208, 5524
5524, 8823
5524, 8629
4313, 9898
3572, 4313
3572, 4456
3572, 7518
3572, 3786
6862, 7518
3125, 6862
2700, 6862
3125, 8237
3478, 8237
3478, 7485
2997, 7485
277, 7485
4637, 7485
2580, 4637
2580, 6168
2997, 4141
3794, 4637
5039, 6168
4764, 5039
2237, 4764
2237, 8469
2237, 2531
1073, 2531
1073, 2213
3478, 9387
2997, 4548
3726, 8633
3043, 3726
3043, 9288
3043, 4533
3726, 5288
877, 5288
1357, 5288
3043, 6892
22, 4304
22, 3824
1670, 3824
2793, 4902
2635, 2793
321, 552
1523, 5363
2928, 4400
4400, 5293
4400, 9224
3367, 4400
6738, 7621
8875, 9526
3891, 9218
3891, 8976
8909, 8976
6745, 8909
384, 6745
1073, 4750
4750, 4796
7603, 8030
5677, 8030
2684, 5677
7784, 8030
3395, 5792
5946, 7130
357, 7130
8395, 9635
1428, 9635
9635, 9946
432, 9946
8707, 9946
4996, 9635
1247, 9635
1776, 9635
1776, 2289
2289, 7070
402, 7070
7070, 7830
7830, 9745
710, 9745
1428, 1507
1507, 1936
8885, 9664
3360, 6924
8402, 8505
7338, 8505
6183, 7338
7338, 9447
1273, 6877
878, 9988
3292, 7450
3474, 4200
3251, 3474
3702, 9135
7247, 9135
7247, 7674
1436, 7674
7247, 8409
1436, 2415
4906, 9150
3308, 9150
548, 4055
548, 3974
5942, 8828
5180, 5942
5942, 6601
4853, 5942
4853, 7875
6950, 9136
1457, 6081
848, 4960
848, 5383
5383, 8850
6369, 8850
8899, 9516
1706, 9499
1450, 5727
304, 1450
1450, 8846
304, 4282
1450, 2910
1891, 4282
1891, 5006
5006, 6277
1845, 6277
2337, 7494
1017, 7745
1017, 9598
747, 9598
1017, 9848
9597, 9848
9597, 9919
6804, 9022
616, 6552
2408, 2773
2408, 5474
1861, 5474
1861, 2787
835, 2787
2787, 4842
1861, 3031
3031, 7543
2966, 3031
2966, 3323
2966, 4733
4733, 4852
3323, 8686
2724, 8686
2724, 8631
2724, 7799
602, 3323
2787, 9525
5591, 9525
5591, 8940
7332, 8940
2966, 5340
134, 1861
241, 835
241, 2672
241, 3826
2672, 7642
3826, 7899
6030, 7899
6030, 6484
6484, 9588
6484, 8471
3931, 7899
3931, 5373
3826, 6536
4399, 6536
332, 6536
332, 3163
3163, 6310
332, 3205
1770, 9588
535, 6310
535, 991
535, 4273
3323, 6148
6148, 6758
1687, 6148
803, 6778
1034, 3509
3957, 7763
3937, 3957
3706, 3957
3706, 5658
2276, 5658
2276, 2492
1304, 2492
1304, 1349
1304, 6672
1349, 7251
1972, 3957
489, 2276
1921, 7251
1921, 4172
3132, 3937
3132, 5879
1921, 3895
3895, 6240
301, 6240
301, 7141
1754, 6240
1349, 8067
4172, 7946
7946, 8130
3380, 8130
409, 3380
2903, 8067
4446, 8562
4446, 9561
6037, 9561
3017, 6037
3017, 8533
3017, 6191
3266, 8533
1289, 3266
807, 1289
807, 9200
1289, 5273
3266, 5172
5172, 7959
4332, 7959
5172, 6031
4333, 6031
1289, 2338
1289, 6594
6594, 7420
3166, 6594
2010, 3166
907, 9200
907, 2400
2400, 9718
6291, 9718
6291, 8887
6031, 7553
3778, 7553
3778, 5825
4776, 5825
4647, 6291
4647, 9894
2400, 7493
7493, 8763
4063, 7493
3966, 8763
3966, 4857
4406, 4857
3966, 4539
4857, 5683
4333, 4452
4452, 6250
3287, 6250
283, 3287
283, 1860
283, 9616
8121, 9616
283, 7556
415, 7556
2969, 3287
2969, 8984
2988, 8984
2988, 6180
6046, 8984
2969, 6221
3221, 6221
6221, 7945
6221, 6577
1860, 2296
3070, 9616
3070, 5692
8121, 9064
4355, 9064
1684, 9064
4355, 8107
4617, 8107
1183, 4617
1183, 8637
8270, 8637
1183, 2255
1229, 2255
1229, 6079
5366, 6079
4617, 6124
1684, 2206
2206, 3739
5825, 7265
7265, 7587
6866, 7587
3130, 6866
6866, 9429
334, 3130
334, 4815
1223, 9429
4421, 5692
2675, 4421
2372, 4421
2372, 4459
4459, 4992
2911, 4421
1984, 2911
4332, 7184
6046, 9655
62, 582
582, 5211
5211, 5457
1456, 5457
4541, 5211
4541, 4575
5355, 9392
4505, 5355
3081, 4505
3081, 7474
4364, 4505
4364, 6634
5193, 6634
4236, 5193
6634, 8453
2125, 7831
7831, 9803
938, 6436
2834, 3306
158, 7587
2039, 6315
4376, 6315
1036, 6264
6243, 7433
4451, 6243
6243, 8296
6243, 8643
7081, 8643
5701, 8643
114, 4451
114, 4752
4752, 4894
3729, 4451
3080, 7081
3080, 8977
194, 3080
114, 8322
3216, 8322
8322, 8967
1982, 8967
1568, 8967
2127, 8967
2127, 4047
1482, 2127
403, 5095
6660, 8394
2669, 6865
8222, 9056
6586, 8222
1083, 9912
5841, 8598
5841, 7847
6570, 7847
1769, 2613
1611, 2169
1611, 8604
7985, 8604
1611, 5838
4008, 8604
1542, 4875
2532, 2967
2967, 9936
4346, 8736
2397, 4346
1817, 2397
2397, 2444
2397, 5106
5106, 5614
1330, 8352
1330, 2379
72, 7503
812, 9836
1503, 9836
1503, 4525
1766, 4525
1766, 7486
1766, 1967
511, 4525
3141, 9836
4525, 7651
3800, 7651
3517, 3800
1787, 7651
1787, 3579
2893, 3579
7651, 8646
7236, 8646
4623, 7236
7236, 9583
581, 9583
581, 7205
1704, 9583
459, 7425
921, 8573
921, 9465
921, 934
105, 921
934, 3448
638, 921
5632, 5730
5042, 5730
1816, 5730
5482, 7162
4455, 5482
883, 4455
883, 1762
4455, 4909
4909, 8232
392, 8232
883, 2771
2771, 7828
5234, 8232
4549, 4909
1648, 3766
1625, 4097
1625, 6837
1349, 9255
5994, 9255
9040, 9255
4954, 9255
6585, 7604
646, 7604
646, 9160
2644, 7604
2644, 2764
2644, 3021
2644, 4531
1138, 4531
1138, 6487
105, 7966
7966, 9101
635, 8574
9059, 9095
2163, 4328
2163, 7898
217, 6476
217, 5379
4492, 4944
358, 6548
358, 3116
3116, 4521
3116, 7820
6023, 7820
2413, 3116
2981, 8050
2981, 9732
9414, 9732
3596, 9732
3596, 6420
2981, 5151
4848, 5151
315, 4848
6093, 6420
5654, 7365
593, 7365
593, 4054
2896, 4054
1379, 2896
1379, 7796
2382, 2896
2382, 3669
1379, 8272
1379, 4619
2299, 4619
612, 2299
612, 1158
612, 6467
2484, 5174
1454, 8763
280, 1454
280, 761
1454, 7986
5453, 6730
976, 5098
5098, 7814
5098, 6144
3816, 6144
3816, 5560
213, 5560
213, 8799
3932, 6144
1116, 3816
220, 1116
220, 3983
670, 3983
670, 5117
670, 2659
670, 7546
2184, 3816
775, 2184
775, 7921
243, 7921
1064, 6144
1315, 3932
1315, 1584
1315, 5668
1584, 4251
2789, 6144
2789, 8116
179, 8116
540, 2789
108, 540
108, 6231
8920, 8921
3563, 8920
2966, 8252
4118, 4299
2318, 4118
1085, 2318
6167, 9050
5379, 9397
8042, 9397
8042, 9875
1704, 4559
1269, 4559
775, 6443
1309, 3736
3736, 6554
1205, 6554
1205, 2160
3015, 6554
3736, 8938
4423, 8938
1205, 5546
2510, 5546
2510, 9031
2160, 5209
504, 4423
504, 5569
4293, 5569
5569, 7810
7810, 8626
504, 7545
2885, 7545
868, 3736
868, 4494
3056, 7519
3056, 3946
3056, 3901
335, 3901
2126, 7030
1157, 3138
3138, 5767
3138, 8127
4338, 4378
6717, 8668
1099, 9444
9444, 9541
6099, 8028
5024, 6099
1794, 5024
5024, 9239
1521, 8901
1521, 6217
6217, 8639
1521, 6404
1991, 6404
4296, 7956
2585, 9929
6969, 9929
6114, 6841
3371, 7306
18, 3371
18, 1892
1892, 7990
3371, 6848
1242, 6848
1420, 5406
5406, 8124
3993, 8124
3993, 7026
3235, 8124
3993, 6700
7312, 8562
2666, 7312
2265, 7312
2666, 8474
449, 5963
1067, 9035
1067, 7809
7809, 8362
6976, 8362
6976, 9565
5425, 9565
6283, 7131
355, 6283
355, 8458
4601, 8458
4601, 6333
757, 6333
3872, 4601
2713, 6283
3885, 6486
7055, 7948
6984, 7055
3255, 8254
2537, 4228
2867, 6557
2099, 6557
507, 6557
507, 5909
5909, 7188
6065, 7188
355, 6661
2073, 2646
2646, 8244
1497, 8244
5733, 8244
1456, 6831
83, 85
85, 5734
5734, 6735
6208, 6735
6735, 7149
870, 6735
870, 4249
3245, 5734
85, 7324
899, 8861
899, 2197
2197, 3111
3111, 3146
2935, 3146
2935, 9980
7183, 9980
9860, 9980
8463, 9860
2922, 9860
1327, 9435
7383, 9435
2219, 7776
7588, 7776
7776, 8346
989, 7776
989, 6345
5003, 6345
7588, 9997
3755, 9997
298, 3755
298, 9680
4271, 9680
298, 6472
6472, 7498
2049, 8346
8186, 9143
2229, 8740
2229, 2542
612, 2323
2212, 7875
2212, 7146
7146, 9196
8251, 9196
2212, 2600
7731, 8251
2212, 4450
7731, 9576
3519, 9576
1259, 3519
2031, 7143
5517, 5709
3880, 6099
3880, 7448
2858, 8186
165, 2382
165, 6719
991, 4110
146, 6037
1592, 6467
148, 1592
148, 1724
7988, 8890
450, 8890
450, 2453
450, 3385
5203, 6672
2628, 5203
652, 5203
393, 6173
122, 5038
5038, 9563
9563, 9733
1367, 9634
2317, 7742
2317, 4664
4664, 9779
6851, 9779
4746, 6851
6851, 8619
2317, 8182
2187, 8619
2187, 4538
4538, 8052
4746, 6466
1237, 4692
1237, 4973
4973, 8704
8495, 8704
1055, 8495
1055, 4719
4719, 5244
2473, 5244
2473, 9271
7867, 9271
4276, 7867
4276, 5279
2280, 5244
2280, 6822
2280, 7274
5583, 7274
1055, 7134
2378, 5244
5583, 5903
250, 9271
2167, 9706
6513, 9706
1095, 6513
8975, 9706
3447, 8975
5120, 8975
1095, 9996
2690, 9996
2690, 8026
1617, 8026
1272, 1617
1272, 6571
6571, 7631
639, 8026
639, 7439
6640, 9470
572, 6640
1851, 5628
1851, 4629
1334, 1851
4629, 9603
4629, 9669
2728, 9603
2231, 5314
559, 2231
559, 3688
2793, 5007
435, 5007
3366, 5007
1071, 1523
1071, 1300
3003, 9173
2852, 4261
4261, 8015
3237, 3787
7180, 7449
3191, 7924
5631, 9158
1045, 5876
1045, 1912
1912, 3725
3725, 8951
5676, 9632
9168, 9632
604, 5272
673, 5373
2013, 4041
2984, 5374
4914, 5374
1735, 4914
2194, 5374
305, 4914
1971, 5374
305, 2373
305, 500
500, 5729
3727, 6424
974, 5870
4454, 5870
4454, 5542
3433, 4454
6547, 9280
2499, 6731
1710, 7373
1710, 9923
9406, 9923
1629, 8451
711, 1629
4649, 7356
6030, 9649
6806, 9649
493, 7822
3279, 7310
3279, 7382
7382, 9100
8388, 9324
3249, 6357
4818, 8543
7463, 8543
6803, 9430
2614, 9430
439, 6411
439, 8089
3261, 8089
439, 9214
1888, 8907
1700, 8907
1700, 5057
1700, 2449
2449, 9297
3194, 9297
5415, 9321
1033, 3280
6489, 8945
2458, 8945
3965, 8945
1380, 3965
1380, 4007
4007, 4775
4694, 4775
4266, 4976
1144, 3584
1144, 5414
3550, 5676
650, 7045
97, 5180
97, 2403
2723, 3255
2723, 7744
2723, 6448
6448, 8201
8201, 9045
2192, 5156
766, 2192
1601, 2192
1601, 3067
1323, 3067
1601, 5712
18, 4286
3542, 6812
466, 6812
3952, 9945
3705, 8926
5788, 8926
2051, 9015
16, 6948
2636, 9969
577, 2636
3192, 8206
3192, 3928
1256, 3928
1256, 7762
4613, 7098
6882, 8827
6882, 9197
3953, 9197
9197, 9263
9032, 9263
9032, 9256
7304, 9256
4830, 7304
4830, 7902
7902, 8935
7769, 7902
5071, 7769
1455, 9032
1455, 6459
1455, 5108
749, 1455
8397, 9263
7304, 7557
1478, 7557
5649, 7557
749, 4089
1919, 4089
6274, 9032
6274, 6566
5875, 6566
2174, 6566
771, 6566
5055, 6274
5055, 9730
4275, 5055
1771, 4275
2014, 4275
5165, 9730
1069, 5165
1069, 6756
3135, 6756
1771, 2570
6922, 7788
7788, 8992
5140, 8992
4687, 8992
4687, 9206
5797, 9206
687, 5797
3125, 7043
7043, 7522
3165, 5056
1383, 3165
2001, 7950
3787, 4757
2654, 4757
362, 2654
362, 9384
780, 9805
1823, 9805
5641, 8547
5641, 6578
4334, 5641
217, 7871
2154, 5692
1183, 2430
2430, 8565
723, 2430
723, 9644
7174, 9644
3525, 7174
2719, 3525
92, 3525
2719, 6340
6340, 9369
9369, 9472
6340, 8087
3801, 8087
2055, 3801
756, 2055
1266, 2055
1266, 5993
506, 5993
506, 4391
756, 8483
978, 3801
978, 4965
4965, 6816
556, 8483
556, 9438
556, 3518
6300, 9438
6300, 7175
6843, 9369
5993, 7341
1722, 7341
78, 1722
1722, 9247
723, 6637
366, 6637
366, 4302
366, 3464
3464, 8325
4107, 8087
2448, 4107
2448, 6449
6449, 7739
506, 6481
579, 6481
1722, 6786
2351, 6786
4302, 8527
4821, 8527
1347, 8527
1713, 7341
791, 6816
791, 6309
41, 7360
174, 7360
174, 4837
4154, 4837
4043, 7360
174, 611
1349, 6828
362, 5526
4068, 5526
6492, 9019
6240, 6576
6576, 8555
8555, 9560
702, 9560
223, 702
223, 282
3638, 8555
2279, 3638
3638, 5295
5295, 8345
2032, 8345
1540, 2032
5292, 8345
2279, 5543
5543, 6581
1642, 6581
6562, 7359
4250, 7359
3494, 7359
4250, 5939
3494, 9812
9714, 9812
107, 3494
1855, 5908
5908, 9165
4036, 9165
4036, 4144
822, 9165
822, 8338
2302, 4144
2302, 9510
2302, 5266
8308, 9729
4927, 8067
1092, 4476
6140, 7587
3368, 6140
3368, 5149
5716, 8430
4526, 9345
3734, 9345
3734, 5951
5951, 9436
2939, 9436
2939, 6931
307, 6931
5951, 8712
922, 6931
323, 4111
4111, 6753
4727, 6753
4884, 6753
4884, 9062
6575, 9062
6961, 9560
8509, 8678
2285, 8509
2285, 6863
3020, 5941
5941, 6692
228, 9973
4782, 9973
710, 8384
614, 1357
614, 7647
7945, 9475
3769, 9475
3080, 3754
2307, 3754
2307, 5699
2557, 5699
2557, 4241
3754, 5403
5403, 9731
4241, 5079
5403, 7549
1552, 1773
1552, 8551
8551, 9141
7298, 9141
7291, 9141
7082, 7291
7082, 7616
220, 5473
705, 3312
705, 2927
4965, 6317
2419, 6317
1653, 3729
3092, 5378
1732, 7287
1732, 7689
1732, 1949
1732, 7767
1732, 2648
2648, 8701
2648, 3253
8701, 9888
7437, 9888
1732, 9882
7486, 8202
5106, 9577
4226, 9577
4274, 9577
4832, 8555
3171, 4832
6026, 8313
1993, 8313
995, 6021
5911, 6021
5911, 9479
9320, 9479
1170, 3716
3423, 9231
3422, 9231
2093, 9350
1837, 9350
1837, 6529
3139, 6529
3139, 7469
3139, 7073
2277, 4791
1387, 7232
8137, 9016
2543, 8137
3891, 7574
3507, 5345
3507, 5045
3507, 4465
1597, 2896
1783, 6518
3138, 7238
3925, 6331
3925, 4108
4108, 5586
2342, 4108
4108, 8525
4108, 4529
2254, 5586
2254, 6535
4181, 6535
4181, 5871
4181, 7531
5871, 9701
8012, 9701
1587, 8012
5871, 6151
6151, 7552
727, 7552
5871, 9229
5585, 9229
3433, 7892
686, 9368
5228, 7072
5503, 8945
5503, 7749
4963, 7749
7419, 7749
7749, 8716
8625, 8716
7210, 8625
7419, 8493
7161, 8493
3250, 5142
3168, 5142
1555, 8824
1555, 8443
3599, 8443
426, 3599
4516, 8853
3137, 4516
3137, 8717
5785, 8717
5785, 9990
3987, 9990
3987, 5804
5785, 7307
3105, 6600
3244, 6600
3202, 3244
2457, 3202
2457, 9911
9254, 9911
3202, 7992
595, 7992
1891, 4339
4339, 4358
1816, 9006
482, 2145
2576, 9996
55, 1605
55, 2571
2571, 8970
6673, 8970
2571, 8264
8264, 9065
1876, 8264
3335, 9065
1409, 3335
1882, 3335
360, 4552
360, 9531
8587, 9531
6713, 8587
3871, 6713
202, 1884
1884, 9122
5950, 6889
4044, 5950
4044, 6545
2018, 6545
2018, 8661
2018, 5719
4865, 5719
2286, 4865
1652, 2286
1652, 6159
2980, 4865
2980, 8312
8312, 8606
7243, 8606
7243, 7514
7243, 7547
3142, 8606
5633, 7547
1650, 7514
4865, 8343
3355, 6159
87, 611
7627, 8760
1945, 2440
2440, 3159
3159, 8813
7414, 8813
1524, 2018
3583, 8895
4920, 5597
5597, 5681
28, 2502
4331, 6173
93, 7220
1460, 3874
4105, 5664
7823, 9199
3804, 9030
3804, 9786
3291, 8772
3291, 8404
2190, 8404
3023, 4400
9370, 9946
5093, 9370
7247, 8477
6311, 8477
2007, 5850
2007, 9885
8153, 9885
2655, 8153
2655, 9754
6826, 9754
6599, 6826
6133, 6599
463, 2655
27, 463
386, 2655
386, 6248
6248, 7346
4976, 5265
5265, 5832
511, 4360
4360, 9586
7895, 9586
3496, 4360
558, 3496
890, 3496
890, 6773
4936, 5936
1419, 5672
418, 2154
4987, 9194
7499, 9194
8995, 9194
7499, 7715
7715, 8001
7715, 9169
2177, 4842
1393, 2177
4452, 4570
4570, 8416
688, 4570
688, 3591
5872, 8416
108, 2218
515, 4456
1597, 8123
1304, 2264
2264, 2360
2188, 2360
2188, 9904
1204, 6068
1170, 4335
7549, 9391
8662, 9391
1859, 9391
1754, 1879
1879, 5744
634, 5818
294, 6583
1791, 9365
9365, 9546
2215, 9365
7237, 8029
7538, 9867
4553, 7798
6845, 7798
8276, 9148
7090, 8276
3211, 7090
3211, 3652
3652, 7653
3053, 8276
3053, 7737
2647, 3053
1271, 7737
4766, 7737
7090, 8249
3053, 5245
1630, 4981
1630, 7261
1630, 7391
5002, 7261
6827, 7948
4715, 4765
6619, 8237
6373, 6619
521, 6373
2384, 6619
2384, 8681
5335, 8681
8215, 8681
566, 8215
5429, 8215
1275, 5429
168, 5335
168, 4481
5739, 9135
3047, 5739
3047, 4410
2636, 4321
4173, 9433
2745, 4173
2745, 4594
4076, 4594
4076, 9696
7750, 9696
7750, 8655
3159, 7110
5220, 7110
1930, 4130
4130, 8676
6970, 9898
5990, 8633
2393, 5990
1022, 7338
1022, 6517
568, 6517
1022, 8136
2039, 5112
5112, 8537
154, 8537
29, 615
615, 5177
3096, 5177
5177, 8088
8088, 8796
1535, 3096
1535, 9402
1719, 9402
5177, 9425
6508, 9425
6043, 6508
9425, 9659
9659, 9766
598, 9766
598, 3158
598, 4844
4844, 9508
2981, 5900
14, 5900
1565, 5900
5900, 6367
5389, 8244
5389, 8013
8013, 8083
5, 4421
5, 9935
3776, 9935
3776, 7259
5, 4860
7259, 9047
3394, 9935
164, 3394
164, 9026
5358, 9026
905, 8862
2975, 8862
2975, 5284
665, 7708
665, 4277
2211, 3909
1466, 9610
962, 8347
3855, 7720
245, 6754
240, 5986
240, 448
3580, 9749
6857, 9749
13, 2700
13, 3528
495, 3528
13, 9319
1932, 7796
1306, 1932
1857, 9434
5600, 9434
4283, 6093
1953, 6738
4696, 4806
4696, 9554
4666, 9554
2074, 9554
491, 2074
491, 5661
1499, 4666
3065, 4369
2937, 4977
4467, 4977
4375, 4467
1957, 4977
4467, 6186
5797, 8184
1974, 8184
417, 1974
417, 2493
505, 1974
1974, 3771
3771, 4052
3609, 4052
2493, 9568
7691, 9568
1102, 9568
1102, 6040
417, 7102
5114, 7102
4732, 5543
3313, 4732
3313, 3513
3178, 3513
1297, 3513
549, 3313
549, 5376
523, 5376
523, 3389
5037, 5376
1942, 5037
1458, 1942
1458, 8068
3763, 8068
4732, 7579
2266, 7579
2266, 3836
1047, 2266
1047, 8318
549, 9513
549, 8054
5881, 8054
8054, 9681
2478, 7579
3829, 6537
3031, 8771
3317, 8771
1146, 1564
1564, 8422
2284, 9792
4214, 9844
9835, 9844
3006, 7761
4898, 7761
4474, 9780
3491, 8889
3491, 3676
1729, 2361
2361, 6676
2361, 4789
6676, 8693
5342, 8693
3419, 8693
5342, 8849
2361, 5954
5783, 5954
3777, 5783
3777, 5901
2386, 5783
2288, 2386
2288, 3487
3487, 5028
3487, 9293
3487, 5264
8003, 9293
1068, 8003
653, 6289
824, 5863
387, 5863
387, 8102
4467, 6708
6708, 7682
2021, 3179
6135, 7545
2232, 8420
966, 2232
966, 3514
966, 2863
2863, 5022
3345, 5022
2568, 3345
2568, 7910
7910, 8210
3028, 3345
3028, 8837
8837, 9926
8507, 9926
1468, 8210
224, 7910
302, 1468
2258, 4861
4517, 4861
7449, 8291
2582, 8291
2582, 7357
3145, 7357
1184, 3145
3145, 5276
310, 7357
5350, 8291
2582, 6821
6821, 7768
5265, 5940
1307, 6961
1307, 6495
1307, 8605
5766, 8605
6818, 9800
2435, 9800
420, 2435
4827, 7923
4067, 7073
2767, 4668
2767, 3453
389, 2767
3671, 4731
4731, 9281
4731, 5784
2546, 5784
2546, 5644
2546, 8544
5784, 8851
1522, 8851
1441, 8851
1076, 1522
2703, 5644
3451, 9034
9034, 9244
7314, 9034
2853, 7314
2005, 7314
2005, 2621
1435, 2621
363, 1435
2005, 5198
2005, 2742
1968, 2742
5198, 7712
894, 5763
894, 8758
894, 4729
7442, 8758
785, 894
894, 9748
4729, 8958
3923, 7655
6354, 9648
17, 620
4475, 6156
6156, 7380
4125, 7380
7380, 7403
6613, 7403
6793, 7403
4125, 6850
6613, 6895
1951, 6895
1951, 6452
5090, 6452
5090, 5688
5090, 9630
3465, 5688
3465, 5548
4631, 5548
2832, 4631
7216, 7380
884, 5635
2464, 5635
2464, 5848
5848, 6387
6387, 9300
1051, 2464
5458, 6593
888, 5131
888, 9308
888, 8595
888, 5262
7401, 8225
6715, 7401
912, 8396
2103, 2492
8325, 8792
1960, 2255
5998, 6418
786, 6583
786, 1042
1526, 6197
282, 6119
8375, 8944
229, 4835
4835, 5008
4835, 6994
3184, 6994
3184, 5466
3184, 9303
3184, 9896
96, 9896
3136, 9896
2475, 3136
3685, 4693
3685, 8503
8503, 8966
4672, 8503
4525, 6677
1192, 9713
188, 1717
188, 1319
1319, 6482
1156, 3797
1156, 3982
1156, 4748
44, 5093
44, 373
373, 9008
373, 3157
4342, 9749
4295, 4342
1752, 4295
4295, 7790
613, 1752
613, 6906
4342, 6190
6906, 9913
3094, 4409
242, 3094
242, 7881
7056, 8116
207, 9557
2596, 6234
1461, 2596
1461, 8163
6686, 8163
3327, 6686
3853, 8163
3327, 4229
5922, 9008
5401, 5922
5401, 8512
1929, 4712
2470, 4712
2470, 9873
9184, 9873
4712, 7229
3695, 7229
1343, 6305
2060, 4135
1381, 5499
4738, 9037
1567, 9037
3949, 9037
5948, 7017
4741, 5948
3069, 5948
199, 6838
2565, 8978
2565, 7805
7678, 7805
1357, 8714
5529, 8714
4251, 8289
1432, 8289
2031, 5743
1609, 3244
1609, 4463
2089, 5435
6497, 8335
4988, 8335
4988, 9951
5294, 9951
1660, 5294
3573, 5294
4988, 8023
2366, 7964
2366, 6036
2366, 3902
1427, 1759
1759, 5968
5968, 8705
1041, 5968
91, 1759
110, 4594
2664, 9133
2664, 7841
815, 2664
815, 4023
4023, 7459
3973, 7459
6013, 7459
3333, 6013
6013, 8234
4780, 8234
6013, 6817
535, 5331
5331, 8726
4330, 7108
4612, 7108
1657, 6214
1079, 1657
5188, 7533
3168, 3753
810, 7603
810, 9899
3353, 9899
1975, 3353
671, 1975
8597, 9899
671, 7775
3004, 7775
3004, 6268
2498, 6268
2498, 7153
3353, 5065
1368, 6268
2498, 6083
4126, 7153
3305, 9899
3529, 6360
5076, 6028
6823, 9385
4227, 9385
4227, 7031
3221, 7492
4480, 6321
151, 4480
2578, 4480
181, 2578
181, 9861
9861, 9928
1846, 9861
1846, 9380
1846, 9705
4839, 9928
4839, 8552
1846, 6701
4480, 5152
5152, 5421
5421, 5974
1439, 3654
1439, 7475
1439, 1479
4237, 9280
2247, 9552
2247, 9081
8832, 9081
5662, 9081
3588, 5662
2824, 9332
6329, 6666
6329, 9595
8323, 9595
4819, 8323
4819, 5080
4819, 5160
5160, 5385
5160, 9984
3883, 5080
2735, 3343
4511, 8060
3162, 4511
37, 6489
37, 8448
37, 2006
2006, 8418
2872, 8418
416, 2872
416, 8628
2872, 9091
3757, 9091
5957, 8418
3102, 8418
3102, 8818
2617, 8818
3102, 8848
3102, 3897
129, 5991
7013, 9902
6224, 7013
2637, 6224
2353, 6224
7013, 9815
6224, 7024
6224, 6504
946, 6504
946, 9678
9788, 9815
5964, 9815
321, 1952
2684, 5500
878, 9825
5164, 9825
6991, 9825
4682, 5088
2158, 5088
1148, 6245
182, 1148
182, 1711
182, 2708
2610, 2708
2610, 2965
2965, 5509
928, 2610
2708, 6646
928, 9530
3282, 9530
1748, 3282
1748, 9647
2935, 4087
1259, 1830
3104, 3590
7596, 9032
2144, 7596
3590, 4232
4232, 4544
2557, 5231
3139, 4874
1467, 8394
2440, 2687
3000, 7396
5768, 7396
1346, 5265
533, 8215
533, 9474
1932, 8360
5158, 8360
2077, 5158
1002, 2077
1002, 2004
1002, 6926
2004, 8195
1008, 8243
2304, 8243
6482, 7694
7694, 8838
5435, 9180
1661, 3716
1661, 6693
1661, 2594
798, 4523
3090, 4523
1388, 6620
6479, 6620
4962, 6479
1944, 4962
3331, 8363
3331, 9558
925, 9558
925, 3034
3639, 8753
8753, 8761
300, 8753
8753, 9464
2262, 9464
2262, 7221
971, 6670
5723, 6880
5218, 6880
5347, 6880
378, 5347
378, 2634
2634, 7211
378, 8766
3859, 8766
7478, 8766
7478, 8962
378, 5437
4828, 5437
4828, 7873
893, 7873
4828, 7561
308, 8718
791, 2517
2189, 2517
2189, 7050
1534, 7050
1534, 4662
4662, 8348
2842, 4662
4385, 9973
6747, 7414
151, 5251
5251, 9747
258, 9747
3807, 9747
5460, 9747
1657, 4980
4980, 7849
1009, 9243
1009, 6955
6955, 7886
3933, 8660
1442, 1543
4758, 8368
1407, 8942
1760, 8847
1450, 8719
8719, 8744
8235, 8744
2056, 4446
2056, 3265
875, 3265
875, 8305
3265, 7726
944, 4894
30, 5118
4291, 5118
3606, 5118
2847, 4291
4291, 6475
6475, 7389
2268, 6475
2268, 4373
7921, 8122
6267, 8122
7448, 8486
5025, 8486
3258, 5025
3258, 9642
2226, 9642
8720, 9642
6050, 8720
8480, 8720
7053, 8480
3379, 7053
3379, 3848
1207, 8480
1279, 2226
1279, 5442
1207, 3122
2381, 8720
292, 2226
1386, 5352
3122, 4787
435, 4357
4391, 5615
7602, 9324
4093, 9885
1840, 4570
1840, 8256
3259, 9904
2607, 3259
2607, 3607
2607, 3064
7789, 9868
561, 7701
709, 1360
709, 3643
3643, 4590
257, 1886
1886, 9063
1886, 6324
3103, 6324
8592, 9063
5562, 9926
275, 5562
151, 4083
4083, 7718
7835, 9171
6363, 9171
1728, 6363
1728, 2788
1728, 2205
5407, 5835
8809, 9849
3052, 4706
4106, 9784
3939, 4721
2870, 4721
1838, 2870
1838, 3547
2301, 9390
3121, 7127
3714, 9042
5459, 6412
1982, 6635
3594, 8454
3594, 9142
2510, 6560
5961, 6560
369, 9378
5033, 9378
948, 7867
948, 3843
542, 948
948, 4925
4925, 7730
1033, 6925
2399, 3202
3871, 9533
6474, 8377
801, 5681
8882, 9895
3606, 8271
3607, 4268
2788, 5127
5127, 9496
2555, 9496
2795, 5127
2205, 2695
816, 6474
5972, 6307
2165, 6307
6307, 8654
209, 3019
3019, 5344
2589, 5344
2370, 6490
4363, 8879
406, 8879
4507, 8879
100, 8879
100, 103
3971, 8363
3971, 9886
7128, 9886
1703, 4552
1703, 6568
286, 2096
1162, 9426
4065, 5105
3287, 8800
163, 1655
3088, 8055
305, 9657
5116, 9657
5116, 6480
5116, 6271
3246, 6271
3246, 4479
3959, 4479
5011, 9206
7962, 8394
1650, 9782
6073, 7074
4729, 9824
4741, 5580
3847, 5530
2670, 2754
5592, 8683
3477, 7395
3477, 8904
8904, 9409
1572, 9409
52, 8904
1572, 3430
1572, 9137
6528, 9137
7080, 8000
1509, 5953
3784, 5953
5953, 9777
7088, 9777
6128, 9777
6255, 9777
3808, 6532
4429, 7975
4442, 7975
2730, 5556
2152, 9160
6657, 9915
5685, 6657
201, 6844
1045, 7423
7423, 8923
771, 3039
3039, 5502
4334, 4620
4620, 7709
2859, 4758
2859, 7253
6932, 9142
6932, 7958
6146, 7958
919, 6146
6932, 8367
8367, 9071
8779, 9071
7524, 8779
1877, 6146
514, 7536
7511, 7536
5297, 7211
8226, 9527
5450, 8581
5068, 5450
2011, 5068
5068, 6751
1726, 6751
5068, 7377
7377, 8710
831, 7377
5513, 7377
5513, 8455
3022, 8455
1810, 3022
1810, 2418
2418, 2511
876, 2511
2511, 7133
2715, 3022
200, 7133
2511, 4308
4308, 4440
4440, 5444
1562, 3022
5451, 8455
9558, 9891
8912, 9891
700, 8912
700, 5086
5086, 8627
4028, 8627
5978, 8627
5627, 5978
5618, 5627
7568, 9891
4688, 7568
5589, 7369
2166, 5904
2791, 3512
2791, 8510
3863, 6813
3863, 8822
869, 3863
869, 7187
2563, 3863
7187, 9296
4640, 7342
3931, 9889
2338, 7353
912, 1179
1179, 2420
5796, 6235
5796, 6285
2829, 5796
273, 6987
1737, 6987
6987, 7222
7222, 8381
3746, 8381
3746, 9683
1061, 2297
1061, 3831
2914, 5939
5286, 5804
14, 5483
2613, 3806
3695, 7099
1581, 1970
1444, 2405
89, 9154
4020, 7872
5996, 7872
550, 5996
550, 2774
550, 4554
3655, 4554
2204, 4793
4888, 7220
1801, 2970
400, 2970
400, 4010
400, 4382
3068, 8548
8548, 8936
4862, 8903
77, 4722
4722, 8091
1219, 5056
1219, 6071
1219, 7926
3772, 7926
2071, 7926
5505, 6071
3772, 4143
5574, 7926
1517, 4143
719, 4143
5574, 6038
1130, 1754
1130, 4578
1130, 2746
4578, 9580
855, 7271
2273, 4476
2059, 9910
5699, 7283
7072, 7186
3202, 9299
9299, 9962
3907, 9299
1884, 8601
7122, 8601
2177, 9643
4185, 8794
1598, 8347
2742, 9633
5833, 9633
5833, 9190
2727, 9633
2727, 8624
965, 2607
2416, 9899
2416, 4309
7602, 8269
5444, 7107
3504, 7107
3504, 5364
5364, 9862
3889, 7815
4482, 7815
4482, 8447
2118, 8447
2118, 5197
1252, 2118
1252, 2181
1252, 1938
625, 5197
1938, 7619
2945, 5480
2451, 9930
8091, 8937
4001, 8937
4001, 7062
1356, 7062
2840, 5706
1701, 5706
4859, 8808
5299, 8808
5058, 8104
7759, 8104
2536, 7759
2207, 4614
2207, 8188
5427, 8188
2207, 9939
3398, 5427
5427, 8465
5012, 8465
2909, 7859
2909, 3086
2054, 2564
2564, 4603
4603, 8522
6392, 8522
6392, 8735
3003, 5302
6552, 9702
5752, 6484
5718, 5944
5944, 6473
3141, 4235
3842, 4235
3842, 4770
3625, 3842
934, 2348
2348, 3805
3805, 4075
4075, 9182
2348, 2711
4075, 8383
2711, 5626
4075, 7563
4075, 9581
6345, 8784
4161, 8784
6636, 8596
344, 749
4129, 9673
8658, 9673
3987, 5087
669, 6599
634, 1097
1097, 9582
6785, 9582
2965, 6962
1467, 4057
839, 1152
404, 7523
7523, 9497
5878, 9061
5484, 9061
5484, 8398
2225, 5727
2225, 4218
4218, 5186
269, 5186
827, 9516
827, 9258
1391, 3021
1391, 2139
2139, 6082
2139, 8755
1100, 8755
6689, 8755
1723, 6689
1723, 4873
4534, 6689
936, 4534
3816, 9829
3316, 9829
3316, 7279
3228, 7279
2300, 3228
1803, 4312
1803, 2450
4164, 8328
2342, 5967
5967, 6888
515, 2105
3085, 7691
2058, 9794
3472, 8160
7447, 8160
4518, 7447
2620, 4518
1910, 4291
4554, 8659
3961, 8659
3961, 9753
5896, 9753
5896, 9512
7133, 8780
4453, 8780
6966, 8780
3024, 6966
4453, 8355
6716, 8355
7018, 8355
5424, 7018
3007, 6490
2367, 3007
2367, 6397
1618, 6397
1618, 6643
2367, 4547
5704, 5995
2222, 6750
2733, 6750
1849, 6750
1849, 6565
467, 6565
313, 467
6565, 9556
6565, 7350
3607, 7142
7142, 7170
7142, 8432
5371, 8432
6891, 8432
4685, 6891
4685, 9855
8079, 8981
6864, 8079
6864, 9176
2623, 9176
2390, 2623
1426, 2390
9176, 9252
6864, 8106
4941, 8106
1399, 8106
89, 2618
4045, 9920
1778, 4045
1778, 8090
2818, 8090
1778, 6298
2818, 4984
6298, 6493
177, 6493
140, 177
2941, 7317
6711, 7773
1418, 7518
1418, 8150
2456, 8846
3669, 4756
1294, 3711
5486, 7731
3710, 7593
6580, 7593
1540, 9974
1470, 4749
9052, 9319
1468, 3868
1070, 3868
1070, 7426
7038, 8350
6639, 8350
4657, 9037
4522, 4657
900, 4522
299, 900
299, 4600
4600, 6287
4600, 9492
1361, 9492
1361, 9932
1361, 8702
7115, 8023
6295, 7115
4473, 6295
6295, 7698
4998, 9515
5741, 7202
987, 2388
987, 8990
987, 5680
1648, 1811
1811, 1983
1983, 3539
70, 1983
7874, 8127
7010, 7874
375, 8326
3411, 8326
5870, 7666
4454, 6647
1284, 3864
5990, 7792
2630, 5284
3188, 7805
6474, 8240
5964, 8747
8747, 8749
692, 8749
4891, 8749
3438, 4891
4877, 9088
4877, 9466
1889, 3851
274, 361
662, 3939
662, 3683
3683, 5645
2096, 2720
1429, 1571
1429, 6588
1429, 7539
2238, 3964
6862, 6934
4140, 7630
707, 5005
643, 7942
2713, 4133
6576, 8191
2819, 8191
2030, 2819
1410, 8191
2030, 5330
5330, 5532
5532, 9167
903, 5266
903, 1907
903, 1679
116, 903
116, 1400
116, 3131
628, 903
628, 9724
8934, 9724
2061, 9724
4536, 8934
3987, 9908
2478, 5790
3254, 7721
3254, 4953
6989, 8007
1878, 5572
2447, 8735
4016, 4603
2209, 4016
2142, 2209
801, 9592
518, 5154
2322, 3863
996, 7396
996, 4394
2053, 5019
5135, 9339
2145, 7640
6725, 7640
6606, 7640
864, 6606
1135, 7640
4131, 7276
4809, 7445
1058, 4809
4809, 7534
6458, 7534
7534, 9999
6356, 9999
5006, 5349
2206, 8044
334, 5691
401, 4454
2571, 3431
3431, 7097
7097, 9020
4371, 4556
4067, 5821
1752, 5485
5485, 7392
5242, 7392
222, 7138
2195, 7138
3416, 9439
314, 6952
6791, 6952
864, 2523
1730, 2523
225, 8656
7071, 8656
1922, 7071
1922, 6901
1178, 8656
3400, 8870
2835, 3400
3400, 7673
2835, 9038
7147, 7673
5812, 7147
5812, 6406
3400, 4747
4747, 7567
1059, 4747
2270, 4747
1421, 2270
986, 1059
986, 8567
343, 3154
1492, 3154
2075, 3154
2075, 9590
3612, 4427
3612, 9618
4221, 9618
4221, 8118
8118, 9124
9124, 9393
1632, 9393
1632, 1658
80, 1658
80, 4490
80, 3151
6886, 9393
2924, 3217
3217, 6746
784, 6746
784, 3628
2234, 8797
3834, 8866
4845, 7685
4581, 4845
5861, 9454
1770, 4244
4929, 9912
2821, 4929
2821, 3576
3766, 8918
3767, 8918
2605, 6717
2605, 7838
1835, 2605
3048, 7838
3048, 4656
1835, 4737
6396, 8246
6539, 8246
5973, 8246
2770, 5973
4995, 5973
4995, 9663
3866, 6803
529, 2952
2588, 7010
2588, 9488
2588, 6344
5161, 9171
5161, 7659
7336, 8535
3632, 8535
8535, 9278
6414, 9278
1376, 9278
1376, 6981
6414, 7385
3908, 9278
3490, 9278
3490, 4989
1378, 3490
1376, 7230
1376, 8831
2683, 8831
3347, 8831
3347, 4508
1378, 4194
4194, 7605
729, 4194
5109, 8535
2683, 5155
5925, 7704
3048, 6358
378, 5656
1677, 5656
5656, 8319
1677, 4120
1677, 3010
3495, 4120
5226, 5849
6034, 7619
6034, 6355
9093, 9317
1240, 8859
1240, 8738
5202, 8738
5620, 6233
4893, 9977
4893, 5753
2026, 4893
396, 2363
1084, 2363
2363, 4567
1084, 2202
2363, 9443
434, 9443
434, 2109
2109, 2925
2925, 7455
7455, 8777
5650, 7455
5650, 8241
2762, 8777
2762, 4469
2233, 4469
501, 4469
501, 6041
3839, 6041
501, 5434
501, 6061
1084, 9075
4389, 9075
4389, 6049
624, 8777
624, 9055
6041, 8542
4567, 9717
9717, 9917
3721, 9717
1231, 3721
1231, 9103
6633, 9103
7880, 9103
5605, 9103
2202, 4751
1371, 4751
1371, 7582
1038, 2109
1073, 4596
4596, 9261
6520, 9261
4596, 5566
587, 6520
54, 9450
4207, 8885
1931, 4207
3954, 4207
3917, 5730
1158, 9931
7597, 9931
2310, 7675
1171, 3945
1795, 3945
6281, 7739
5292, 8056
8056, 9033
5002, 8292
3609, 9399
3038, 7333
3131, 5291
2535, 6580
2535, 2864
781, 2864
2535, 6968
2535, 6802
1031, 6968
4648, 6802
6011, 7396
1907, 4615
4615, 6137
4717, 6137
8447, 8991
5282, 8991
2992, 4424
5316, 8993
4327, 8993
1134, 2651
2339, 4363
2339, 2459
284, 3332
1496, 1911
4460, 5540
45, 8042
45, 2497
2497, 7672
6085, 7672
7672, 8557
5257, 7672
45, 2072
1924, 8134
5494, 6587
2122, 5181
5181, 5696
1667, 2636
1667, 7741
923, 5463
4729, 8253
8253, 9548
3486, 9548
3486, 9274
4197, 6324
6303, 8194
4584, 8194
4413, 4584
3354, 4413
6347, 7240
557, 7240
557, 829
3632, 7609
3712, 7609
2509, 3712
1680, 5573
557, 5525
3644, 8018
4412, 5598
2924, 7544
1290, 7544
1145, 7544
1145, 9170
4974, 7544
1702, 7232
423, 8677
7501, 8677
3283, 7501
2531, 8757
402, 1093
1093, 9060
6318, 9060
3251, 4091
3815, 4091
4091, 9009
6127, 9009
3031, 9571
5931, 9571
149, 9571
149, 6870
5916, 6870
5091, 5931
972, 5091
2893, 3224
3224, 7944
1029, 3224
5464, 7944
1018, 5464
1018, 6053
1320, 6053
1320, 4099
4099, 5809
1018, 5666
4814, 5809
4099, 5642
7599, 9160
4966, 7599
8298, 9089
2548, 9729
1870, 7041
6136, 8215
2324, 8727
1926, 2103
900, 8461
7890, 8461
1594, 7890
5178, 9739
5178, 9090
1030, 9090
5178, 7294
3626, 5178
3626, 4616
4616, 5859
4046, 9724
469, 3188
469, 5772
5772, 6740
6740, 9627
5040, 9627
619, 6318
7164, 8323
5592, 8189
9072, 9128
2928, 5557
5300, 5557
2603, 9575
4441, 9658
1898, 9658
1056, 6622
6622, 8262
1107, 8262
5288, 7865
6251, 7865
807, 9188
725, 750
6365, 8756
485, 7146
2518, 5575
2193, 5575
2137, 2193
2474, 2871
223, 3208
2904, 3208
554, 9177
8580, 8653
2068, 8580
2068, 2364
2364, 5665
8239, 8580
3745, 8239
4741, 9864
3840, 9864
6681, 9864
1309, 6238
4217, 6238
8077, 8328
4477, 5505
6450, 8399
6450, 8216
7671, 8216
7234, 8216
7671, 8339
4418, 8339
1530, 4418
4412, 6110
3571, 4745
5904, 7003
4026, 7003
3018, 4026
3480, 3884
3884, 4849
3517, 6335
1082, 2981
130, 1082
2358, 3350
933, 3350
1211, 9068
4946, 9068
6687, 7118
1174, 6687
8571, 9479
2037, 8571
2037, 7487
7490, 9433
7490, 7615
7490, 7920
7920, 8142
5399, 7920
529, 8382
7275, 8382
7275, 9578
553, 7275
8081, 8382
1087, 2853
1087, 5368
3830, 5368
6907, 7398
3654, 5774
7137, 9469
1874, 7773
1874, 7778
7778, 8076
1874, 1978
1978, 3740
5916, 9069
7140, 9069
3701, 7140
1019, 3701
3427, 7013
3427, 4059
2839, 3427
2839, 3150
3150, 4457
2909, 5657
590, 5657
2239, 5657
2239, 6598
590, 5689
5657, 7121
4443, 6255
4443, 7366
8519, 9673
5423, 5774
5423, 8047
1785, 8047
42, 7925
186, 1341
2216, 5534
5534, 9156
3964, 9728
5742, 9728
2549, 7894
1456, 9044
1363, 9044
2771, 3285
1714, 9414
4450, 6106
1883, 6106
1883, 7443
1413, 1419
273, 3646
3253, 8665
732, 4998
830, 1849
6347, 9449
8839, 9449
7906, 9449
4142, 7906
4142, 8876
4070, 8876
4070, 9991
3260, 9991
7112, 8876
4142, 9606
3040, 9606
2452, 6897
1191, 3711
1078, 4014
5185, 7490
8389, 9170
4947, 8389
4947, 7435
8043, 9390
8043, 9750
4500, 8043
4500, 7214
5577, 7214
4435, 7214
4435, 9432
8501, 9432
4272, 9432
4272, 9881
9379, 9881
4272, 7277
9813, 9881
7480, 9813
992, 9379
992, 6009
1120, 8826
4910, 6957
172, 6892
172, 4337
4337, 9357
4191, 9357
891, 4191
3115, 3526
1251, 5005
2653, 4555
7039, 7771
7771, 9921
1656, 9602
2889, 9602
5805, 6309
4769, 7611
965, 6720
5953, 6438
152, 1119
1119, 4677
1401, 1760
113, 6354
6663, 8352
3649, 6663
3649, 8392
2807, 6663
2380, 2807
6712, 8392
6712, 7065
632, 3649
632, 4498
46, 2807
46, 7316
3647, 6663
2807, 3911
3911, 8767
738, 4363
1023, 6732
9277, 9416
2595, 6678
6052, 7190
423, 4831
1260, 3153
84, 1754
5553, 9314
3001, 9314
1151, 1238
1151, 9798
5747, 9798
503, 2942
503, 4366
86, 9812
86, 6275
3441, 6988
6512, 9057
2568, 6805
1348, 1791
1338, 4795
3673, 4736
984, 9702
984, 2985
6107, 9162
3782, 6107
2041, 3782
6395, 8208
149, 2698
2698, 6890
4879, 9536
8242, 9415
6861, 8242
396, 872
872, 2562
2562, 3796
3543, 5210
2412, 3543
2412, 3436
3436, 8994
8994, 9684
3144, 3543
208, 8135
208, 5491
3614, 6079
3611, 7425
1663, 3611
4944, 6121
3867, 6121
3867, 4152
3983, 8825
2780, 9396
3340, 9396
1300, 5113
7557, 9287
9287, 9502
3165, 9933
441, 9933
441, 8745
2639, 9933
2045, 2639
1074, 5535
5275, 6044
3324, 8932
2590, 3324
380, 2590
2590, 7019
1176, 2590
1176, 9408
6152, 9408
380, 2803
2803, 5559
5559, 9971
4714, 6285
3913, 4714
644, 4714
3374, 4714
3381, 5589
3381, 4634
3381, 8157
3381, 6035
6035, 7746
605, 3109
5997, 6707
4034, 8880
1669, 8880
1669, 2892
2714, 2892
684, 2714
686, 4471
1909, 2998
4917, 8467
1506, 8979
2472, 5113
8880, 9187
5511, 7526
6209, 7526
1006, 4713
1006, 6488
1006, 2831
2831, 9441
8408, 9441
5612, 8408
4558, 4646
4558, 5162
3731, 7325
5913, 7899
4922, 6242
1949, 2869
6021, 7160
7160, 8843
8379, 8843
4726, 8379
2252, 8843
5054, 7161
3936, 9556
952, 2159
4356, 8075
1675, 8075
1675, 6415
5253, 8075
1675, 9840
5253, 6213
6213, 8550
112, 6213
588, 1675
588, 3947
5452, 9818
5452, 7244
3458, 5452
6761, 8076
6447, 6761
43, 938
2624, 6987
748, 9180
748, 8172
5027, 8172
863, 5344
863, 6503
6503, 9337
3630, 9337
1997, 5607
2199, 5183
5183, 8731
988, 8731
4134, 5322
4134, 7601
2278, 9841
2278, 7595
4563, 9012
6774, 8135
311, 3650
5406, 8564
4255, 5847
2122, 2813
2813, 3076
1601, 7748
7748, 8475
1108, 8475
1108, 6297
3428, 8257
4923, 8294
4923, 5346
5346, 8852
4923, 5433
7581, 8796
3792, 6698
3788, 6295
3788, 8785
6130, 6952
2870, 8315
7354, 8825
4013, 7354
6122, 9693
4777, 5118
642, 2539
192, 2667
7930, 8415
4850, 5725
1316, 5725
1316, 1374
194, 4415
4415, 8406
4314, 8406
4314, 5207
8406, 9181
3479, 5207
3520, 5207
1385, 3520
1822, 8406
3616, 4415
1822, 7431
4043, 6833
1230, 6833
1230, 8728
1230, 5935
5935, 8260
5966, 8260
1988, 8260
923, 2029
5341, 9118
111, 5341
68, 7712
68, 5283
169, 1090
169, 2050
169, 3160
4994, 5213
6066, 7869
3759, 7869
3497, 5440
4958, 9287
4980, 9058
5777, 9058
1148, 2971
1590, 7530
2778, 4575
2778, 7326
2483, 7326
2483, 4336
206, 2483
2249, 3579
2044, 7990
5393, 7472
2825, 7472
2825, 9375
2825, 9248
8734, 9248
3556, 7238
3556, 8250
9776, 9904
6690, 9776
4133, 5924
4576, 5924
1124, 5924
24, 8993
5531, 8679
5531, 8084
6211, 8084
2461, 6211
4972, 6211
4094, 4972
1550, 6211
1550, 2359
6724, 8084
676, 6724
676, 3615
3044, 4972
3044, 6165
3817, 6165
3817, 9312
5976, 9312
7876, 9312
8663, 9312
1712, 8690
139, 8642
8212, 8642
1804, 8212
1804, 6346
4777, 6272
3054, 8580
792, 3054
3054, 5761
3907, 7953
1692, 4828
1692, 7094
6069, 7094
1692, 6628
1634, 4670
6990, 8577
6990, 8874
3876, 8874
1569, 9902
4216, 7262
6837, 8746
1085, 5675
3245, 4740
2935, 6125
5328, 6125
1842, 6125
1842, 5416
282, 3008
1246, 3008
3008, 8898
4036, 4215
2361, 2921
4543, 8146
3461, 4543
1765, 2233
1709, 8044
2693, 7719
2776, 3673
3058, 8694
4106, 7296
2956, 7296
3532, 4959
215, 4916
3613, 5717
2443, 5717
5717, 5920
5920, 6276
2436, 2443
988, 7638
2677, 5333
4177, 9120
2978, 4177
2978, 5671
5671, 6402
6402, 6915
6915, 9411
1820, 6402
1820, 5167
5671, 7035
7035, 8739
3079, 3768
5801, 6645
3205, 3440
9718, 9736
9555, 9736
2155, 9555
9555, 9689
6627, 9736
482, 4294
4294, 9704
2141, 4294
3357, 9056
966, 1214
6638, 9300
4295, 6087
4560, 6087
4195, 4560
4560, 7255
4081, 7092
2519, 7092
2294, 7092
4066, 5821
3992, 4066
1674, 3992
6614, 9033
5568, 6614
2779, 5568
4218, 8005
345, 4232
6297, 9240
6885, 9240
4080, 9240
4080, 9275
7879, 9275
4080, 6765
2820, 5755
708, 9021
708, 9961
7207, 9961
5720, 6847
3358, 5562
1208, 3358
3358, 8103
383, 2344
37, 4635
4635, 5175
1310, 4635
7366, 9760
2960, 9760
2960, 7367
7367, 9700
5058, 7826
4720, 7826
5129, 7826
5129, 9310
608, 4159
637, 8748
637, 2912
6772, 8390
9403, 9976
9785, 9976
9679, 9785
185, 6862
185, 990
1806, 9975
1324, 3631
1816, 7173
1834, 2666
643, 1465
1465, 4542
1465, 4568
817, 3245
817, 8750
817, 4896
837, 4896
4896, 6422
4056, 6422
4056, 9942
1323, 9422
6059, 9422
3774, 6059
3774, 4545
3774, 4071
2398, 4071
2398, 5323
3774, 9092
9092, 9222
4545, 6102
7742, 8855
4039, 5900
4039, 8930
4039, 6839
4049, 6839
2781, 6589
1925, 3094
1925, 6254
701, 7202
841, 8379
917, 1929
6110, 6551
6551, 8358
1119, 9822
4771, 8389
4771, 6929
7998, 8980
4962, 8612
7658, 9177
3642, 6611
2088, 3642
2088, 6878
3284, 7982
1260, 2410
818, 6047
1705, 8686
1705, 4803
1705, 4192
794, 9514
794, 3140
3140, 4240
4240, 9770
7299, 9770
3488, 6848
3488, 7578
497, 7578
4387, 5217
6372, 9805
6070, 6637
5292, 6507
822, 8282
874, 1112
6222, 7893
3327, 7777
3648, 3654
3648, 4245
7008, 7698
6416, 7008
6416, 9587
6416, 9476
1547, 9476
3819, 9476
2865, 7438
2828, 5676
1533, 2410
1533, 3206
3206, 3326
1355, 7667
1355, 1779
5215, 7133
946, 3405
201, 8333
6003, 9076
6003, 6937
388, 9791
388, 7064
746, 5319
3383, 5943
3383, 4743
2771, 8300
1746, 8300
3117, 8300
1746, 7390
2171, 7390
312, 2171
2318, 9099
3760, 9099
1601, 9003
6266, 6576
3456, 6266
1939, 6266
1548, 5166
1257, 5166
1831, 5166
1831, 2933
1935, 2933
1935, 5467
1935, 5461
2933, 8093
4580, 7872
4877, 6323
8240, 8538
2290, 8538
487, 8538
3691, 8538
3691, 7766
6757, 7766
6757, 9550
473, 6757
1976, 5062
586, 1976
7926, 8064
3960, 8064
1810, 9985
4316, 9985
4316, 4515
1927, 4316
2692, 7696
2692, 9362
1821, 9362
1821, 8140
3062, 8854
4663, 9518
6623, 7444
5769, 8251
502, 5769
502, 5793
3703, 5793
5769, 6432
3732, 6432
97, 7527
2723, 9283
1066, 9283
1066, 8556
2040, 8556
2040, 9235
7527, 9641
7471, 9641
7471, 7991
9372, 9882
1555, 9323
154, 3174
3174, 7885
1225, 7885
1536, 5688
3654, 5411
413, 1333
4208, 7245
701, 4326
4326, 7418
3460, 9092
1362, 3460
4065, 5136
1889, 6852
1934, 4131
600, 2799
21, 6980
545, 4550
425, 1483
5748, 9996
5023, 8313
9846, 9909
2391, 5998
1975, 5736
1063, 8256
3665, 6609
3665, 6056
4269, 4657
3131, 6263
5971, 6085
619, 1278
42, 5514
5367, 5514
7400, 9507
1702, 2875
4580, 9066
1351, 7684
735, 3375
7505, 7559
3653, 5578
5917, 5923
957, 5923
957, 3238
6445, 7877
1862, 6536
1862, 2974
5560, 8428
2726, 5767
945, 2726
945, 3099
2726, 9440
3099, 6912
2303, 8895
1186, 8416
2293, 4481
7417, 7910
5092, 8966
7641, 8118
6172, 8241
2598, 3515
32, 3625
32, 5889
32, 4866
4866, 7412
7412, 8931
2063, 4083
4137, 7774
7050, 7103
650, 1488
7658, 9237
4102, 9237
555, 6770
555, 1298
1298, 6515
4225, 6515
4225, 8835
2995, 6515
2995, 6873
2346, 6873
620, 8814
6881, 8814
6881, 8687
2772, 8814
2772, 4298
3362, 4298
3362, 6375
4117, 6375
1588, 4117
284, 866
5698, 6273
6273, 9837
351, 9837
3595, 4783
3595, 7648
6541, 7648
4103, 6541
4103, 7976
3967, 7359
1582, 3967
3967, 6824
3156, 4675
568, 9388
5550, 9388
5550, 5610
1299, 6044
1299, 5337
5337, 6836
6836, 8096
8096, 8613
973, 6836
973, 1690
520, 1299
520, 5625
6579, 8309
7029, 8038
1303, 8038
1303, 9924
3424, 9924
5738, 7392
1473, 5738
1473, 8046
2092, 8046
1643, 8046
609, 1712
609, 9604
7609, 8709
8632, 8709
1702, 5101
4050, 5101
412, 1790
5852, 9515
5685, 6992
1577, 2994
155, 2994
3832, 4760
4760, 9821
4497, 9390
3306, 8790
6965, 8790
8790, 9624
1481, 2084
2084, 9353
3286, 9041
1593, 7040
8205, 9901
4739, 8205
6149, 6332
3425, 6265
1143, 4493
6969, 9646
1515, 6936
6936, 8913
8452, 8913
2124, 8452
3014, 4166
6381, 9197
6381, 7084
759, 7084
4390, 9194
4390, 5454
3539, 3636
6962, 9094
5239, 9094
5239, 9442
1825, 4003
53, 5816
53, 5659
1707, 5659
53, 2321
659, 2321
2994, 6350
1512, 6350
1177, 8131
1177, 3699
5123, 9942
86, 9360
9108, 9360
4754, 8009
197, 3304
720, 2429
259, 720
1792, 6124
1792, 9341
522, 9341
725, 7884
7657, 9410
7286, 8473
2358, 9096
2671, 5542
3734, 9306
3167, 9306
7922, 8024
951, 6388
7856, 9862
3616, 8673
724, 5178
724, 5469
317, 724
1324, 7977
945, 7513
1590, 3227
3227, 5205
1956, 5205
5378, 6260
807, 6505
375, 1740
1740, 9807
3827, 7464
2533, 3805
6460, 6762
4920, 6561
4527, 4554
592, 4527
4671, 8642
8281, 9471
2259, 8282
1702, 7289
3262, 4978
2882, 3262
3262, 8421
455, 733
641, 5917
641, 4069
9333, 9373
1603, 9373
6207, 6235
6692, 9346
9346, 9676
630, 9676
4136, 9346
630, 8733
7585, 8733
5652, 8733
736, 5652
4136, 6669
6196, 6669
49, 6669
49, 5647
5647, 6675
983, 8343
983, 5669
983, 9783
137, 5669
2076, 2647
2076, 4899
4899, 5263
209, 4674
3761, 4674
4674, 7293
7293, 8670
2421, 8670
428, 2421
2421, 7569
1793, 2421
5387, 7293
2421, 7189
2547, 7569
428, 4082
5593, 8670
1793, 4642
3396, 4642
3384, 3396
3384, 8586
8586, 9146
1798, 9146
4561, 9146
1638, 5568
1100, 8941
8768, 9942
6558, 8768
5962, 6558
2837, 5962
2353, 5636
1970, 6695
6695, 8233
1513, 9817
1086, 7318
3124, 7318
2528, 7778
7952, 8737
6771, 8737
2929, 9387
699, 2929
699, 4048
699, 4641
4641, 8277
2652, 2929
4641, 8041
2579, 8041
67, 2929
67, 3869
67, 7413
144, 7413
144, 3875
4019, 6360
2494, 4019
190, 5362
5362, 7273
4689, 8977
2943, 8283
2980, 8025
7644, 8025
539, 6613
539, 1854
336, 4751
2894, 9957
2157, 9357
3176, 9409
5359, 7484
973, 4220
1531, 1934
2428, 9853
6096, 9853
4160, 6096
4160, 4532
1353, 9853
5986, 8151
4708, 8151
1487, 4708
1173, 1487
1487, 8881
1173, 6074
6074, 8053
8053, 8487
1698, 8487
5523, 8053
695, 8487
3475, 6074
8487, 9491
6007, 9491
4428, 9491
121, 4513
4284, 4682
4284, 5130
5130, 9228
9228, 9401
9111, 9228
9111, 9371
5130, 5735
9371, 9505
3370, 9401
3370, 5564
3232, 9401
3232, 3662
5735, 8786
911, 7800
1121, 4549
1121, 4540
4540, 9225
2136, 3638
5586, 5695
6161, 9878
3491, 7575
1132, 7575
1132, 8603
631, 7575
6026, 7227
7227, 8273
3443, 9362
4177, 7916
7277, 8002
2631, 8002
1201, 2631
1201, 1558
8002, 8566
1029, 3359
6739, 8660
959, 9594
959, 3247
6738, 6928
5591, 9654
1254, 2689
2689, 5405
2689, 8449
892, 8449
6735, 7827
3372, 7827
1438, 3372
3372, 7087
3372, 8602
2172, 7827
5405, 6210
5432, 6210
2636, 5497
5308, 7011
1777, 6311
1777, 3041
1777, 4345
5015, 7682
1184, 4673
2257, 4673
1292, 1759
1292, 7002
4314, 6349
6029, 6349
4831, 7192
4071, 9645
6322, 9327
4625, 5197
4625, 6446
6446, 7384
6480, 7311
796, 9976
796, 4267
4628, 9899
2556, 4628
2556, 6997
4484, 4628
709, 7344
5820, 7344
5820, 6112
7702, 8077
817, 6434
2624, 4009
370, 5692
370, 6603
6603, 6668
4525, 6417
6417, 9719
2990, 7966
2990, 3941
3941, 7915
7762, 8651
6629, 8651
3681, 6629
44, 1899
4959, 6015
9459, 9716
1550, 4986
4986, 6212
6212, 6871
4665, 4986
774, 6928
2778, 9925
8410, 9925
7085, 9162
3435, 6707
3435, 7046
483, 9746
1544, 9746
765, 1544
1060, 5726
3675, 5726
3410, 3675
6649, 8051
5551, 5692
4047, 6175
2487, 5553
2487, 2737
2487, 5241
5241, 5274
5274, 9687
2898, 9444
2898, 8873
8836, 8873
7268, 8873
2898, 7167
2898, 5868
1633, 7268
1892, 4851
7809, 9847
16, 6246
6246, 9950
6440, 9950
3903, 6440
8504, 9950
5649, 9579
3663, 9305
9305, 9941
2243, 6377
1537, 8313
569, 6021
569, 9660
1358, 6857
1358, 2272
2272, 6697
2546, 6468
4602, 6468
4246, 6468
1551, 6468
1717, 7936
3336, 5532
3336, 4847
7874, 8217
3199, 9764
7233, 9764
1531, 9670
1985, 6871
1985, 6721
1840, 7305
520, 4171
1615, 4171
1615, 2034
4123, 8562
4123, 4247
210, 2603
1819, 3180
6674, 9179
4638, 9179
2822, 4638
3623, 4638
5622, 9179
1865, 5622
1865, 4368
1519, 4368
1519, 1784
4638, 5044
9179, 9662
3686, 5420
5803, 7553
776, 5803
5803, 8698
3825, 8698
3825, 9010
2814, 7203
2814, 7994
2814, 3229
4585, 9254
4585, 4935
4935, 6809
3552, 4935
3552, 7089
3296, 7089
3296, 9315
360, 4506
3404, 4506
4362, 4860
5198, 6949
585, 6949
585, 8099
3982, 4626
4626, 6089
4626, 8830
4062, 8830
1038, 9087
1632, 7794
3842, 5289
2697, 5289
2697, 6343
6343, 8888
6429, 7392
4641, 8220
4171, 5587
3155, 3295
3295, 9413
1322, 9413
6230, 7989
9381, 9543
7830, 9752
3592, 3596
250, 484
6237, 9295
6237, 8095
6855, 9754
1012, 6855
6855, 8401
1923, 4218
1923, 7091
2131, 4518
3921, 4786
4786, 5764
2973, 4457
2087, 2973
2087, 9130
6919, 7975
5364, 8559
2332, 5972
3365, 7613
1404, 4626
5164, 9376
350, 3102
902, 6764
693, 902
693, 7278
2685, 7278
7278, 8405
2804, 6103
4813, 6103
2102, 6103
4587, 5986
1025, 4587
1451, 4587
788, 4587
788, 1585
889, 1585
352, 889
889, 8996
3639, 5390
3719, 5390
3719, 4718
1504, 6104
6104, 8954
7604, 9856
6380, 9856
3659, 6380
3659, 7786
5707, 7786
6380, 9539
634, 970
7750, 9070
3093, 6970
1037, 3093
1037, 7521
124, 7521
447, 7521
2495, 3093
2495, 8815
3873, 4631
8719, 9145
9145, 9584
2851, 6121
3155, 3193
2905, 5175
19, 7544
2247, 7864
2845, 6384
5563, 6384
4027, 7866
2251, 4027
4027, 7970
3555, 9525
3555, 4807
857, 2331
658, 8414
3477, 4691
4688, 9386
527, 8462
20, 3548
2798, 6458
5300, 8139
2985, 7404
701, 5049
6155, 8017
4212, 8017
1633, 4734
4324, 4734
2959, 4734
1195, 2959
440, 5062
743, 3215
2110, 3215
2761, 3215
2580, 8101
8101, 8764
9050, 9637
6187, 7328
2823, 6296
5102, 6296
6704, 7803
3482, 7552
3482, 7496
3482, 7914
6553, 7914
5534, 8426
3653, 7246
7246, 8545
5780, 7246
892, 1373
1373, 5243
6055, 7033
821, 7242
1187, 3255
1187, 3089
1232, 2231
346, 1232
422, 1232
422, 6662
2817, 3171
2817, 3845
2496, 2817
2817, 9192
762, 9192
2817, 2861
1565, 3934
5776, 6433
2365, 5776
5929, 9137
5929, 9872
1829, 3434
3434, 9289
4337, 5873
3728, 5873
7227, 7606
5410, 7606
2114, 5725
3040, 4353
61, 4353
4353, 6523
4214, 6921
6101, 9711
8523, 9530
4031, 5507
3918, 5507
3644, 4957
1466, 6244
5975, 7734
4646, 7452
1057, 3794
3563, 3758
2265, 2886
2886, 8805
2886, 4608
326, 4370
256, 2285
867, 5045
3389, 6868
8054, 8284
5938, 8284
3697, 5938
1560, 5798
2688, 5798
2774, 9001
3523, 3796
5053, 5101
317, 8960
1557, 8589
6207, 6744
6364, 7395
625, 1731
1731, 8807
8807, 9074
8621, 8807
1676, 5348
5010, 9778
7933, 9271
7688, 9973
168, 2467
7128, 8872
6430, 8624
1416, 6430
784, 6203
6203, 9934
5261, 9934
998, 5261
6203, 7407
4690, 8473
343, 6269
3602, 6269
5412, 6222
1533, 2291
2291, 9131
1797, 5563
1964, 5917
2512, 8707
6180, 8540
7806, 8540
1080, 9241
311, 6120
3679, 7271
3679, 9445
3234, 7021
6022, 7021
2430, 5496
5426, 5496
3704, 5030
6054, 7116
7473, 7560
3533, 7560
353, 7560
353, 4408
6619, 7340
2245, 7340
1054, 3486
1054, 1645
1839, 2516
666, 2516
6710, 8330
2812, 6710
1558, 3922
3175, 6519
3175, 4447
3289, 4447
3289, 7897
4703, 7897
6009, 7095
2683, 4139
475, 3439
498, 3439
498, 8004
1140, 8004
4372, 8004
3195, 4372
531, 3161
1556, 4212
1556, 9272
2688, 9446
3328, 9446
927, 3328
7873, 8115
2299, 5965
982, 1016
7537, 9406
3575, 6115
4154, 4462
2342, 3036
596, 3036
233, 6477
4627, 6477
1904, 6684
3773, 4929
3112, 3773
3112, 7676
969, 6488
969, 6654
412, 2599
2599, 4416
4015, 4416
2599, 7573
1646, 4015
1554, 4416
1554, 3369
795, 1554
795, 7943
3396, 8010
5619, 8010
1445, 4208
5388, 8485
4579, 8485
2503, 4579
6154, 9628
5839, 9628
5839, 7707
7375, 9628
546, 7375
546, 7027
546, 2488
1312, 2488
3463, 7375
458, 3463
150, 458
5981, 9500
214, 2255
4621, 7409
4621, 6872
6309, 7652
5488, 8901
5488, 9944
1505, 5488
167, 1505
9236, 9944
167, 5561
167, 6200
6129, 9236
1505, 2015
2015, 3098
3098, 8218
9535, 9944
661, 9535
5301, 8277
5301, 5317
5317, 6930
2957, 6930
1781, 2957
2686, 5317
4849, 9309
5356, 8982
2730, 4018
7489, 9484
1198, 7489
1198, 3534
35, 1198
35, 2334
1800, 6241
1800, 7281
1745, 7281
1745, 2934
2934, 4458
2815, 4458
4263, 8225
97, 5634
2719, 3351
4467, 5643
5313, 5643
1491, 2621
1491, 6293
1491, 3455
3301, 8240
2438, 3301
2438, 9011
4320, 7421
82, 1397
6814, 7008
6814, 9793
1588, 7845
285, 3384
2, 285
2547, 5895
2406, 6880
4150, 7623
6098, 6550
4096, 6098
2602, 5067
2080, 5067
3589, 4376
2106, 4623
2106, 8919
1619, 2106
1619, 9203
5339, 8124
364, 8057
5265, 9574
9574, 9819
3722, 9819
3722, 7225
4360, 5143
4265, 5143
1431, 5143
1431, 8190
1431, 9521
680, 6289
680, 6840
414, 680
414, 5690
5690, 9697
359, 9697
5397, 9697
414, 677
677, 8614
8614, 8812
372, 2565
5182, 7471
370, 861
86, 2256
6846, 9495
7201, 9495
1946, 5645
285, 3640
414, 4942
4942, 5810
667, 3843
667, 9420
2680, 3858
547, 3042
4993, 5360
2922, 4659
1089, 4659
1880, 2518
3417, 3987
2550, 3930
2550, 2868
7704, 9540
2976, 3789
5460, 9741
6691, 9741
278, 6184
278, 715
1302, 3238
1302, 1464
1302, 8337
4961, 8337
4961, 7182
7182, 9307
3267, 4308
5974, 8427
7577, 8427
7113, 7577
3325, 7113
3325, 3944
3944, 5515
4606, 9030
4606, 7195
4606, 7005
2852, 6899
1847, 6899
3166, 8006
4061, 5498
4233, 5876
3447, 7670
2518, 6201
1912, 9656
3769, 8022
4321, 5579
4153, 7993
3390, 4153
3390, 7662
5132, 7662
5132, 7461
1977, 7461
5132, 7394
5267, 7394
1527, 7394
512, 5132
3208, 6204
2803, 8020
7319, 8855
3698, 4935
3698, 9773
2233, 5700
6492, 9834
2225, 3045
879, 6201
879, 8811
879, 7168
5132, 8732
4146, 9759
452, 9759
6313, 8311
6313, 9801
7681, 9801
22, 516
516, 1193
2732, 5601
4897, 5601
4719, 7254
1710, 5493
674, 7689
674, 3898
2527, 8760
2389, 7361
5761, 6338
6932, 8963
846, 8963
1408, 7394
5354, 9416
1331, 3135
4043, 4956
3638, 6033
939, 6033
2411, 4586
2411, 9652
4832, 9831
4465, 9715
3291, 9772
2879, 5153
6091, 7077
3733, 7077
3689, 3733
4778, 8197
509, 5028
542, 5814
3910, 9110
5370, 5995
4886, 7178
4886, 9775
3945, 6077
5469, 6703
6703, 8370
4098, 8370
8025, 9613
1539, 6237
8500, 9381
465, 979
1758, 6523
4808, 6364
1276, 5703
3828, 9338
8297, 8629
2237, 5982
3269, 7875
1501, 9200
775, 4565
73, 5596
3236, 3394
2703, 3608
2059, 4530
1007, 4756
94, 1007
1007, 3471
697, 9379
697, 3248
3692, 4437
1132, 7754
2629, 4498
7202, 7479
1135, 6916
920, 8119
845, 2101
2101, 5678
4243, 4637
4073, 6472
4073, 7858
4073, 5069
4073, 4639
1949, 2915
211, 5535
584, 9659
6755, 9081
7, 6755
7520, 8734
656, 7520
2907, 3703
178, 2907
2907, 5004
2027, 3529
5834, 7732
2827, 9265
8293, 9814
5029, 8293
1247, 8268
5094, 8268
8804, 9344
3633, 9344
7446, 7516
1808, 3168
881, 1808
4335, 6215
2012, 9800
461, 4311
2313, 9164
3421, 7969
1663, 5827
7700, 9374
8320, 9758
338, 8320
338, 4876
799, 9549
1312, 3290
3972, 9051
2526, 9143
1809, 9160
771, 9394
1035, 7862
4214, 9049
3839, 6339
2841, 9813
1626, 2841
1626, 2046
2046, 5815
2040, 7863
7863, 9082
5271, 9082
7091, 9226
8108, 9226
5886, 8108
1224, 5440
2325, 8880
3325, 5501
3025, 3319
4174, 6741
3380, 4188
664, 4296
664, 9313
6604, 9615
6604, 9981
7631, 8145
7711, 8145
5404, 7744
5404, 9427
3257, 4952
6918, 7210
1555, 7639
7639, 8162
55, 5408
5408, 9260
2347, 9260
7428, 9260
2236, 2347
8546, 9260
1508, 7428
3252, 7974
1209, 8662
8831, 9073
4389, 4566
348, 9054
2584, 3992
5652, 9811
3134, 9811
3134, 7954
6767, 7954
3134, 6451
3887, 6451
2697, 9953
716, 3659
7839, 9762
2829, 7048
2716, 5200
1123, 2716
951, 2949
2949, 9866
7811, 9866
2949, 3408
524, 2328
310, 4667
1381, 2242
3548, 9781
5935, 6555
678, 6172
3446, 8041
2760, 8723
2760, 5806
2149, 5646
2149, 3958
102, 3739
102, 8541
3803, 8349
663, 3803
3803, 5693
663, 8278
1261, 3890
1261, 2796
2502, 4607
8373, 9873
1410, 1966
2977, 5417
3170, 6776
5537, 5799
683, 5923
683, 1664
1134, 9631
1086, 2717
2717, 8591
1671, 2717
102, 2955
6527, 7807
7807, 9389
713, 6442
5085, 9095
389, 2052
1090, 1382
2722, 6955
5227, 5242
8192, 8246
3716, 5506
342, 1316
342, 1631
1631, 6342
6342, 9268
6352, 9268
6352, 6998
5945, 6998
3682, 9268
1372, 9268
3072, 3906
175, 9964
4723, 8898
2227, 6075
256, 805
589, 836
589, 8788
237, 8788
237, 4053
4053, 5258
4053, 9159
4439, 7637
5470, 6570
5609, 6457
1616, 9251
381, 2931
8104, 9211
3298, 9211
839, 3510
6226, 6565
116, 4572
7269, 9069
4735, 7269
2308, 4735
4070, 5326
5326, 6947
1486, 8699
873, 7860
1956, 9246
5669, 8953
1683, 5564
1941, 7085
2214, 3582
2214, 4196
281, 4196
3919, 5162
1100, 1216
691, 4096
691, 7664
621, 691
621, 5884
6141, 6352
1007, 1635
6777, 8179
443, 5917
1725, 3432
1687, 2340
9160, 9851
4147, 4430
6174, 8672
6174, 7586
6590, 9026
1760, 2480
1279, 6501
5444, 7374
1782, 8588
3593, 6049
961, 6829
5207, 5687
1136, 5687
1136, 7145
6017, 7145
4955, 8212
4955, 6983
6721, 8955
4551, 4813
1312, 3454
4367, 5462
4209, 5462
1020, 7059
3, 98
98, 7025
7025, 8657
9257, 9836
4491, 6234
4199, 7744
3746, 8316
2914, 4405
4256, 4405
1314, 4656
1314, 3841
1990, 3314
2214, 8238
319, 2368
4333, 6185
5552, 6185
2162, 6185
6882, 7301
1884, 6973
3809, 6973
8548, 9893
8622, 9893
3086, 9545
5230, 9545
186, 9517
4127, 4393
7225, 7714
6958, 8020
1, 6958
1, 9699
745, 9650
6947, 8972
3574, 5620
3574, 5063
3697, 7550
4870, 7550
4870, 7457
4931, 7430
1613, 2806
2269, 4971
1651, 7432
1115, 1651
6731, 7607
4841, 7607
2051, 9269
1848, 5954
3214, 4819
698, 3214
8413, 8871
132, 244
244, 731
3627, 8041
3627, 7376
5813, 8881
1472, 5813
1472, 5422
1494, 3783
1494, 4985
299, 8214
8214, 8354
324, 7841
656, 8669
4033, 8669
4264, 4408
2095, 6256
4006, 6682
325, 6243
7677, 9428
5781, 7677
2816, 7677
4900, 5781
3037, 7677
3037, 6218
1081, 3212
3212, 5504
722, 4007
3273, 6906
6689, 7984
6896, 7984
3916, 9343
1333, 5914
851, 8613
851, 7330
4790, 7330
4790, 7001
42, 3799
1514, 5322
8114, 9289
1015, 5230
3880, 9954
438, 2007
101, 8800
453, 8759
453, 7196
453, 9884
5341, 9354
5749, 9354
5749, 7610
2956, 4856
3068, 5679
5679, 7200
5787, 7200
196, 8698
4801, 8786
2855, 4639
2855, 8576
5563, 9028
9112, 9318
1436, 5674
5674, 6694
4012, 5822
4383, 9040
5759, 9349
4644, 9151
34, 279
279, 1106
1106, 3822
3263, 3822
1106, 8223
421, 3263
421, 2838
5229, 7051
8230, 9424
4457, 4948
5269, 6643
675, 5269
675, 6794
5269, 5400
5400, 9707
1691, 9707
3847, 9982
5752, 5885
1903, 5885
1903, 7617
5885, 7632
7217, 8174
8174, 8492
5047, 8492
5510, 6352
672, 8644
672, 6683
6683, 8778
4816, 7858
3169, 9674
7070, 9023
3183, 4037
2265, 7668
1185, 7753
4544, 7935
2381, 4512
4685, 8782
1139, 2327
428, 2330
3009, 5735
6161, 7058
1180, 4628
6483, 7113
1228, 6483
7687, 7707
7199, 7687
437, 6187
1224, 4784
303, 4520
3993, 7542
6119, 6618
4403, 5450
4604, 9976
1, 9906
2485, 3338
8840, 9718
811, 8840
811, 9121
3065, 7158
5198, 5667
5145, 5667
2596, 6227
6278, 9515
3501, 6278
3860, 4940
4940, 6706
6706, 9609
293, 6706
6894, 9609
2186, 6706
2355, 5452
5205, 7802
295, 4626
7794, 9918
1262, 7139
4588, 5713
291, 4588
4588, 8227
291, 7302
7302, 8181
742, 7302
8259, 9839
6853, 8259
1382, 2681
496, 2315
5280, 9336
1896, 5280
254, 2675
254, 2357
2357, 5694
2753, 3729
2753, 7932
2753, 9520
7083, 7588
2058, 2230
2230, 5773
5773, 7405
3765, 7405
8212, 8279
1324, 9968
7369, 9468
926, 5756
1544, 6913
3668, 4062
9129, 9575
4510, 4907
6076, 9547
25, 9102
7136, 8232
8641, 9740
1274, 2238
5409, 8922
7746, 8593
7169, 7581
3749, 7169
1060, 4997
4997, 9361
2790, 8607
410, 8607
3012, 8607
2309, 3012
4122, 8706
7348, 9410
4944, 6985
5149, 5874
5357, 5874
1075, 7574
2707, 4213
625, 3635
784, 8915
4503, 9138
1594, 6216
5382, 7530
1943, 2438
1943, 3894
325, 8180
6348, 8344
9525, 9874
4599, 9874
1028, 1930
8440, 8524
6368, 8440
59, 901
901, 2000
856, 8196
5676, 8891
5533, 8072
5652, 8691
1452, 4444
326, 5842
476, 7410
3178, 5565
3268, 4486
1885, 3268
176, 1885
1422, 5496
2114, 3382
6993, 9354
6993, 9294
5084, 6118
6443, 8317
1293, 3371
1127, 1293
1010, 6065
1971, 9528
3565, 4250
3565, 7386
3565, 7772
356, 3734
3092, 9795
3900, 9795
1799, 9844
1423, 3157
4161, 5888
773, 3440
773, 4825
1925, 5487
3821, 4102
1026, 8774
51, 1517
4411, 7179
5097, 7348
1258, 3131
7548, 9087
5956, 7548
2619, 7811
854, 8847
854, 5571
5571, 6573
5571, 9983
4505, 7434
3948, 6073
2343, 3948
549, 1586
5107, 5800
34, 7177
6025, 8886
3798, 8886
800, 7919
4245, 6179
6460, 9431
5960, 9431
3113, 5960
1881, 3113
1686, 3941
2263, 8954
5281, 5490
1423, 1986
1449, 8539
6470, 7340
156, 8380
8380, 8431
7267, 8380
3751, 8380
4713, 9790
180, 9616
3030, 3575
806, 6843
806, 8165
2883, 8165
1573, 8680
3069, 5481
4396, 9808
7283, 7558
411, 7558
3861, 4194
750, 6145
9348, 9372
1131, 4437
6017, 8371
8371, 8789
525, 8371
525, 3707
8371, 9551
395, 5819
395, 5332
218, 7195
799, 4683
901, 1392
5982, 8959
2008, 2777
2777, 6779
4654, 6779
9, 5184
5184, 6094
1497, 7968
7907, 8958
4874, 6097
6956, 8878
7695, 8400
632, 3393
6035, 7270
2283, 7270
3738, 8996
3738, 9972
1158, 4901
2641, 3709
3503, 9455
1181, 1953
6038, 9292
2469, 8794
5431, 8146
5666, 9593
4046, 4684
679, 4684
1745, 7315
7315, 7453
4574, 5496
1430, 5144
953, 8112
953, 2003
106, 797
797, 8925
6205, 8925
3878, 6205
2430, 4145
3499, 6232
1719, 8553
1826, 6454
6166, 6454
6454, 7321
3571, 6193
3429, 5919
3392, 7400
2710, 6199
2650, 7861
6479, 9149
1193, 6945
20, 4509
496, 9688
3334, 7086
3926, 6328
1739, 1892
1739, 4499
4499, 9004
1739, 8037
445, 8037
445, 3489
3489, 9905
3935, 9905
7248, 8926
174, 6464
4698, 7128
1657, 7000
4165, 9768
6951, 8092
415, 6612
4913, 5374
3242, 5335
3242, 4183
4183, 8070
2295, 8070
1342, 9557
2202, 9358
4109, 4288
7864, 9119
3225, 7806
854, 8417
8324, 9986
4055, 9249
8152, 9249
8385, 9249
6462, 9547
517, 1490
1168, 2522
5187, 5474
1622, 5187
1622, 4762
57, 1622
802, 3524
6984, 7654
1221, 7654
184, 7654
1352, 7588
5649, 5653
5653, 7114
2082, 4474
2082, 3708
3514, 8085
1520, 8085
1764, 8085
1764, 7821
1764, 3551
606, 1520
3551, 5999
5999, 6258
4197, 5930
5930, 7703
5930, 8288
7944, 8961
3181, 7195
6334, 6550
6334, 8988
3706, 8558
3234, 5638
2395, 6535
2395, 7007
2395, 4485
407, 4485
932, 7552
7564, 9293
2953, 9405
1498, 2268
5392, 6024
6024, 8175
7440, 8175
943, 6024
2090, 4359
2090, 3742
3678, 4801
4811, 5097
1743, 4811
4811, 5912
4590, 8877
8169, 8877
3938, 8214
1871, 8426
5741, 9172
3029, 7465
2705, 6133
8206, 9607
619, 4414
4414, 6942
1898, 5724
6964, 8008
8008, 8058
1913, 2959
462, 7337
5212, 9668
6178, 9447
1489, 2426
5329, 6231
2808, 5329
5329, 8331
4537, 8331
2987, 5719
316, 7403
219, 1502
2729, 3692
499, 2729
1546, 6964
3113, 3544
862, 9347
2887, 3787
3412, 6005
7738, 9329
878, 1644
8325, 8466
5939, 5970
2244, 5115
81, 6672
1245, 8933
2241, 8933
4388, 9040
3318, 6512
2750, 6131
405, 7659
5161, 5336
2877, 5336
1529, 7611
1529, 7397
6977, 7397
1453, 3068
1453, 6506
3597, 9356
8787, 9170
5928, 8197
6582, 8159
6500, 7812
2771, 6768
3669, 7194
7194, 8228
418, 4252
4252, 5518
1154, 4252
470, 5600
7833, 9322
4721, 8444
296, 1493
1736, 3571
2164, 7258
212, 351
3404, 4386
102, 1908
1941, 7364
714, 7364
457, 7364
5595, 7364
2340, 6699
2009, 6699
1586, 5765
377, 5765
3744, 6817
3744, 9127
551, 3744
551, 2203
2377, 8058
2377, 4871
4060, 4871
2281, 5853
276, 5853
276, 4707
276, 9220
9183, 9220
136, 9183
1475, 9183
2221, 9183
276, 8035
8035, 8997
7598, 8997
3522, 7598
4573, 8861
2142, 9467
6784, 9467
808, 7162
808, 1239
490, 1239
5721, 6886
7773, 8692
7868, 8692
247, 8897
349, 3948
2445, 6618
3100, 7676
3100, 3837
494, 8576
4380, 9524
2826, 4380
1967, 7903
1203, 7903
268, 7776
268, 9661
1095, 9761
607, 7913
4792, 8236
8381, 8568
9483, 9840
1789, 4582
1293, 8479
3588, 6748
4163, 6730
682, 4163
5270, 9012
689, 4057
157, 4903
12, 4903
3055, 9769
8860, 9790
1180, 6160
7124, 7779
981, 7779
7851, 8707
7851, 8856
7795, 9200
2668, 7795
1984, 8307
2486, 8307
2002, 8474
4360, 7422
488, 8102
4479, 5857
7524, 8176
4915, 9166
8267, 9166
576, 9501
7372, 7860
470, 6788
4399, 8353
191, 8353
4595, 9202
329, 2942
329, 1772
329, 3344
2878, 3344
1653, 5343
15, 5530
819, 2505
758, 819
6314, 9679
6314, 7159
6261, 6314
3077, 6093
3077, 7824
5991, 8821
6419, 8821
3022, 3185
327, 5104
2320, 5282
2320, 3315
6172, 6939
5775, 8348
1050, 8857
4085, 5072
3975, 4535
1463, 3975
5020, 7390
2587, 5357
3252, 5214
5214, 9756
8772, 8929
1559, 7338
6311, 8161
1236, 9835
6219, 6225
4170, 9162
2196, 4170
913, 2876
3256, 8118
7190, 7451
605, 5949
5001, 8330
5428, 8034
1312, 1366
1366, 8865
565, 8782
346, 5052
823, 6304
823, 2228
7129, 9002
5943, 8917
5064, 8507
5064, 7770
5489, 7805
2514, 5489
2609, 5489
2167, 4854
1246, 7482
1086, 1767
6259, 6973
2786, 4504
2129, 5658
2129, 6967
6967, 7378
3218, 4677
3218, 7185
1893, 7185
3540, 4411
1471, 4237
4691, 6521
5278, 6521
1280, 5770
6361, 6886
1785, 4289
4289, 9328
6502, 7418
3743, 4426
736, 9537
539, 7154
2560, 2751
2751, 3587
451, 7453
8414, 8896
7449, 8126
310, 6858
6858, 8021
2725, 9426
985, 9097
985, 1828
985, 9789
2153, 9109
2608, 4524
1092, 8014
2222, 5516
4812, 8400
7316, 8178
6447, 8231
5166, 6123
3882, 6417
3025, 6327
942, 9516
1213, 4842
741, 1213
271, 1213
271, 9726
3409, 7580
7580, 7747
1370, 7747
3239, 9184
2699, 3239
6163, 7939
171, 1191
1369, 5283
1369, 4501
2741, 4985
777, 1312
777, 5137
5137, 9619
1485, 5052
3066, 9547
6426, 9634
2723, 9963
766, 5567
1947, 8248
1947, 2508
1681, 2304
1841, 4176
5731, 8084
865, 4260
5541, 9130
3509, 4184
3390, 4340
3581, 4340
3581, 7363
1500, 2125
1995, 2897
471, 1855
5525, 8439
469, 7566
6940, 9451
3417, 7583
7583, 8682
7839, 9204
5477, 8409
6783, 9706
1344, 8402
1581, 9489
236, 6441
6707, 8575
959, 5125
1520, 6540
6540, 8695
1549, 4734
2146, 8126
1265, 8366
2542, 4112
4164, 8049
7680, 8678
7680, 8600
8187, 8600
5126, 8600
6045, 8600
3548, 7100
3402, 5019
1738, 6551
2016, 4991
2016, 9830
5062, 8209
8630, 9342
8630, 8769
941, 7047
217, 8908
4325, 8908
4325, 8570
4325, 7491
7379, 8248
2173, 3614
1637, 8360
1637, 4088
4905, 5449
4663, 8019
8019, 8914
7079, 8536
5545, 9016
6571, 7014
3309, 7608
4223, 8201
4223, 7408
3620, 4151
6609, 8120
3600, 4247
3089, 8156
1433, 8078
4908, 8078
4763, 4908
205, 4763
5204, 7587
4894, 9290
2848, 9290
6485, 8063
2128, 5075
3061, 3265
8460, 9190
1885, 7020
5895, 7239
4146, 7250
1875, 5555
3694, 9046
2529, 9418
2747, 9827
2106, 4204
4204, 6820
2261, 9250
8798, 9250
6995, 9250
5838, 9330
8, 9330
2540, 2690
8623, 9253
1715, 3208
2176, 5306
255, 6867
1163, 1980
1954, 1980
2979, 8069
4433, 4678
6818, 9259
3789, 9316
3578, 5340
3213, 5848
2866, 3213
2866, 6954
4132, 9850
2208, 6332
427, 2208
3475, 3795
3795, 6262
1647, 6262
3708, 7819
2028, 2330
251, 3333
483, 5802
1244, 6704
5594, 9975
5594, 7467
4280, 6157
752, 2043
580, 4865
4017, 5791
1128, 8747
3660, 4717
95, 3660
847, 5452
847, 5856
7728, 8728
7293, 8819
4840, 8819
4304, 9208
4661, 9484
4598, 6479
2761, 5307
1270, 9289
4114, 9035
547, 4926
583, 4926
922, 6134
4038, 5286
4158, 9232
1850, 2138
2860, 7756
6444, 7756
2917, 6910
4042, 4994
7249, 9245
5394, 8644
6219, 8752
3713, 3726
7373, 9922
967, 9922
820, 967
740, 2583
3209, 7735
3209, 7057
310, 3637
5435, 7004
7004, 7686
424, 9055
1291, 6783
2090, 3717
1999, 2285
3278, 4832
3278, 4290
3278, 9404
2504, 7599
3529, 9608
2527, 4924
3378, 7446
5578, 8529
4495, 8164
4248, 8164
2672, 8491
763, 3189
7171, 7224
339, 2417
3684, 7751
6394, 7235
6899, 8721
3621, 9265
2085, 3670
1092, 1155
4355, 9880
7152, 9880
2996, 9395
2706, 5905
3152, 6787
3833, 9044
896, 3322
3622, 3703
3622, 9267
3622, 4632
4246, 5248
8688, 9764
3500, 3858
7440, 7782
4128, 6714
493, 7327
2958, 4890
1879, 3119
89, 5862
337, 5015
2838, 5247
2891, 5844
6202, 6929
3101, 6381
5942, 6006
1735, 8434
1415, 3599
7223, 8744
3022, 6671
4945, 5539
647, 4767
706, 9087
706, 6471
346, 3892
7044, 8973
2520, 6661
3899, 5156
1448, 8201
1448, 4301
7176, 8792
6664, 7402
4032, 6883
5544, 8557
382, 9432
3336, 6559
2006, 4618
4618, 8304
544, 6888
544, 1604
2778, 8039
1775, 3008
1775, 7995
5159, 7995
7165, 7995
2879, 7351
2696, 7351
2534, 2696
1903, 4823
9208, 9559
7477, 9559
2337, 5536
3927, 6046
3927, 4186
1138, 9622
2752, 9622
1979, 4360
2193, 7535
4058, 8501
2627, 7601
809, 1773
4318, 8423
7611, 8845
8817, 8873
4436, 9311
1469, 3476
4185, 7592
4504, 8599
2144, 8649
3203, 5664
1106, 6743
1277, 6743
1277, 7736
1813, 2729
1813, 5779
2120, 7627
2120, 8340
242, 9567
3667, 7922
2098, 3560
3082, 3308
3082, 8754
6294, 9406
597, 8226
597, 7755
2180, 7755
7850, 8260
2663, 4215
50, 5468
7300, 8709
5001, 9116
6064, 9116
38, 6064
3376, 7958
3546, 6819
6819, 7905
2314, 7905
6389, 7905
4388, 6904
5811, 8388
4701, 5811
3055, 6435
779, 3634
8202, 9291
258, 1757
4648, 7512
7719, 9286
167, 9276
1354, 9326
6176, 6648
3527, 9392
3527, 5864
2763, 5864
1389, 2170
3688, 6288
460, 4830
4022, 6613
1598, 6902
5819, 8820
797, 4086
424, 1672
491, 6247
764, 5118
5386, 6425
265, 6425
5513, 7683
7505, 9460
4519, 9460
3783, 4168
1426, 7733
5915, 7733
674, 5987
5394, 8689
5838, 6455
7590, 8137
8634, 9157
370, 7853
1117, 4499
2684, 7554
1864, 7834
1955, 6607
5661, 8636
3557, 9951
8905, 9821
5361, 9637
544, 9979
5176, 8470
8470, 9193
195, 4954
264, 7054
3696, 4476
1099, 6696
331, 3465
3865, 6305
2335, 3745
6132, 6881
1856, 8111
4763, 9553
2086, 2877
643, 940
1129, 6159
1346, 6391
919, 2119
1608, 2119
6878, 8183
4716, 6212
5624, 6621
370, 1375
3569, 4209
4759, 6801
7699, 8141
4712, 8806
3914, 4069
3535, 9570
6279, 9570
3813, 8121
791, 5232
5153, 9958
63, 9409
7387, 7684
2850, 3339
3339, 6869
3847, 4323
3866, 6884
1828, 3264
4132, 8378
4115, 7228
2177, 7104
5866, 7104
398, 4016
3341, 7620
4689, 8844
1720, 2020
5103, 7319
6905, 9204
9493, 9655
6169, 9234
1933, 9234
8583, 9859
1824, 7175
1661, 5078
5078, 7724
5078, 5111
5078, 7218
2933, 3196
5168, 7106
5963, 9519
3133, 9519
3133, 6117
1774, 4352
5100, 8684
2731, 4345
3544, 6789
6736, 8841
2871, 3905
4360, 6729
871, 7350
4167, 4527
1404, 8743
2962, 4342
721, 3102
4072, 8071
5277, 5532
3911, 6874
3775, 6868
1317, 9320
1255, 3771
4440, 7987
4742, 9728
3075, 9780
3075, 3164
8238, 8713
4319, 6659
4319, 5318
6000, 8463
8295, 8966
6549, 8295
5141, 6549
4489, 5141
5845, 8903
4970, 5892
2498, 5760
1744, 3303
267, 5942
267, 6651
5320, 6651
5585, 6935
2217, 7110
7170, 9949
973, 7955
5518, 7015
1152, 4681
3110, 9625
2376, 3610
2122, 2920
6210, 8725
5050, 6777
1098, 5050
834, 7321
834, 4979
5554, 5865
3599, 8965
897, 7532
5170, 5757
4121, 9412
1248, 7230
456, 2066
3446, 5989
3506, 6501
5758, 6123
536, 5933
123, 536
536, 5984
2451, 8484
2805, 5413
1785, 9453
1958, 8311
755, 4187
2406, 8048
8048, 9737
3012, 5751
3833, 9302
2586, 9391
975, 2586
3219, 4672
3612, 8795
4680, 5997
4680, 7622
2275, 4680
7622, 7901
4889, 9707
1765, 5375
2530, 3237
5641, 9198
6815, 9198
8199, 9908
6122, 7034
3473, 7034
2124, 6615
6764, 6800
4919, 9489
2032, 3502
3502, 7257
3502, 7460
2701, 3502
4578, 9115
1325, 4029
340, 4635
911, 8858
6779, 7009
1139, 6650
3320, 3882
2968, 5528
3360, 6763
1227, 5512
4788, 8937
3097, 8899
3097, 4254
947, 5283
947, 1786
3302, 9856
3302, 7126
6703, 8303
266, 7285
3406, 7688
1620, 2305
4571, 5017
3760, 9511
6440, 9710
2267, 2581
937, 3228
937, 8989
937, 9734
7722, 7900
3741, 7722
3471, 4768
4881, 6374
3853, 8791
6631, 8791
1321, 8791
204, 4235
2772, 8517
419, 4319
2098, 7362
615, 7661
7213, 8411
928, 6525
2077, 6051
1595, 5118
2521, 7207
4880, 9315
5499, 6153
1583, 6153
1583, 3603
1510, 7729
1510, 1928
7042, 9649
4810, 7042
3049, 4810
7066, 8693
8532, 9044
3562, 3689
1721, 4934
8425, 9101
56, 9693
1249, 5679
6080, 7037
8052, 8082
4315, 8082
2676, 8082
2676, 3586
3466, 7303
1160, 7148
5375, 8650
1170, 1812
1506, 5147
580, 6516
657, 2373
9140, 9629
9140, 9437
3532, 6617
2171, 3073
6478, 6691
3627, 7481
5492, 8506
3647, 4885
573, 2303
573, 7295
2417, 5840
2424, 5535
3346, 9723
1668, 1937
2100, 5580
2100, 7690
2606, 7941
5798, 8468
1292, 9947
5133, 9947
805, 7618
7502, 8187
7852, 8011
371, 6156
9235, 9284
1127, 4785
2022, 4785
3842, 6353
5855, 9000
4027, 9195
4095, 4334
34, 3780
8413, 8927
4814, 8635
7840, 9307
6591, 7840
3682, 4872
2739, 7984
301, 8245
5055, 8086
1638, 6407
6407, 6953
1734, 5147
1734, 3737
7553, 9191
2006, 2744
4309, 8783
141, 5539
1909, 2038
3893, 8687
3893, 9178
2091, 4231
70, 4205
3273, 6284
295, 5238
2311, 6834
826, 2756
4234, 6944
1843, 9808
2784, 4278
1563, 2046
3564, 8611
5959, 9732
3348, 5384
3456, 7181
254, 9359
4569, 9359
3511, 4569
3511, 4297
2369, 8135
2649, 7529
739, 4236
6138, 7635
144, 1126
71, 930
1695, 9813
1695, 9989
5924, 9617
1802, 9389
1110, 4464
3999, 7519
2017, 3999
3981, 7528
3979, 8512
1924, 9900
4487, 4566
821, 5225
4242, 4998
1610, 3714
1348, 1894
118, 851
2219, 6979
385, 3222
2989, 6195
5067, 6796
3981, 4592
5065, 9763
131, 8658
3423, 5520
2879, 6431
4590, 5880
4253, 9274
5476, 6103
1683, 3457
3751, 6946
934, 7023
6726, 7023
2694, 3450
5975, 7028
7028, 7740
577, 2797
3528, 8810
2884, 8917
1442, 4686
142, 4686
1253, 6912
4199, 5771
4292, 9470
3969, 4292
7188, 8168
3930, 7483
2222, 6626
1518, 9840
2191, 3533
1744, 8310
2503, 2665
2665, 9686
7193, 9420
1736, 3361
612, 3462
3118, 5560
4676, 6698
2523, 7626
4365, 5745
1425, 6531
3956, 6458
4392, 7117
3844, 4696
99, 3844
1339, 9556
1339, 3403
3651, 4150
1768, 2868
1484, 9768
1484, 7406
1815, 2903
1815, 3762
3645, 4409
2573, 9664
4928, 7315
1200, 4928
4928, 5715
8407, 9779
7656, 9996
2374, 2779
7417, 7972
5003, 5794
3819, 6908
1366, 6860
559, 1167
1547, 6072
4076, 8059
1091, 7453
23, 3652
23, 2326
23, 1566
1102, 7525
3472, 4468
3349, 7067
4238, 9212
1816, 9036
2004, 9685
1915, 4132
246, 4468
552, 5327
1771, 6399
6399, 6496
3985, 5990
1009, 1818
2041, 8133
4949, 9976
1729, 6766
3288, 3317
6613, 6742
2104, 7379
1133, 1741
4502, 6309
1807, 5957
1662, 5756
1662, 6653
2951, 6653
5887, 7537
9481, 9655
9481, 9572
1755, 9846
5309, 8608
1507, 8290
6151, 7370
1044, 5062
442, 6480
2092, 8985
2316, 2593
3659, 8274
5212, 7334
2947, 9291
1406, 4679
993, 6225
712, 2380
3287, 6403
2240, 2897
8100, 9672
1215, 7323
5132, 6665
5139, 6650
807, 5255
1487, 1858
6485, 8476
2920, 3467
4539, 7896
3194, 7488
790, 2978
5141, 9959
97, 887
905, 2936
8773, 9642
908, 8128
3070, 3790
113, 3485
6364, 7649
7660, 9524
5891, 6408
4429, 8498
1092, 9383
8332, 9383
9242, 9696
1950, 4027
2462, 2546
2111, 8154
1039, 6402
2747, 5138
478, 7852
2041, 2983
2065, 6372
2065, 7576
7618, 8516
1288, 6810
8520, 9903
662, 1190
2575, 6236
2282, 7503
2354, 3881
383, 3413
3413, 9966
1169, 5237
7581, 9709
5975, 8916
8816, 9800
8667, 9107
4355, 9738
3358, 6644
4651, 8466
1030, 7399
7282, 9948
287, 8456
954, 9476
960, 8617
2613, 3724
5073, 6897
6, 5952
6, 4300
4300, 5372
1934, 2183
1275, 8793
5683, 7510
1326, 8413
2807, 7716
1295, 3200
7450, 8105
2738, 4839
1865, 3618
2878, 4591
1587, 4797
905, 5009
3839, 6001
1862, 8781
718, 8781
3980, 5176
4148, 6899
75, 5006
3675, 5163
2662, 9910
1506, 8386
1678, 5975
1480, 8520
4843, 9334
8067, 8207
7347, 7545
11, 293
2036, 9215
2734, 8708
101, 5222
7474, 8864
3289, 6008
1103, 8306
1883, 9987
3068, 5290
574, 5436
5983, 6661
3582, 5353
5353, 6405
6808, 9951
4155, 5982
2132, 2597
2039, 2604
2423, 7844
1924, 9965
4000, 9965
6571, 6986
2944, 6465
166, 3496
110, 173
4279, 9502
1206, 4279
4239, 5625
4943, 9417
3180, 6410
2665, 7562
2635, 6564
1495, 5457
4964, 8374
1146, 5705
8894, 9747
128, 2195
3120, 8390
4761, 5541
2833, 6773
1013, 6983
2950, 7201
2950, 3387
1001, 1715
2735, 4377
154, 2482
3553, 5020
4228, 8359
5091, 5250
8403, 9011
3144, 8387
374, 4358
5110, 8300
1867, 2999
2577, 9164
2491, 2577
2800, 6069
1670, 9461
2466, 6490
8636, 8664
8117, 8121
804, 5932
4709, 5910
5574, 8109
1516, 9277
2948, 5705
1462, 3887
1046, 1462
1046, 9675
1982, 6522
3159, 8204
399, 7290
1935, 5396
4323, 7506
166, 9854
4434, 7495
7381, 7887
1234, 4654
8327, 9809
3553, 7996
1504, 5298
2690, 8149
4802, 6987
3810, 7472
74, 3936
3713, 5285
5285, 7208
883, 2220
3127, 3705
852, 8621
832, 2221
4078, 5185
726, 3516
6062, 7706
3180, 6563
2923, 6010
5824, 7695
410, 6567
4011, 6314
3127, 5472
6959, 8472
7392, 9755
3852, 5697
1332, 2691
1511, 6190
915, 9930
270, 6060
10, 5434
4699, 6625
7431, 9562
608, 2645
3561, 8617
1967, 8618
3060, 7168
6822, 9219
1398, 5927
3833, 9509
2789, 7458
2468, 7458
3730, 7663
1710, 7260
3107, 4429
3368, 9865
147, 1436
2218, 5338
4906, 9494
3241, 7349
8685, 9576
5877, 8685
2434, 3036
3877, 6836
1901, 3579
4222, 7843
5283, 7163
5157, 5817
1032, 4647
1700, 3299
2290, 9207
2210, 9937
3897, 6116
5046, 6116
3956, 9367
7870, 8709
48, 2064
8508, 8565
2773, 7052
3976, 8401
6819, 8166
4603, 8999
877, 9152
681, 4194
3061, 6177
4583, 8902
3380, 4419
7831, 9285
591, 1576
591, 4643
5682, 8138
248, 6570
1345, 5151
201, 2567
7231, 7462
7285, 9694
1650, 9890
7083, 8031
135, 5836
51, 3498
4396, 8132
1340, 8132
3387, 5611
1094, 1190
3691, 3854
3325, 5051
3002, 5822
482, 4904
480, 5154
560, 5158
3558, 3744
1591, 7247
3281, 5236
717, 2087
6223, 9840
2657, 3294
3294, 8285
813, 1836
5203, 7752
3128, 4800
6610, 8191
4, 3431
4642, 5305
3119, 7076
924, 8110
5419, 9578
4100, 5276
3572, 4939
1629, 6728
441, 843
2182, 4082
3814, 4201
1750, 7929
253, 4123
1150, 5778
290, 6567
4420, 4635
6282, 9998
1812, 3568
3589, 5702
4289, 5196
3293, 5067
1359, 9783
3078, 3489
3741, 7758
4432, 8391
8391, 8884
5296, 6724
1264, 4373
895, 4797
2281, 6220
8256, 8481
931, 1211
1863, 3282
13, 5150
6563, 7212
793, 6265
2986, 7284
4219, 7524
2401, 5301
3962, 5459
3444, 3962
3046, 3866
5142, 9400
1709, 4730
1736, 6569
6927, 8169
1550, 3147
9927, 9959
2901, 8957
1365, 9369
5140, 7209
4999, 9623
3939, 4610
3628, 5208
1895, 3875
1222, 2354
1261, 1394
3989, 5969
406, 1166
4024, 5334
31, 3628
2559, 7055
5584, 6135
4223, 4402
2810, 7036
3720, 7977
3993, 8497
1274, 2661
2633, 8758
694, 1719
2774, 9147
7745, 9340
3272, 8810
640, 6638
2781, 8061
1749, 5697
5733, 6164
633, 7825
138, 9908
6923, 8730
2362, 6866
8283, 9186
3991, 7466
