2.394293
0, 2003
1, 8931
2, 2320
3, 187
4, 5345
5, 3744
6, 1405
7, 9054
8, 7176
9, 9303
10, 3827
11, 6373
12, 3649
13, 8974
14, 9110
15, 2629
16, 3061
17, 8228
18, 4398
19, 9034
20, 8283
21, 1208
22, 9196
23, 4375
24, 5257
25, 2529
26, 6234
27, 8423
28, 2902
29, 2021
30, 8466
31, 1299
32, 4602
33, 3020
34, 5754
35, 3948
36, 4974
37, 6957
38, 674
39, 3389
40, 5191
41, 8805
42, 9911
43, 9688
44, 8816
45, 146
46, 700
47, 7404
48, 1235
49, 6796
50, 6130
51, 1599
52, 5034
53, 148
54, 2257
55, 1366
56, 5583
57, 5412
58, 6483
59, 4514
60, 3769
61, 7309
62, 635
63, 1073
64, 743
65, 1565
66, 687
67, 2973
68, 2119
69, 5260
70, 7873
71, 1304
72, 5822
73, 5912
74, 3646
75, 9846
76, 8028
77, 9369
78, 7742
79, 1142
80, 7409
81, 8397
82, 5933
83, 7534
84, 2994
85, 5091
86, 9673
87, 9405
88, 9838
89, 1174
90, 7929
91, 5511
92, 480
93, 4112
94, 9081
95, 1431
96, 7386
97, 9977
98, 2590
99, 7780
100, 4067
101, 4888
102, 3136
103, 5453
104, 1353
105, 6928
106, 7187
107, 2702
108, 3720
109, 2838
110, 4115
111, 293
112, 5933
113, 3266
114, 4386
115, 8530
116, 9014
117, 2959
118, 1231
119, 6178
120, 1107
121, 1097
122, 6158
123, 7147
124, 8037
125, 534
126, 3625
127, 2800
128, 1240
129, 8859
130, 9694
131, 6836
132, 2965
133, 5082
134, 3037
135, 9178
136, 3878
137, 4626
138, 7387
139, 748
140, 6222
141, 733
142, 8963
143, 8006
144, 7373
145, 8100
146, 1876
147, 9930
149, 5465
150, 261
151, 6099
152, 3308
153, 3081
154, 4393
155, 605
19, 156
157, 1706
158, 7751
159, 9177
160, 8997
161, 6027
162, 6492
163, 4652
164, 5067
165, 7652
166, 3238
167, 2983
168, 9621
169, 8088
170, 2616
171, 8162
172, 3751
173, 6707
174, 6494
175, 5526
176, 2927
177, 7672
178, 753
179, 9518
180, 4077
181, 1955
182, 8598
183, 4974
184, 5365
185, 4504
186, 2773
187, 3967
188, 8802
189, 9736
190, 3900
191, 4216
192, 2438
193, 9294
194, 1540
195, 3406
196, 5561
197, 9829
198, 6500
199, 840
200, 2066
201, 6069
202, 4702
203, 9304
204, 3844
205, 6480
206, 6989
207, 2114
208, 4426
209, 5430
210, 7994
211, 754
212, 8058
213, 5823
214, 4011
215, 4995
216, 6984
217, 2700
218, 8305
219, 2662
220, 3402
221, 8719
222, 694
223, 2809
224, 2445
225, 9524
226, 5797
227, 4671
228, 772
229, 7795
230, 6885
231, 3481
232, 2314
233, 3990
234, 9034
235, 512
236, 5287
237, 5677
37, 238
239, 9000
240, 4395
241, 6398
242, 2959
243, 8101
244, 4224
245, 3754
246, 2853
247, 3410
248, 886
249, 7824
250, 8138
251, 8820
252, 4461
253, 6999
254, 1555
255, 1350
256, 6391
257, 2663
258, 3872
259, 2689
260, 9709
261, 7385
262, 8745
263, 913
264, 876
265, 1573
266, 318
267, 3642
268, 600
269, 357
270, 4051
151, 271
272, 8657
273, 6845
274, 2915
275, 6294
276, 3469
277, 707
278, 4380
279, 5186
280, 6685
281, 5645
282, 5116
283, 6726
284, 6785
285, 1552
286, 460
287, 5678
288, 9456
289, 4765
290, 397
291, 696
292, 8301
294, 4773
295, 1313
296, 9239
297, 2723
298, 8253
299, 7320
300, 2806
122, 301
302, 2379
303, 6560
304, 2704
305, 3272
306, 3830
307, 8668
308, 3834
309, 7309
310, 1163
311, 8020
312, 4667
313, 5444
314, 8212
315, 7988
316, 831
317, 8617
319, 8168
320, 4940
321, 2477
322, 7378
323, 1772
324, 601
325, 3634
326, 4913
327, 4328
328, 1456
329, 6483
330, 5715
331, 2099
332, 3440
333, 5959
334, 2148
335, 5565
336, 6661
337, 3417
338, 8756
339, 4841
340, 5940
341, 6625
342, 4611
343, 8168
344, 3857
345, 2212
346, 7114
347, 7772
348, 9831
349, 7549
350, 6782
351, 9834
352, 9143
353, 4057
354, 9285
355, 8958
356, 8258
357, 9168
358, 3168
359, 1829
360, 8670
361, 5832
362, 9970
363, 5932
364, 1778
365, 1311
366, 5152
367, 6392
368, 4174
369, 3376
370, 4783
371, 3343
372, 9262
373, 5983
374, 7878
375, 2362
376, 2628
377, 5356
378, 4224
379, 4405
380, 531
381, 9493
382, 932
383, 778
384, 9934
385, 1164
386, 3045
387, 6024
388, 6111
389, 8692
390, 2107
235, 391
392, 8876
393, 1479
394, 3904
395, 8909
396, 4889
397, 7434
398, 8483
399, 623
400, 9162
401, 8575
402, 8836
403, 5482
404, 4224
405, 1497
406, 8848
407, 9469
408, 8689
409, 2876
410, 1456
411, 5695
412, 7630
413, 7294
414, 9297
415, 568
416, 5739
417, 8415
418, 9513
419, 8574
420, 9881
421, 7621
422, 2566
423, 3871
424, 2262
425, 7589
426, 2450
427, 5356
428, 1658
429, 1677
430, 7949
431, 730
432, 3827
433, 3893
434, 9989
435, 5570
436, 6516
437, 2813
438, 2046
439, 4163
440, 5041
441, 2940
442, 7858
443, 2432
444, 2828
445, 1411
446, 929
447, 2194
448, 2601
449, 4970
450, 9963
451, 9862
452, 6870
453, 1525
454, 8503
455, 3835
456, 3449
457, 9163
458, 1793
459, 3738
460, 8926
461, 2050
462, 9825
463, 2487
464, 7095
465, 6072
466, 512
467, 2386
468, 2017
469, 2763
470, 4601
471, 4893
472, 3913
473, 3688
474, 1418
475, 7206
476, 8488
477, 2578
478, 8105
479, 3356
481, 9404
482, 1862
483, 3279
484, 7758
485, 5073
486, 2665
487, 3395
488, 683
489, 9016
490, 7750
491, 1499
492, 4833
493, 4284
494, 3670
495, 995
496, 9946
497, 5321
498, 7061
499, 6825
500, 4901
501, 8148
502, 7888
503, 9301
504, 6251
505, 8233
506, 7373
507, 7532
508, 7626
498, 509
507, 510
511, 9277
513, 5243
514, 7508
515, 5046
322, 516
517, 5517
518, 9321
519, 4268
520, 8897
521, 7888
522, 9639
523, 1617
524, 1566
525, 2917
526, 2864
527, 4417
528, 1449
529, 3785
530, 3049
532, 7355
533, 1404
535, 2398
536, 1263
537, 889
538, 9612
539, 8755
540, 1384
541, 4782
542, 6886
543, 2431
544, 8607
545, 656
546, 882
547, 3676
548, 8393
549, 5142
550, 1270
551, 6730
552, 6151
553, 2716
554, 4505
555, 9424
556, 7588
557, 2441
558, 9478
559, 8114
560, 7492
561, 3632
562, 3230
563, 1726
130, 564
565, 8403
315, 566
567, 3870
569, 2149
570, 8304
140, 571
572, 1597
573, 8691
574, 7844
575, 6596
576, 9054
577, 7448
578, 7694
579, 7466
580, 1393
581, 5796
582, 3995
558, 583
584, 1956
585, 956
586, 1443
587, 5335
588, 4167
589, 7611
590, 9588
591, 853
592, 9527
593, 1816
594, 4093
595, 2991
596, 4915
597, 5381
598, 2001
599, 5689
600, 9135
602, 2669
603, 5889
604, 2939
606, 4701
607, 5409
608, 8408
609, 6421
610, 9328
611, 9510
612, 3956
613, 6180
614, 9072
615, 4602
616, 7294
617, 6587
618, 1107
619, 8638
620, 3765
621, 2802
622, 5957
623, 9825
624, 1464
625, 4777
626, 2272
627, 6846
628, 4848
629, 7214
630, 3379
175, 631
223, 632
633, 2388
634, 6711
635, 1017
636, 7598
637, 5787
638, 8950
639, 1122
640, 2154
641, 9182
642, 3280
643, 6454
644, 2235
645, 5538
646, 6821
647, 3240
648, 3372
649, 4787
650, 6275
651, 1300
652, 1388
653, 7530
654, 9446
655, 2712
657, 2020
658, 2237
659, 8064
660, 3940
661, 1740
662, 6667
663, 4704
664, 7477
665, 5413
666, 8839
667, 9347
668, 899
669, 4698
670, 1235
671, 4314
672, 3128
673, 2755
675, 9876
676, 5764
677, 5121
678, 2514
679, 5982
109, 680
681, 2996
682, 5912
684, 7320
685, 3210
686, 745
688, 6590
689, 5818
690, 1440
691, 7401
692, 8795
693, 3975
695, 4277
696, 7229
697, 2252
698, 1610
699, 1875
700, 3739
701, 7658
702, 6928
703, 1423
704, 6405
705, 870
706, 8963
707, 2344
708, 1779
709, 4795
710, 7587
711, 8796
712, 3629
713, 5448
714, 7935
715, 9057
716, 1631
717, 3937
718, 2571
719, 5898
720, 6175
721, 4126
722, 6330
723, 5564
724, 3485
725, 7078
726, 7328
727, 6936
728, 745
729, 4761
730, 5898
731, 4777
732, 6573
734, 7997
735, 1561
736, 9365
737, 9443
738, 3254
739, 9743
740, 2858
741, 5590
742, 5917
744, 9959
746, 3063
747, 6393
749, 8161
750, 4845
751, 4269
752, 7433
755, 8713
756, 8071
757, 4725
758, 4204
759, 7508
760, 7467
761, 1034
280, 762
763, 2607
764, 1145
765, 1441
766, 6451
767, 5016
768, 4028
769, 9745
770, 1107
771, 8863
773, 5068
774, 1210
775, 6159
659, 776
777, 4188
778, 3759
779, 7410
780, 7754
781, 8815
782, 825
783, 1168
784, 2242
785, 826
786, 7978
787, 6497
788, 7428
789, 4069
790, 8297
791, 2780
792, 2817
793, 8749
794, 6392
795, 6137
796, 1442
797, 8256
798, 1813
799, 3947
800, 2039
801, 9935
802, 2752
803, 4346
804, 3381
805, 2808
806, 1964
807, 1055
808, 5251
514, 809
810, 6902
811, 8210
812, 6804
813, 7840
814, 2242
815, 6810
816, 2322
817, 3857
818, 7341
819, 6679
820, 8479
821, 6290
822, 9436
630, 823
824, 4455
825, 7155
826, 6360
827, 7845
525, 828
829, 8315
830, 9553
832, 7011
833, 4669
834, 5197
835, 8361
836, 6170
837, 7951
838, 2732
839, 3069
841, 9568
842, 8854
843, 4768
844, 9819
845, 5586
846, 7921
847, 3035
848, 3913
849, 4367
850, 1784
851, 8463
852, 6591
854, 1201
855, 8179
856, 8554
814, 857
858, 4328
859, 8616
860, 4095
542, 861
862, 6259
863, 8747
864, 4613
865, 2327
866, 2078
867, 6223
868, 4918
869, 6250
871, 2208
872, 9697
873, 6190
874, 5014
875, 9726
876, 8163
877, 2236
878, 4094
879, 5964
880, 4003
176, 881
883, 4358
884, 4964
885, 2462
886, 5420
887, 3928
888, 3579
890, 2663
891, 9769
268, 892
893, 1981
894, 5194
895, 2602
896, 5144
897, 8068
898, 7631
899, 2753
900, 8264
901, 4744
902, 2702
903, 5960
904, 4801
905, 8661
906, 1914
907, 2273
908, 1738
909, 8409
910, 1978
911, 3556
912, 3655
913, 5858
914, 4370
915, 6554
916, 8791
917, 9733
918, 5419
919, 4516
920, 4453
921, 8050
922, 3219
923, 1670
924, 7066
925, 1448
926, 6851
927, 6989
928, 9771
930, 1148
931, 1353
932, 9666
933, 4701
934, 8038
935, 4018
936, 5310
937, 7358
938, 6988
939, 9299
940, 8884
941, 5575
942, 987
943, 5330
944, 5350
945, 6738
946, 8143
947, 6933
948, 1939
949, 2362
950, 5897
951, 8405
952, 2827
953, 1800
954, 5616
955, 7411
957, 6971
958, 6870
959, 9251
960, 8669
961, 2076
962, 8133
963, 1918
964, 1744
965, 6453
966, 4718
967, 1623
968, 2317
969, 3444
970, 1757
971, 8702
972, 8150
973, 6065
696, 974
975, 9770
976, 7780
977, 7900
978, 1833
979, 6940
714, 980
981, 8838
982, 1415
983, 8370
984, 1267
985, 9861
986, 6419
987, 1134
988, 1185
989, 9035
990, 4719
991, 3817
992, 2689
993, 2071
994, 5511
995, 7258
996, 4079
997, 8847
998, 7864
999, 8034
1000, 7924
1001, 2001
1002, 7795
1003, 7971
1004, 2925
1005, 2694
1006, 9397
1007, 1298
1008, 3871
1009, 2612
1010, 9325
1011, 4557
1012, 2848
1013, 2113
1014, 9439
1015, 9553
1016, 5262
1017, 4837
1018, 4566
1019, 4326
1020, 1857
1021, 9709
1022, 2190
1023, 4051
1024, 1094
1025, 7085
1026, 2076
151, 1027
799, 1028
1029, 5285
1030, 6952
1031, 1266
1032, 7997
1033, 2818
1035, 2568
1036, 8931
1037, 6077
1038, 4983
1039, 5618
1040, 2741
1041, 6651
1042, 5518
1043, 5109
1044, 6381
1045, 4361
1046, 6539
1047, 7862
1048, 8729
1049, 3082
1050, 4921
1051, 7524
1052, 1067
1053, 1310
1054, 2455
1056, 3459
1057, 3391
1058, 1073
1059, 2789
1060, 8245
1061, 7320
1062, 8595
1063, 4946
1064, 8197
1065, 2540
1066, 3482
1067, 7234
1068, 6624
1069, 3935
1070, 3899
1071, 7738
1072, 4729
1074, 5297
1075, 4762
1076, 3364
1077, 3681
1078, 3513
1079, 3132
1080, 6896
1081, 2442
1082, 4539
1083, 4641
1084, 8586
1085, 1714
1086, 5416
1087, 1300
1088, 7301
1089, 2790
1090, 9832
1091, 7866
1092, 8291
1093, 9453
1095, 2448
1096, 6655
1097, 8575
1098, 3256
1099, 1216
1100, 2572
1101, 3713
1102, 9542
1103, 7566
1104, 3812
1105, 1567
1106, 2430
1108, 4541
1109, 6770
1110, 4446
1111, 9292
1112, 8464
1113, 9765
1114, 1742
1115, 2620
1116, 2919
1117, 3572
1118, 2192
1119, 9706
1120, 8776
1121, 9089
1123, 8045
1124, 9996
1125, 7740
1126, 8007
1127, 1623
1128, 1752
1129, 7138
1130, 7971
1131, 9154
1132, 4893
1133, 5303
1135, 6316
1136, 2369
1137, 7748
816, 1138
1139, 8220
455, 1140
1141, 4270
1142, 4524
1143, 7876
1144, 4283
1146, 9071
1147, 1656
1149, 3190
1150, 1180
1151, 7388
1152, 3950
1153, 6650
1154, 1535
1155, 9602
1156, 7968
1157, 5510
1158, 4414
1159, 8838
1160, 2664
1161, 6055
1162, 1289
1163, 3417
1164, 9302
1165, 2156
1166, 1337
1167, 6795
1169, 2634
1170, 8509
1171, 8113
1172, 9455
1173, 7750
1174, 2315
1175, 8559
1176, 7844
1177, 3495
1178, 7205
1179, 9680
1180, 2752
1181, 6817
1182, 3062
1183, 7819
1184, 2715
1186, 6862
1187, 2931
1188, 4694
1148, 1189
1190, 5155
1191, 7402
1192, 3399
1193, 5266
1194, 6374
1195, 9717
1196, 8104
1197, 6992
1198, 6589
1199, 5970
1200, 4655
1201, 7678
1202, 1645
1203, 2038
1204, 4034
1205, 3332
1206, 2556
1207, 2504
1209, 6426
1211, 1354
1212, 3047
1213, 7302
1214, 7157
1215, 5366
1217, 7801
1218, 7257
1219, 6390
1220, 4690
1221, 9174
1222, 7024
1223, 6629
595, 1224
888, 1225
1226, 3528
1227, 3532
1228, 7274
1229, 2296
1230, 9740
1231, 1893
1232, 3161
1233, 3372
1234, 4109
1236, 8090
1237, 7843
1238, 2009
1239, 6583
1240, 9258
1241, 4549
1242, 3988
1243, 7668
1244, 2809
1245, 4453
1246, 6952
1247, 5530
929, 1248
1249, 3030
1250, 2004
1251, 8573
1252, 2396
1253, 4678
1254, 6264
1255, 1731
1256, 5736
1257, 7376
1258, 6319
1259, 5338
1260, 1783
1261, 7939
1262, 4426
1264, 6871
1265, 7978
1266, 9118
1267, 4632
1268, 7121
1269, 9375
1271, 8895
1272, 6657
1273, 3504
1274, 2614
1275, 8935
1276, 1790
1277, 7354
1278, 9643
1279, 7203
1280, 4042
1281, 3412
1282, 5194
1283, 6161
1284, 5789
1285, 1659
1286, 8758
658, 1287
1288, 3577
63, 1290
1291, 9096
1292, 1840
1293, 9737
1294, 8431
1295, 6503
1296, 2227
1297, 7135
1300, 4150
1301, 2564
1302, 7743
1303, 6441
1305, 2735
1306, 2371
1307, 5566
1308, 9173
1309, 7928
1311, 7876
1312, 3550
1313, 9631
1314, 2357
1315, 3113
1316, 3277
1317, 2806
275, 1318
1319, 1891
1320, 3931
622, 1321
1322, 1990
1323, 3541
1324, 1809
1325, 1418
1326, 6094
1327, 5522
1328, 8877
1329, 4397
449, 1330
1331, 3401
1332, 4332
1333, 3809
1334, 9295
1335, 8307
1336, 1958
1337, 4175
1338, 9665
1339, 6388
1340, 1618
1341, 4175
1342, 7178
1343, 8659
1344, 3444
1345, 4559
1346, 2509
1347, 9103
1348, 4574
1349, 3481
1350, 3071
1351, 2066
1352, 4591
1353, 6040
1355, 7648
1356, 3278
1357, 2868
1358, 4842
1359, 9497
1360, 6959
1361, 8561
1362, 6986
1203, 1363
1364, 8455
913, 1365
1367, 3523
1368, 8802
1369, 3875
1370, 5535
1371, 4764
1372, 6843
1373, 7880
774, 1374
1375, 9012
1376, 2690
1377, 3238
717, 1378
1379, 8780
1380, 4693
1381, 7039
1382, 6833
1383, 4042
1385, 4585
1386, 8480
1387, 2344
1388, 8406
1389, 9475
1390, 5781
1391, 3969
1392, 3177
1394, 5341
1395, 7500
1396, 2624
1397, 1468
1398, 3748
1399, 7982
1400, 3556
792, 1401
686, 1402
1403, 8508
1406, 7814
1407, 1576
1408, 5489
1409, 3130
1410, 1415
1411, 6041
1412, 2021
1413, 4649
1414, 4368
1415, 4923
1416, 3194
1417, 9756
1418, 6069
1419, 6714
1420, 8740
1421, 5154
1422, 7768
1423, 7428
1424, 8365
1425, 3899
1426, 6990
1427, 2805
1428, 7210
1429, 4865
1430, 6655
1432, 4584
1433, 6425
1434, 2936
1435, 2122
1436, 7905
1437, 4157
1438, 5484
1439, 6255
1441, 7841
1444, 7767
1445, 3752
1446, 3835
1447, 2666
1448, 2683
1449, 8482
1450, 9376
1451, 8123
1452, 7216
1453, 8536
1454, 4368
1455, 3205
1457, 2774
1458, 3216
1113, 1459
1460, 9722
1461, 3755
1462, 7603
1463, 9897
1464, 3805
1465, 6303
1466, 7166
1467, 6605
1468, 1832
1469, 9238
1470, 7662
1471, 1912
1472, 6759
1473, 6821
1474, 3365
1475, 2540
1476, 3937
1477, 3782
1478, 4616
1479, 6796
1480, 3406
1481, 4989
1482, 5702
1483, 7888
1484, 9403
1485, 9116
1486, 4535
1487, 7703
1488, 9186
1489, 2697
1490, 6418
1491, 2959
1492, 1918
1493, 2499
1494, 7539
1495, 2219
1496, 2713
1497, 8212
1498, 7119
1500, 9554
1501, 8309
1502, 3208
1503, 8326
1504, 5902
1505, 9001
1506, 6950
1507, 3552
1508, 9055
1509, 1547
1510, 9815
1511, 4289
1512, 5677
1513, 6825
1514, 2065
1515, 8756
1516, 8885
1517, 6016
1518, 6243
165, 1519
1520, 2608
1521, 4172
1522, 5095
1523, 2376
1524, 6086
1526, 5435
1527, 8301
1528, 8339
1529, 7974
1530, 5598
1531, 2762
1532, 9256
1533, 7205
1534, 1746
1536, 4049
1537, 8631
1538, 2494
1539, 7464
1540, 4671
1541, 7287
1542, 8025
1543, 3364
1544, 6442
1545, 9509
1546, 2003
1548, 4988
1549, 6213
1550, 8692
1551, 6345
1552, 2195
1553, 8976
1554, 2814
1555, 5186
1556, 2739
1557, 4511
1558, 8612
1147, 1559
1560, 6735
1562, 4843
1563, 8441
1564, 5185
1567, 9505
1568, 6828
1569, 3662
1570, 7729
1571, 7851
1572, 5194
1574, 4496
1575, 2124
1577, 8575
1578, 5309
637, 1579
1580, 4071
1581, 8203
1582, 2645
1583, 6363
1584, 6856
1585, 8033
1586, 8378
1587, 8153
1588, 1627
1589, 3119
1590, 6293
1591, 3008
1592, 5253
1593, 2201
1594, 3098
1595, 9640
1596, 8030
1597, 9496
1598, 7256
1600, 7921
1601, 7618
1602, 5844
1603, 7868
1604, 3653
1605, 7562
1606, 7470
1607, 8524
443, 1608
1609, 8245
1610, 7317
212, 1611
769, 1612
1613, 3346
1614, 4334
1615, 6336
1616, 1864
1617, 5395
1618, 4468
1619, 7798
1620, 9773
1621, 3094
1622, 3905
1624, 3604
1625, 9750
1626, 7960
1628, 3516
1629, 3226
1630, 3094
1632, 9066
1633, 1940
1634, 8187
1635, 5468
1636, 8933
1637, 3795
1638, 8496
1639, 9638
1640, 8348
1641, 8422
1642, 5131
1643, 2150
458, 1644
1645, 4473
1646, 2082
1647, 5162
1648, 6171
1649, 2083
1650, 4775
1651, 4100
1652, 4717
1653, 8946
1654, 9407
1655, 9178
1656, 7231
1657, 3539
1659, 2151
1660, 4270
1621, 1661
1662, 2286
1663, 8085
1664, 7041
1665, 2519
1666, 3848
1667, 1757
1668, 5301
1669, 7758
1670, 8361
1671, 7975
1672, 5155
1474, 1673
1674, 4462
1675, 9957
1676, 3537
1678, 4141
1679, 7736
1680, 8635
1681, 4027
1682, 3780
1683, 2651
1684, 5276
693, 1685
1686, 7310
1687, 7743
1688, 8443
1689, 5015
1690, 1863
1691, 5154
1692, 6200
1693, 8299
1694, 4834
1695, 3649
1696, 4822
1697, 8708
1698, 8639
1699, 9698
1700, 5335
1701, 5325
1702, 5059
1703, 8065
1704, 9384
625, 1705
1706, 6023
1707, 5955
1708, 4440
1709, 3220
1710, 2303
1711, 2913
1712, 3901
1713, 7276
1715, 5368
1716, 6277
1717, 5499
1718, 3523
1719, 8415
1720, 5433
1721, 7258
1722, 3992
1723, 6416
1724, 6911
1725, 2527
1727, 3320
1728, 7567
1729, 2310
1730, 1979
1731, 3950
517, 1732
1733, 8325
1734, 2610
196, 1735
1736, 6205
1737, 3259
1738, 6211
1739, 4222
1741, 2959
1743, 2233
1744, 3281
1745, 3876
1747, 6305
1748, 7686
1749, 3407
1750, 8213
1751, 9638
1752, 3479
1753, 3210
1754, 3620
1755, 8541
1756, 5861
1758, 3890
1637, 1759
1760, 6567
383, 1761
1762, 7844
1763, 8567
1764, 4800
1765, 8472
1766, 3012
1767, 6863
1768, 7058
1769, 3420
1770, 5893
1771, 6817
1773, 8970
1774, 2679
1775, 4870
1776, 2539
563, 1777
1779, 4848
880, 1780
1781, 6405
1782, 5326
1783, 5551
1785, 2463
1615, 1786
1787, 8929
1788, 4006
1789, 4814
1791, 7173
1792, 4019
1794, 3210
1795, 4273
1796, 5217
1797, 8437
1798, 7571
1799, 1819
1800, 3027
1801, 4637
1802, 6718
1803, 9909
1804, 3679
1802, 1805
1806, 5985
1807, 6392
1808, 5979
1810, 6713
1811, 9069
1812, 5968
1813, 6612
1814, 6391
1815, 7315
1409, 1817
1818, 7109
1820, 3430
1821, 6478
1822, 9704
1823, 2919
1824, 3945
1825, 6051
1826, 2219
1827, 2265
1828, 3686
907, 1830
1831, 7695
1834, 3163
1835, 7050
1836, 9532
1837, 9992
1838, 6165
1839, 6474
1840, 2561
1841, 7203
1842, 4063
1557, 1843
1844, 8430
1845, 4708
1846, 3019
1847, 2440
1848, 3176
1849, 6418
1850, 2777
1637, 1851
1852, 5810
1853, 2393
1854, 3517
1855, 9612
1856, 6228
1857, 4305
1858, 6933
1859, 3102
1860, 3933
1861, 3215
1863, 7966
1865, 7358
1866, 9129
1867, 5038
311, 1868
809, 1869
1870, 9899
831, 1871
1872, 2073
1873, 4269
1874, 6289
1875, 6669
260, 1877
215, 1878
1879, 2557
1880, 9454
1881, 6874
1882, 5178
1883, 9415
1884, 5753
1885, 3724
1886, 6950
1887, 8159
1888, 4465
1889, 7085
1890, 1951
1892, 2530
1894, 4225
1895, 2730
1896, 3817
1897, 7234
1898, 2761
1899, 5869
1900, 4752
1267, 1901
1902, 8708
1903, 4786
1904, 3255
1905, 6135
1906, 3675
1907, 5910
1908, 6308
41, 1909
1910, 3944
1911, 9171
1912, 3569
1857, 1913
1915, 8573
1916, 5211
1917, 4213
1919, 7630
1920, 2459
1921, 9296
568, 1922
1923, 5468
1924, 9663
1925, 9870
1926, 9959
1927, 4344
167, 1928
1929, 4451
1930, 4178
1931, 2399
1349, 1932
1933, 4579
1934, 5509
1935, 4170
1936, 3425
1937, 6452
1938, 3936
529, 1941
1942, 8062
1943, 9796
1944, 2284
1945, 8007
1946, 3553
1947, 9945
1948, 7978
1949, 7508
1950, 2575
1952, 3635
1953, 9272
1954, 9423
1955, 7682
1956, 2828
1957, 2043
1959, 4136
1960, 3434
1961, 9074
1962, 7557
1963, 7091
1965, 9643
1966, 2378
1967, 3668
1968, 4181
255, 1969
1970, 3756
1971, 5189
1972, 5913
1973, 7532
1974, 7734
1975, 7415
1543, 1976
1977, 2130
1980, 2263
1982, 2813
1094, 1983
1984, 4562
670, 1985
1475, 1986
1987, 8561
1711, 1988
1989, 5572
1990, 2867
1991, 9456
1992, 3346
1993, 6712
1994, 2642
1995, 3424
1996, 2497
1997, 9017
1998, 8957
1999, 8705
2000, 2958
568, 2002
2004, 2541
2005, 9663
903, 2006
2007, 2038
1311, 2008
2010, 7891
2011, 6564
2012, 6501
2013, 7834
634, 2014
2015, 9938
2016, 9419
73, 2018
898, 2019
2021, 4716
2022, 8544
2023, 9712
2024, 2517
1796, 2025
154, 2026
2027, 4369
2028, 7121
2029, 2611
2030, 8105
2031, 7365
2032, 9049
2033, 2131
2034, 5772
2035, 7868
2036, 3684
2037, 5201
2040, 7451
2041, 6209
2042, 4933
1555, 2043
2044, 2454
2045, 2635
2046, 9365
2047, 7352
2048, 3641
2049, 9992
2051, 5227
2052, 7660
2053, 3271
2054, 3623
2055, 9888
2056, 4902
2057, 2688
2058, 5954
105, 2059
2060, 8330
2061, 6518
2062, 5020
1261, 2063
2064, 3996
2066, 4258
2067, 3658
2068, 9299
2069, 2342
2070, 7388
2072, 7357
2074, 5007
2075, 2313
2077, 5005
2078, 3856
2079, 4999
2080, 4181
2081, 9705
2083, 3373
2084, 2480
2085, 5560
2086, 7507
2087, 9587
2088, 4207
2089, 8251
2090, 6737
2091, 2412
2092, 5561
2093, 6932
2094, 2338
2095, 8916
2096, 8946
2097, 9554
2098, 3940
2099, 7705
1937, 2100
2101, 7432
2102, 3481
2103, 9656
2104, 5108
2105, 3065
2106, 7326
2107, 5837
2108, 4538
2109, 4194
1431, 2110
2111, 6844
2112, 2752
2114, 5878
2115, 4563
2116, 4307
2117, 5929
2118, 2195
2119, 4472
2120, 2921
2121, 9787
2123, 7737
2124, 9759
2125, 4446
2126, 4350
2127, 9100
2128, 7169
2129, 9095
2130, 6429
2132, 5821
2133, 4255
2134, 9406
1860, 2135
2136, 9953
2137, 6411
2138, 7505
2139, 8044
24, 2140
897, 2141
315, 2142
2143, 5636
1331, 2144
1787, 2145
735, 2146
2147, 3135
2151, 7463
2152, 8052
2131, 2153
2155, 6514
2156, 2602
2157, 3384
2158, 6114
2159, 4713
2160, 5228
2161, 6236
2162, 6420
37, 2163
2164, 6377
2165, 6771
2166, 8777
2167, 3276
2168, 3474
2169, 3788
2170, 2366
2171, 8106
2172, 3604
2173, 8070
2174, 9590
2175, 9022
2176, 9168
2177, 4765
2178, 7617
2179, 9010
2180, 3731
2181, 6864
2182, 7065
2183, 3693
2184, 9285
2185, 7486
2186, 6828
2187, 8221
2188, 5847
1561, 2189
2191, 3040
2193, 6034
2194, 6571
2196, 5353
2197, 4030
2198, 6747
2199, 6489
2200, 8612
2202, 2208
2203, 9069
2204, 2293
2205, 7791
2206, 2997
2207, 7472
2209, 9690
1243, 2210
2211, 3721
203, 2213
2214, 8253
2215, 8722
2216, 8969
1531, 2217
2218, 8786
2219, 9687
2220, 7776
2221, 2905
2222, 4681
2223, 3756
2224, 4182
2225, 4945
2226, 2572
2228, 4889
2229, 9938
2230, 5598
2231, 7485
2232, 5766
2233, 9862
2234, 5425
2238, 5560
2239, 7454
2240, 5068
2241, 8189
2243, 5226
2244, 3960
2245, 9513
2246, 4476
2247, 2636
2248, 5844
2249, 5058
1672, 2250
2251, 4644
2253, 2752
2254, 6549
2255, 5677
2256, 6791
2258, 8607
2259, 9360
2260, 5414
2261, 7953
2262, 4909
2263, 6376
2264, 7706
2265, 7715
2266, 8527
2267, 7366
2268, 8859
2269, 8591
2270, 7979
2271, 3004
2273, 7707
2274, 5723
2275, 7762
2276, 4088
2277, 4322
2150, 2278
2279, 2342
2280, 8721
2281, 8399
1586, 2282
2283, 2541
431, 2285
2286, 3358
1535, 2287
2288, 3658
2289, 9610
2290, 8854
2291, 3446
804, 2292
34, 2294
2295, 2604
2297, 6889
2298, 5609
2299, 8832
2300, 6530
2301, 2784
2302, 4870
2304, 4517
2305, 7975
2306, 3614
2307, 6169
2308, 3867
2309, 5474
2310, 8318
2311, 4139
2312, 6316
2313, 9057
2316, 2887
754, 2318
2319, 5518
2320, 9334
16, 2321
2322, 8322
2323, 5109
2324, 6956
1203, 2325
2326, 4118
2328, 2533
212, 2329
2330, 5415
2331, 5962
2332, 9306
1834, 2333
2334, 9990
2335, 9477
2336, 2980
2337, 4342
2338, 8488
2339, 4607
1779, 2340
1574, 2341
2343, 8722
257, 2345
1803, 2346
2347, 4672
2348, 8302
2349, 7916
2350, 8032
2351, 3788
2352, 5071
2353, 7790
2354, 5428
368, 2355
2356, 7582
2357, 7005
2358, 5801
2359, 3450
2360, 9060
2361, 8635
2362, 8415
2363, 7145
2364, 5779
2365, 6032
2367, 3435
2368, 7064
2370, 9795
2372, 7345
2373, 2994
241, 2374
2375, 2738
2376, 5329
2377, 6090
791, 2380
2381, 3855
2382, 6545
2383, 2507
2384, 9472
2385, 8946
1208, 2387
2388, 8992
1650, 2389
1449, 2390
2391, 7151
2392, 8452
2394, 8328
2395, 4390
2397, 3292
2398, 4910
2399, 8307
4, 2400
2401, 8850
2402, 8817
2403, 3080
2404, 3514
2405, 2929
2406, 8185
760, 2407
2408, 7601
2409, 3718
2410, 5792
2411, 7593
2413, 2571
2414, 4417
2415, 8902
2416, 8805
2417, 7079
2418, 7352
2419, 4911
2420, 7534
2421, 9421
2422, 3638
2423, 8917
2424, 9555
2425, 6875
2426, 5355
2427, 2730
2428, 7130
2429, 3428
2431, 9095
2432, 3436
2433, 7981
2434, 5151
2435, 4671
1951, 2436
2437, 3257
2439, 7576
2440, 4552
2443, 6733
2444, 9869
2445, 9127
2446, 7276
2447, 9244
2448, 7935
2449, 7275
2450, 8289
2451, 8174
2452, 5890
2379, 2453
2360, 2455
2456, 7738
2457, 9347
2458, 2738
2459, 8722
2460, 6012
2461, 3442
2462, 4879
2463, 3388
2464, 3634
2465, 7412
2466, 9670
2467, 7103
2468, 7513
2469, 7564
2470, 3018
2471, 8193
2472, 3235
2473, 9606
2474, 6898
2475, 2522
827, 2476
2478, 4348
1335, 2479
2481, 7950
2482, 6756
2483, 6316
2484, 7396
2485, 3852
2486, 8627
2487, 9534
2488, 6545
2489, 5321
2490, 9127
2491, 4911
2492, 5359
153, 2493
2494, 5369
2495, 9645
2496, 8791
2497, 3622
2498, 8656
2499, 3873
2500, 4967
2501, 5316
2502, 4296
2503, 7378
2504, 5259
30, 2505
2506, 5446
2471, 2508
120, 2510
1120, 2511
2512, 7521
2513, 8978
1378, 2514
2515, 6329
2516, 7450
2518, 8424
1637, 2519
2520, 5421
2521, 5905
2522, 6850
125, 2523
2524, 8291
2525, 7247
2526, 3853
2527, 6953
2528, 6436
2531, 6416
2532, 3227
2533, 5621
2534, 6466
2535, 8045
2536, 3506
2537, 5856
2538, 4398
2542, 5574
2543, 5108
2544, 3965
2545, 8576
2546, 3723
2101, 2547
2548, 3451
2549, 6831
2550, 2776
2551, 7129
2552, 9714
536, 2553
2554, 5168
2555, 3260
1561, 2556
236, 2557
2558, 6220
1582, 2559
2284, 2560
2562, 7191
2563, 2939
2564, 3334
2565, 5854
2567, 4372
2569, 3012
2570, 5703
2573, 9704
2574, 3083
2575, 7750
2576, 4727
2577, 5861
2578, 3963
1309, 2579
2390, 2580
2581, 5109
2582, 6207
2583, 8543
1809, 2584
2585, 7340
1497, 2586
2587, 8151
2588, 3136
2589, 2743
2590, 3809
2591, 7515
2592, 6354
1589, 2593
2594, 4173
2381, 2595
2596, 5445
532, 2597
2598, 4563
2599, 7556
302, 2600
211, 2603
1421, 2605
2606, 3907
2608, 2906
2609, 8261
2610, 6050
2611, 3288
2613, 5663
2615, 6599
2616, 9387
2102, 2617
2618, 8372
1955, 2619
2620, 9898
2575, 2621
1445, 2622
2623, 9599
2624, 8898
2625, 5289
2626, 4093
1884, 2627
2629, 9367
977, 2630
2631, 5481
2632, 5609
2633, 6358
2635, 4222
2637, 4717
2638, 5442
2639, 8126
2640, 7496
2641, 8990
2642, 8422
2643, 4203
1836, 2644
278, 2646
2647, 3971
2648, 4019
2649, 3565
2650, 5826
2652, 8443
1259, 2653
2654, 4668
24, 2655
2656, 4751
2657, 3890
2658, 6999
2659, 6145
2065, 2660
2661, 6157
2662, 5791
2664, 5543
153, 2665
2666, 6694
2667, 8677
1510, 2668
656, 2670
2671, 6267
2672, 8556
2448, 2673
2674, 8207
2675, 8926
2676, 4491
2677, 7613
2678, 8558
2679, 4246
2680, 3288
2681, 4957
2682, 9325
2684, 6965
1136, 2685
2686, 3193
2687, 9424
2689, 3351
2690, 3532
2691, 7217
2692, 4664
2693, 4117
2694, 9310
2695, 8534
2696, 6017
2697, 3652
1866, 2698
2699, 3922
2701, 3327
2703, 6551
2705, 7970
2706, 5073
2707, 3444
1063, 2708
2709, 8101
2710, 8724
2711, 5174
2714, 4396
2717, 9474
2718, 9242
421, 2719
2720, 5496
2721, 8829
1963, 2722
2723, 8147
922, 2724
2301, 2725
2726, 3030
2727, 5710
2728, 4769
2729, 2804
2730, 4026
1192, 2731
2733, 9847
2734, 3182
2736, 3192
2737, 3516
2740, 5468
2742, 9893
2744, 9585
2745, 6557
2746, 7908
2747, 8837
2748, 8438
2749, 8122
2750, 7341
2751, 4799
2753, 5604
2507, 2754
2755, 9469
2756, 5815
2757, 4455
2758, 9020
2759, 3169
2441, 2760
302, 2761
2763, 2902
2764, 3244
2765, 4400
2766, 8662
2767, 8383
2768, 5383
2769, 3879
2770, 5274
2771, 8340
2205, 2772
2775, 3933
2776, 4939
1418, 2778
2779, 7892
2781, 3897
2782, 6020
2783, 9946
2784, 5731
2351, 2785
930, 2786
2787, 7067
2788, 7954
1405, 2789
758, 2791
2792, 2915
2793, 3391
2794, 6083
1467, 2795
2796, 7491
2797, 6073
1533, 2798
2799, 5884
2801, 6288
40, 2803
1788, 2804
2806, 7602
2807, 4658
2808, 4984
2810, 3988
2811, 2859
1915, 2812
2814, 8192
2815, 5205
2816, 7165
2817, 4308
2819, 9341
2820, 6937
2809, 2821
2822, 5393
2823, 9397
2824, 8811
2825, 8505
2826, 3409
2827, 3804
2829, 5926
2830, 4342
2831, 7785
2832, 3753
2833, 6476
2834, 5368
2086, 2835
2836, 7483
403, 2837
2839, 6707
2840, 7899
2841, 7857
2842, 6549
2843, 4506
2494, 2844
436, 2845
2846, 6031
5, 2847
2211, 2848
2849, 9330
2850, 3996
1056, 2851
2852, 6597
2854, 3138
2855, 8116
85, 2856
2857, 3124
2860, 8796
2861, 7252
2207, 2862
2863, 3039
2865, 9923
2866, 5356
2868, 6779
2869, 3511
2870, 9043
2871, 6831
2872, 6435
2873, 8454
2874, 7645
2875, 3734
2877, 6148
697, 2878
2355, 2879
2880, 4758
2881, 4488
1555, 2882
2883, 6666
2884, 9641
2885, 9437
2886, 3402
2887, 8306
2189, 2888
1192, 2889
2890, 4175
2891, 9014
2892, 6793
1718, 2893
2894, 4477
2895, 9347
2896, 6559
1286, 2897
2898, 3966
299, 2899
2900, 9374
2901, 3947
2903, 3300
2904, 4106
109, 2905
2906, 3448
2907, 4792
2908, 3586
1123, 2909
2910, 3874
2911, 8923
2912, 3675
2914, 4698
2916, 3775
2918, 4587
2920, 7789
2922, 9657
2923, 6405
2924, 9522
2926, 4384
2927, 6449
2928, 7781
521, 2930
2931, 7602
2932, 7805
2933, 4987
2934, 2996
2935, 5049
2937, 9860
2938, 4093
2940, 8954
2120, 2941
2942, 8341
2943, 5426
1299, 2944
2945, 6205
2946, 3019
2947, 3438
2948, 6088
2949, 5025
2950, 9584
2951, 6155
2952, 7023
2953, 3415
894, 2954
597, 2955
716, 2956
2957, 5538
2958, 3513
2960, 8920
2961, 9667
2962, 5958
47, 2963
2964, 8307
2965, 5300
2966, 7480
2967, 9048
1205, 2968
2969, 6088
2970, 8680
1296, 2971
2972, 8120
2974, 7459
2975, 9657
2976, 9145
2977, 9240
2978, 7954
2979, 6782
2981, 3359
632, 2982
2984, 5407
2985, 9978
2986, 4198
2987, 5127
2988, 7582
2989, 8988
2990, 9222
558, 2992
2993, 4959
2995, 8255
2998, 5174
2999, 8813
3000, 3409
3001, 4150
3002, 8782
3003, 3223
621, 3005
1087, 3006
3007, 8564
1252, 3009
1141, 3010
3011, 9708
3013, 6723
3014, 3361
3015, 4223
3016, 5285
1709, 3017
204, 3020
3021, 9551
3022, 4691
3023, 6705
3024, 8222
3025, 4940
3026, 8831
3028, 5293
3029, 9181
3030, 6471
3031, 8075
3032, 8085
3033, 7868
3034, 4072
3036, 9903
3038, 5582
3039, 7268
2559, 3041
320, 3042
3043, 5406
455, 3044
3046, 7228
3048, 7196
3050, 9661
3051, 8731
3052, 3149
1139, 3053
3054, 5403
3055, 5105
3056, 7191
3057, 6598
3058, 3346
3059, 6549
3060, 4881
3064, 8413
1067, 3066
3067, 5307
3068, 7676
3070, 7501
3072, 9516
3073, 7067
3074, 3633
3075, 6490
3076, 5393
3077, 9995
3078, 8552
3079, 9011
31, 3080
568, 3083
3084, 6121
3085, 5171
3086, 6751
3087, 6252
3088, 5817
3089, 6615
3090, 5129
1366, 3091
3092, 6283
1616, 3093
3095, 3875
3096, 5157
3097, 5388
1024, 3098
3099, 8276
3100, 4203
3101, 7965
3102, 7931
3103, 3876
3104, 3302
3105, 8405
2198, 3106
1353, 3107
3108, 9402
3109, 4377
3110, 3318
274, 3111
3112, 6470
3114, 9046
3115, 6032
3116, 5831
3117, 4140
3118, 4163
3119, 5244
3120, 9786
3121, 3833
3122, 8568
3123, 8579
3125, 5523
1159, 3126
3127, 6507
3129, 8539
3131, 5448
1543, 3132
2851, 3133
3134, 4793
3135, 5969
3136, 4028
3137, 6108
3139, 5419
3140, 3772
3141, 7169
3142, 8661
3143, 6994
3144, 6488
649, 3145
3146, 6174
3147, 3571
3148, 5270
3150, 6443
3151, 9331
3152, 6448
3153, 9983
3154, 9622
978, 3155
3156, 6882
3157, 5262
3158, 9440
3159, 4443
3160, 5184
3161, 4156
3162, 7029
3164, 9346
3165, 9130
3166, 8769
2460, 3167
3168, 9950
3170, 6692
2026, 3171
3172, 3894
3173, 9562
3174, 9370
567, 3175
1405, 3176
3178, 7896
3179, 5191
3180, 7833
3181, 7830
3182, 8182
3183, 9869
3184, 7307
3185, 6409
3186, 5452
3187, 6379
3188, 6718
3189, 5751
3191, 8667
3195, 6344
3196, 6665
3197, 3712
3198, 6403
3199, 5046
3200, 9980
3201, 7308
3202, 4358
3203, 3427
3204, 6450
3205, 6093
3206, 9479
3207, 6916
3209, 4987
3211, 4981
3212, 6609
3213, 5587
3214, 4719
3217, 3393
3218, 5418
3219, 7293
3220, 6244
3221, 6823
1859, 3222
3223, 8806
3224, 8187
3225, 9588
3228, 3936
2103, 3229
3231, 9222
3232, 6795
3233, 9701
3234, 7972
1119, 3235
3236, 9866
3237, 6528
2543, 3238
1735, 3239
3240, 7034
1893, 3241
2859, 3242
3243, 8753
3245, 9277
3246, 6784
3247, 3970
3248, 7152
3249, 9889
3250, 3457
3251, 5815
3252, 8868
3253, 4160
3254, 6117
3255, 3333
3256, 5174
3257, 4536
3258, 8614
3259, 9634
3261, 4866
3262, 5951
3263, 9918
3264, 4091
3265, 8717
3267, 6248
3268, 3419
3269, 8912
3270, 8828
3271, 9036
3273, 5717
1676, 3274
3275, 8772
3277, 3857
3278, 7989
3280, 3702
3282, 6436
3283, 4033
2297, 3284
3285, 4514
2275, 3286
3287, 3908
3289, 9535
3290, 9258
3291, 9539
3293, 4932
3294, 8408
3295, 5122
2433, 3296
1882, 3297
3298, 5474
3299, 9963
554, 3301
3302, 6766
3303, 8710
3304, 7842
3305, 4064
3306, 7787
3307, 9758
3309, 8288
3310, 9415
3311, 6482
3312, 9654
3313, 4287
3314, 9506
3315, 7394
3316, 4991
3317, 8524
3319, 6568
3321, 9854
3322, 9184
3323, 9937
3324, 9425
3325, 8279
3326, 4311
3327, 7170
2367, 3328
3329, 5509
3330, 8425
3331, 8826
3335, 9289
904, 3336
3337, 4278
3338, 8083
3339, 9627
3340, 9599
962, 3341
3342, 9438
3343, 6976
3344, 4050
2933, 3345
3347, 8762
3348, 4306
3349, 8565
3350, 3590
3351, 4853
1704, 3352
3353, 7860
327, 3354
3355, 6868
3357, 7141
3358, 3988
3359, 4554
3360, 6868
1977, 3361
3362, 8584
3177, 3363
3366, 6074
2897, 3367
3368, 6432
3369, 9136
3370, 9146
3371, 3908
3373, 5342
3374, 5272
3375, 6114
2439, 3376
3377, 8546
3378, 9799
3380, 5746
3381, 6045
2187, 3382
2365, 3383
3385, 7204
3386, 5190
391, 3387
3390, 3723
3392, 8121
3393, 5466
3394, 5500
3395, 8469
3396, 8874
3397, 8490
3398, 9518
3400, 8648
133, 3403
3404, 6457
3405, 3544
1215, 3407
3408, 4811
3411, 5330
3413, 9409
3414, 7982
3415, 8575
2286, 3416
1639, 3418
121, 3419
3421, 6226
3422, 3449
1281, 3423
3426, 3917
3429, 7258
3430, 4252
694, 3431
3432, 3592
3433, 3731
3437, 6103
3439, 6268
3440, 5544
2436, 3441
3442, 7812
3443, 7440
3444, 6519
3445, 7108
610, 3447
3448, 6872
1886, 3452
3453, 7279
1157, 3454
507, 3455
63, 3456
3458, 4583
3459, 4360
3460, 9791
3461, 9622
3462, 6681
3463, 7533
3464, 5954
3465, 8879
3466, 7086
3467, 4149
476, 3468
3469, 9925
3470, 5936
1682, 3471
1499, 3472
3473, 8296
3475, 9787
697, 3476
3477, 9303
3478, 9275
3480, 4106
3482, 8814
3483, 3855
3484, 9473
3485, 3961
3486, 8048
3487, 8154
3488, 4842
1862, 3489
1363, 3490
3491, 8171
3492, 8190
3493, 4557
2762, 3494
3496, 9580
3497, 9441
3498, 4301
3499, 5434
3500, 4017
3501, 3551
3502, 4943
3503, 5735
3504, 7374
3505, 3717
3507, 7693
3508, 4603
879, 3509
3510, 7319
1428, 3512
1398, 3515
3516, 9252
3518, 7505
3519, 8155
3520, 5999
3521, 6786
3522, 6151
3524, 4005
3525, 5398
3526, 5939
3527, 6362
3529, 4153
3530, 9645
3531, 7536
3526, 3533
3534, 5991
930, 3535
1363, 3536
3538, 9633
415, 3540
3542, 3878
3148, 3543
3545, 5627
3546, 4017
174, 3547
3548, 8003
3549, 3554
2474, 3552
3554, 5235
3555, 7515
3557, 7808
3558, 6622
3559, 7503
3560, 4407
3561, 3816
3562, 4785
3304, 3563
3564, 6801
3566, 9839
1319, 3567
3568, 6699
3570, 8528
2001, 3571
2192, 3573
3574, 7755
3575, 7021
3576, 9214
3578, 7917
3580, 3619
922, 3581
2347, 3582
3583, 8666
3584, 7038
3585, 6095
3586, 4997
3587, 9515
294, 3588
3589, 4262
3590, 8805
3591, 6750
1991, 3593
3594, 8284
3595, 3912
3170, 3596
3597, 4653
3598, 9027
3599, 5591
3600, 4106
3601, 8041
3050, 3602
3603, 4566
3605, 6418
3606, 5783
3607, 9865
36, 3608
3609, 6344
3610, 5067
109, 3611
804, 3612
3613, 7551
3614, 7735
3615, 7203
3616, 7378
3617, 3793
962, 3618
3621, 7977
3624, 8027
3626, 6275
1136, 3627
3628, 9989
3629, 9227
3630, 4818
3631, 5205
388, 3636
3637, 5348
3639, 6380
3640, 6878
3641, 4330
3642, 5828
3643, 6317
3575, 3644
3645, 6680
3647, 6113
1952, 3648
3649, 6802
3650, 4487
423, 3651
3654, 7233
3656, 9194
3657, 8235
2168, 3659
3660, 5893
3661, 4845
1883, 3663
3664, 6648
3665, 4489
3666, 7900
1304, 3667
3668, 9573
3669, 6701
3670, 9978
3671, 3773
3672, 6400
3673, 5595
3416, 3674
3676, 6588
1922, 3677
3578, 3678
3680, 4135
3682, 8658
368, 3683
3684, 7748
3685, 8969
3687, 4796
3689, 8853
3690, 9537
1911, 3691
3692, 6236
3694, 4401
3695, 3891
3696, 4410
3697, 5924
3698, 7665
3699, 7804
3700, 6450
3701, 5558
3703, 6876
3704, 7545
3705, 7862
3706, 8293
3707, 5004
1353, 3708
3709, 9879
3153, 3710
3711, 5772
716, 3712
3713, 4234
3714, 9426
3715, 8603
3716, 4648
3717, 4128
3719, 6093
3722, 6017
3725, 8299
3721, 3726
3727, 3951
3728, 3733
3729, 7819
3730, 9237
3732, 6811
3734, 8228
3735, 9032
3736, 6922
1924, 3737
3544, 3740
2987, 3741
3742, 9124
3743, 4535
1134, 3744
3745, 5056
3746, 4271
3747, 7691
3749, 8685
3750, 5614
3751, 4895
3753, 4273
3754, 8782
3757, 3807
3758, 9344
3759, 9969
3760, 7315
3761, 6891
3762, 9323
3763, 7843
3764, 7280
3766, 7524
3767, 4372
3768, 9746
3770, 5001
3771, 7623
3772, 6759
3774, 8533
3775, 6961
3776, 3892
3777, 3892
3778, 4527
3779, 9718
1355, 3781
3782, 6348
3783, 8525
3784, 8829
3786, 9569
3787, 5791
3789, 8139
2543, 3790
3675, 3791
3792, 8263
3794, 5902
3796, 4019
3797, 7189
3798, 4670
3799, 9760
3800, 4422
2328, 3801
78, 3802
434, 3803
3804, 8748
3806, 7157
3808, 9695
3810, 7971
3811, 6263
3812, 8142
3813, 9833
3814, 9760
3815, 7461
3818, 5638
3819, 9315
433, 3820
3821, 9898
3822, 8841
3823, 4505
3824, 6872
3825, 6991
3143, 3826
528, 3828
3829, 3982
3831, 8153
3832, 8136
3833, 5412
3199, 3836
3837, 4755
3838, 9769
681, 3839
2021, 3840
3841, 4529
3842, 5454
3843, 5203
3845, 5661
3846, 9996
3847, 3912
643, 3849
2499, 3850
3851, 6750
3852, 9610
3854, 8574
3856, 5665
3858, 6932
3859, 4710
3860, 8315
3861, 4885
3862, 9195
3863, 9786
3864, 7594
3511, 3865
3198, 3866
3868, 4595
3869, 5036
3870, 5148
2965, 3872
3873, 6142
1683, 3874
3877, 8384
3879, 8330
3880, 6532
3881, 8977
3743, 3882
3883, 6402
3884, 4283
3885, 7545
3886, 4979
3887, 8668
175, 3888
3649, 3889
3891, 6436
3892, 7862
3894, 6775
590, 3895
3896, 9340
299, 3898
3901, 9267
2396, 3902
1211, 3903
3904, 7213
3905, 6132
948, 3906
987, 3907
1324, 3908
3909, 6810
1613, 3910
3231, 3911
3914, 6650
3915, 9447
3916, 5014
3917, 3971
467, 3918
3919, 3929
89, 3920
3921, 7452
3923, 6993
3924, 4542
3476, 3925
3926, 9571
3835, 3927
3187, 3929
3930, 8052
2720, 3932
2667, 3934
1016, 3935
3936, 4725
3938, 5083
3939, 5536
3205, 3941
3942, 9938
1360, 3943
3946, 6057
3949, 6440
3950, 7900
3952, 3989
3953, 4045
2935, 3954
3955, 7168
1293, 3956
3957, 6664
3958, 8826
3959, 4466
3319, 3960
3961, 6216
1646, 3962
3964, 9593
3966, 5196
3967, 4571
3968, 8064
1084, 3972
3973, 8942
3974, 9127
3976, 8440
3977, 4465
876, 3978
3979, 7800
3980, 6092
1350, 3981
3115, 3983
1150, 3984
3513, 3985
3986, 5105
3987, 5655
3990, 7288
3991, 6532
807, 3993
3994, 6974
3997, 6277
2687, 3998
3999, 9995
4000, 7520
4001, 7271
1283, 4002
3616, 4004
1743, 4005
2328, 4007
2100, 4008
4009, 5125
4010, 9416
4012, 7958
4013, 4542
4014, 7329
3616, 4015
1874, 4016
405, 4020
3410, 4021
4022, 8572
3524, 4023
3352, 4024
4025, 7865
4029, 8575
4031, 7437
4032, 5231
3635, 4033
4035, 6582
4036, 7137
4037, 7931
4038, 7608
4039, 6598
3123, 4040
4041, 6637
4042, 5997
4043, 8147
4044, 6576
4045, 9501
4046, 8995
4047, 8075
616, 4048
4050, 9089
4052, 5822
2641, 4053
2530, 4054
2114, 4055
4056, 4836
967, 4057
4058, 9979
4059, 4578
4060, 8610
3996, 4061
4062, 6423
3940, 4065
4066, 8229
4067, 9514
4068, 9492
4070, 7505
4072, 8277
4073, 9699
3708, 4074
216, 4075
4076, 6621
4078, 8032
4079, 8185
4080, 5964
4081, 4303
530, 4082
1006, 4083
4084, 6185
4085, 6411
3077, 4086
4087, 7687
4088, 9085
2394, 4089
2169, 4090
3466, 4092
4095, 9745
4096, 4111
4097, 8061
2408, 4098
4099, 8410
4101, 4959
4102, 7606
4103, 4309
4104, 5394
4105, 9529
4107, 7796
4108, 4763
4109, 5350
4110, 5978
4113, 4538
4114, 4744
1981, 4116
4119, 6229
4026, 4120
4121, 8162
4101, 4122
4123, 6107
978, 4124
4125, 5323
4126, 9972
4127, 5057
4129, 5806
7, 4130
4131, 4495
4132, 5771
4133, 8377
4134, 9458
4136, 7801
4137, 9023
4138, 9498
4139, 6856
4142, 9254
3272, 4143
809, 4144
4145, 8168
4146, 7795
4147, 6107
1670, 4148
4149, 7610
4151, 4200
728, 4152
4153, 8646
4154, 7581
4155, 9259
4158, 6862
4159, 6041
4160, 5345
517, 4161
4162, 8287
4163, 7480
4164, 8895
3450, 4165
4166, 7973
4167, 8610
4168, 4750
4169, 6601
3737, 4170
4171, 4891
545, 4172
4176, 8565
4177, 7094
2704, 4179
918, 4180
4182, 5258
4183, 9098
4184, 7169
4185, 6821
4186, 7805
4187, 9541
3928, 4189
4190, 8183
4191, 9097
4192, 4512
4193, 6252
4194, 6279
4195, 6093
4196, 9162
4197, 6289
4198, 5538
2256, 4199
4201, 7845
4202, 6786
290, 4205
1807, 4206
4207, 5478
1375, 4208
4209, 4572
4210, 9841
4211, 5248
3992, 4212
4213, 7933
4214, 9511
2413, 4215
4217, 6506
3833, 4218
4219, 6906
2860, 4220
1751, 4221
4224, 7065
4226, 6995
4160, 4227
4228, 7161
2918, 4229
3444, 4230
1404, 4231
51, 4232
3256, 4233
4234, 5881
4235, 5583
4236, 4332
4237, 5078
4238, 6308
4239, 5078
4240, 7397
4241, 6239
4242, 7866
4243, 8730
4244, 4974
3888, 4245
4247, 6805
2871, 4248
4249, 7432
4250, 5423
4251, 5726
4253, 4868
4254, 5709
4255, 8485
4256, 5869
4257, 9426
4259, 7822
4260, 7349
4261, 6256
4262, 7753
4263, 6680
4264, 6228
4265, 9569
1630, 4266
4267, 4963
59, 4272
1266, 4274
4275, 6741
173, 4276
4279, 9199
4280, 9347
4281, 6695
4282, 9271
4285, 8763
1984, 4286
4288, 8655
4106, 4290
4291, 6691
4292, 9588
4293, 9367
4294, 6563
4295, 6693
4296, 7438
4297, 9933
4298, 4925
4299, 8373
4300, 9851
4301, 7565
4095, 4302
4304, 6052
4307, 8938
4309, 8428
2063, 4310
4311, 6200
2454, 4312
4313, 9664
4314, 5890
4060, 4315
4316, 6136
2324, 4317
2420, 4318
4319, 5933
4320, 4483
1931, 4321
3955, 4323
2603, 4324
1268, 4325
4327, 5180
4329, 8905
4331, 6076
4332, 7159
4333, 6042
3398, 4334
4335, 8511
55, 4336
1317, 4337
4338, 6874
4339, 8620
4340, 4526
1953, 4341
4343, 9421
109, 4344
4345, 5090
4346, 8225
4347, 4639
2227, 4349
4351, 9157
4352, 5790
4353, 8975
4164, 4354
4355, 4711
4356, 8576
4357, 4384
4358, 9058
4359, 4483
4362, 6639
4363, 6885
221, 4364
56, 4365
4366, 6113
4367, 5857
4370, 9294
4371, 5589
4372, 5425
4373, 6609
4374, 8071
4376, 8687
4378, 8839
1655, 4379
3469, 4381
4382, 4620
4383, 9721
4384, 5791
4385, 8148
4387, 4732
2551, 4388
4389, 8017
4390, 6323
4391, 9456
4392, 5676
1734, 4394
2534, 4395
4397, 9183
4398, 8218
4386, 4399
4400, 9549
4402, 4616
4403, 5017
4404, 7118
4406, 5808
4407, 8573
4408, 6608
4409, 6674
2917, 4410
4411, 9880
4262, 4412
1379, 4413
4414, 8718
4415, 9416
1882, 4416
4417, 4908
4418, 8014
4419, 6086
4420, 6693
4421, 7634
4423, 5361
4424, 8898
4425, 8677
4426, 9000
4427, 4875
1331, 4428
4429, 9994
4430, 9224
4431, 6997
4432, 7762
4433, 8512
4434, 6317
2089, 4435
4436, 9314
4437, 9262
4396, 4438
3391, 4439
3855, 4440
4441, 9194
4442, 5032
4444, 5780
4445, 7204
3906, 4447
4448, 5743
4449, 7205
2077, 4450
4452, 7962
479, 4454
4455, 7280
4456, 9916
1313, 4457
4041, 4458
686, 4459
4460, 9114
4463, 6095
4464, 7044
2003, 4465
4466, 6487
4467, 7376
4469, 5780
4470, 6600
4471, 5687
1547, 4472
4474, 9391
4475, 7669
4476, 9756
4478, 5003
2429, 4479
4480, 4595
4481, 7335
3090, 4482
4484, 7473
4485, 9158
16, 4486
3520, 4487
4489, 5090
4490, 8666
4491, 8112
4492, 9411
4493, 7469
1134, 4494
4496, 6199
2560, 4497
3969, 4498
4499, 9990
3929, 4500
4501, 8266
2039, 4502
4503, 5363
4507, 8355
1086, 4508
4509, 5111
4510, 5996
4512, 9571
4513, 9093
517, 4514
1943, 4515
4518, 7554
4519, 6932
31, 4520
1886, 4521
4522, 7523
4523, 9623
4301, 4524
2090, 4525
4526, 5915
4528, 7172
4530, 6730
4531, 5509
4532, 7168
1543, 4533
4534, 9562
4537, 5843
700, 4538
3858, 4540
4541, 9827
3451, 4543
4544, 9570
4545, 4791
4546, 9106
702, 4547
4548, 5310
4550, 6074
4551, 6842
2578, 4553
4555, 4769
4556, 6528
4558, 7317
4559, 9196
4560, 5320
4561, 5015
4564, 9164
4565, 9886
3628, 4567
4568, 9020
3586, 4569
3727, 4570
4573, 8350
4575, 7249
4576, 6939
1715, 4577
4578, 9826
4580, 4826
4581, 6784
4582, 7136
4583, 9661
4339, 4586
4588, 7883
4589, 7255
4590, 6130
3746, 4591
4592, 8800
4593, 6600
4594, 8656
4595, 9192
1684, 4596
4597, 7818
4598, 8659
4599, 6205
1222, 4600
4601, 8854
4602, 9008
4603, 8948
1210, 4604
4605, 7083
4606, 9054
278, 4608
4609, 8095
4610, 6921
130, 4612
2849, 4614
4275, 4615
319, 4617
3342, 4618
4619, 8466
4621, 8814
2305, 4622
4623, 6875
4624, 5620
4625, 8933
4626, 6754
1823, 4627
4628, 6940
4629, 8472
4630, 8384
4631, 8343
4633, 9182
1298, 4634
4635, 9953
4636, 8440
4638, 8739
3117, 4640
4642, 6509
388, 4643
4645, 9805
4646, 7808
2529, 4647
4648, 5613
4650, 5363
3731, 4651
4652, 6018
1613, 4654
4656, 6184
4657, 6656
4658, 7821
4659, 4700
4660, 7419
4661, 5793
4662, 5180
1603, 4663
4664, 5272
2346, 4665
2344, 4666
4669, 7848
4670, 9882
4672, 6507
4673, 7618
2315, 4674
4675, 6468
4676, 6553
4677, 6269
4678, 9312
4679, 6471
3428, 4680
4195, 4681
3278, 4682
1413, 4683
4684, 6962
4685, 9090
4686, 8473
354, 4687
3869, 4688
4689, 6961
4690, 5223
2995, 4692
3653, 4693
4695, 6076
1972, 4696
2465, 4697
4698, 6797
4699, 6904
4702, 5274
4703, 6696
4704, 5748
4705, 6804
4706, 9393
4707, 6830
4708, 4716
4709, 4898
1381, 4710
4712, 8410
2945, 4714
4715, 6563
4718, 8438
4719, 9230
957, 4720
4721, 7865
1141, 4722
4723, 7781
4724, 7478
4726, 7523
4727, 9232
4728, 8674
4252, 4730
2204, 4731
4733, 4826
483, 4734
4735, 9657
4736, 6508
4737, 5707
4738, 9107
4739, 5643
4740, 8911
4741, 8478
4742, 5212
4743, 6383
4246, 4745
4746, 8293
4747, 6862
4748, 9462
3658, 4749
3659, 4751
4753, 6440
2518, 4754
4755, 7260
3365, 4756
3512, 4757
4759, 7848
4760, 6977
4762, 7162
22, 4766
4391, 4767
3245, 4769
4770, 5887
4771, 7386
3961, 4772
4774, 4893
4776, 5816
4778, 7542
430, 4779
1163, 4780
4781, 8896
4782, 9481
4783, 7460
4784, 9567
4419, 4788
13, 4789
4790, 9045
4791, 8922
4792, 5772
4793, 8794
1084, 4794
4796, 8628
4797, 7513
4798, 8393
4799, 8408
4800, 6752
4801, 7280
4802, 9170
1920, 4803
4804, 5183
4805, 5497
3836, 4806
4807, 7870
1987, 4808
655, 4809
4810, 6218
4811, 6884
4812, 6085
4602, 4813
3331, 4814
3070, 4815
4816, 6372
4139, 4817
4819, 8627
4820, 5338
2307, 4821
4822, 9140
4823, 9642
4824, 7388
519, 4825
4827, 9487
4828, 9525
4829, 8334
4830, 5551
4831, 9219
4832, 8058
1394, 4833
4835, 8168
3628, 4836
4837, 8624
4838, 4904
3538, 4839
4840, 6672
4844, 5771
4846, 9108
4847, 5239
4849, 6317
3451, 4850
4851, 9989
4852, 7942
4854, 9804
4855, 7528
4856, 5025
4857, 8444
1024, 4858
4859, 7179
1859, 4860
2059, 4861
4862, 9945
4863, 9138
386, 4864
4865, 5847
4867, 5073
4869, 7555
4871, 9932
4872, 6868
4873, 9291
4874, 9044
4875, 9220
4876, 8241
4877, 8154
3404, 4878
2592, 4880
4882, 6024
557, 4883
4884, 6458
4885, 8863
4407, 4886
1798, 4887
4890, 5601
165, 4891
4892, 5355
4894, 8981
4895, 9250
4648, 4896
4897, 6737
4898, 6703
3344, 4899
1034, 4900
4901, 8898
4902, 5968
4903, 6812
174, 4904
4905, 9846
4906, 5670
3105, 4907
4912, 7501
4914, 6009
3144, 4916
4917, 7128
4919, 4957
4920, 7770
4624, 4922
3153, 4924
4925, 7363
4926, 9260
4927, 7085
4928, 8714
2360, 4929
4930, 5753
4931, 9621
4933, 8747
4934, 6304
2227, 4935
4936, 8579
4051, 4937
122, 4938
4940, 6882
2293, 4941
3438, 4942
2708, 4944
4945, 6606
932, 4947
4948, 8547
4949, 6828
4950, 9760
4951, 9105
4778, 4952
2280, 4953
4954, 7373
4955, 8064
4956, 5580
4958, 7181
163, 4959
4960, 8087
4961, 7072
4962, 7761
4965, 9620
4966, 8067
404, 4967
507, 4968
4798, 4969
4971, 6205
4972, 8716
1739, 4973
4975, 6779
1302, 4976
74, 4977
3073, 4978
4980, 7096
2991, 4982
2124, 4983
146, 4984
4155, 4985
4986, 6265
4989, 8656
2369, 4990
4991, 8762
4992, 9377
3048, 4993
2980, 4994
1102, 4995
4996, 9260
4998, 5532
4999, 7808
5000, 5021
3939, 5002
5003, 9345
5006, 9384
5007, 8994
5008, 6781
5009, 5372
5010, 8646
5011, 9728
2387, 5012
5013, 6223
5016, 7364
127, 5018
5019, 8415
5021, 5672
5022, 5063
5023, 9470
5024, 5714
5026, 9008
5027, 7712
504, 5028
5029, 7000
5030, 9468
5031, 6062
5033, 6063
5035, 5429
5037, 5601
5038, 9965
5039, 5344
5040, 6545
5041, 9981
5042, 5536
5043, 6700
5044, 9119
1413, 5045
5047, 8955
5048, 7741
4454, 5050
5051, 6813
5052, 7629
5053, 5537
5054, 5275
5055, 9891
5059, 8065
2082, 5060
5061, 8063
5062, 8230
5064, 9528
5065, 6152
1451, 5066
5067, 7276
5069, 8433
3507, 5070
5071, 8995
4834, 5072
1444, 5074
3864, 5075
17, 5076
5077, 5498
3176, 5079
5080, 6299
5081, 5252
5083, 7986
5084, 6491
5085, 9530
5086, 7162
5087, 8487
759, 5088
5089, 9116
5092, 7645
4080, 5093
5094, 7160
5095, 6806
1273, 5096
5097, 7815
3395, 5098
5099, 9784
4511, 5100
5101, 5730
5102, 5352
5103, 5108
1577, 5104
5106, 8459
5107, 5269
5110, 7725
5111, 5525
5112, 9341
5113, 9231
4587, 5114
4869, 5115
3104, 5116
423, 5117
1768, 5118
2711, 5119
3311, 5120
5123, 9457
3168, 5124
5125, 8683
5126, 9166
5128, 5555
5130, 5488
5131, 7863
5132, 9477
2772, 5133
2675, 5134
5135, 5239
5136, 8576
5137, 7028
5138, 6477
4574, 5139
5140, 8554
5141, 9325
5142, 5762
4728, 5143
4487, 5144
5145, 7699
5146, 8792
4409, 5147
5148, 8766
1741, 5149
5150, 5516
5153, 9173
5154, 8929
5155, 9865
5156, 5478
5158, 6132
5159, 8340
5160, 8424
422, 5161
2599, 5163
3404, 5164
1448, 5165
5166, 5593
3095, 5167
5168, 8681
5169, 7892
5170, 8651
1878, 5172
5173, 9564
5175, 8985
5176, 7035
5177, 7937
2281, 5179
4524, 5181
1276, 5182
5187, 6957
2994, 5188
5190, 6126
5192, 6884
1020, 5193
4308, 5195
5198, 8951
658, 5199
5200, 6203
1767, 5202
5203, 6321
5204, 5937
5206, 9231
5207, 5603
5208, 7273
5209, 6842
5210, 5620
5212, 6091
5213, 9281
1915, 5214
4541, 5215
5216, 9422
2477, 5218
3480, 5219
514, 5220
3721, 5221
1621, 5222
5224, 7538
4683, 5225
5229, 7522
5230, 7517
5231, 6854
5232, 9342
458, 5233
5234, 6586
5236, 7242
1193, 5237
3004, 5238
5240, 5612
5241, 5441
5242, 9221
5244, 8059
4763, 5245
1021, 5246
5247, 6510
5249, 6299
5250, 7688
5251, 8057
5252, 5437
5254, 5614
5255, 6560
4994, 5256
5258, 5643
5261, 8198
5145, 5263
5264, 7149
5265, 9392
5267, 6103
5268, 8275
4014, 5271
5273, 6940
1420, 5274
13, 5275
3419, 5277
783, 5278
5279, 7065
5156, 5280
269, 5281
5282, 7761
5283, 8866
5284, 5290
4532, 5286
3912, 5288
5289, 6114
35, 5291
5292, 9239
58, 5294
5295, 7704
4703, 5296
5298, 9161
5299, 5421
5302, 9417
5303, 8049
2045, 5304
5305, 6994
5306, 9660
5011, 5308
5309, 9556
5311, 9244
5312, 6724
1071, 5313
1323, 5314
5315, 9024
5316, 8194
5317, 7322
5318, 9268
5319, 9833
4084, 5322
5324, 9217
2842, 5326
5327, 8294
3044, 5328
5331, 6616
5332, 6680
5333, 9838
5334, 9782
5336, 6048
5337, 6643
5339, 7204
5340, 6140
5341, 6199
5063, 5343
5344, 9908
5346, 8796
5347, 9756
1565, 5349
5350, 6994
2504, 5351
5354, 6047
2506, 5355
4014, 5356
5357, 6828
5358, 6539
4407, 5360
4733, 5362
5364, 8118
2915, 5365
5366, 5601
5367, 5678
5370, 6310
2042, 5371
5373, 9594
1205, 5374
1475, 5375
5376, 8759
5377, 7836
5378, 6544
5379, 8581
2095, 5380
5382, 5666
5384, 6829
5385, 9527
106, 5386
1322, 5387
5388, 6235
5389, 8578
5390, 9642
4883, 5391
2489, 5392
5393, 6899
3404, 5395
5396, 9067
5397, 7708
5398, 6807
5399, 8683
3565, 5400
4529, 5401
5402, 8916
4532, 5404
5405, 6188
5407, 8474
5408, 8376
5410, 7302
5411, 8091
56, 5417
1437, 5418
5421, 7977
693, 5422
5423, 9896
846, 5424
3844, 5427
5429, 9161
5430, 8135
5431, 7498
4407, 5432
1590, 5434
5436, 8563
5438, 7113
4672, 5439
5440, 9900
5441, 7056
1237, 5442
5443, 7828
5446, 6952
3981, 5447
5449, 9190
751, 5450
5451, 6745
1272, 5454
700, 5455
5456, 8431
5457, 7418
5458, 5848
5459, 7067
4338, 5460
2377, 5461
5462, 8601
5463, 7212
5464, 9999
5465, 7983
5466, 5480
5467, 5626
5469, 7949
5470, 9718
5471, 9903
1269, 5472
5473, 7940
5475, 6636
5476, 6286
5477, 8898
5478, 7393
5400, 5479
5483, 9646
2367, 5484
470, 5485
5486, 6928
5487, 6227
5489, 5998
3522, 5490
1, 5491
5492, 8847
5493, 5967
5494, 8130
3297, 5495
5497, 5975
5498, 6132
5500, 7927
3784, 5501
1910, 5502
5503, 8561
5504, 6160
2700, 5505
5506, 5557
2622, 5507
827, 5508
5510, 7379
4485, 5511
5512, 9928
5513, 5623
315, 5514
5515, 7958
1191, 5519
2836, 5520
5521, 5772
5523, 9634
5524, 6816
5527, 9599
5297, 5528
3049, 5529
5530, 7879
5531, 9550
1754, 5533
5534, 5980
5539, 7922
2703, 5540
1543, 5541
5542, 8897
596, 5545
4163, 5546
5547, 7743
5548, 6554
5549, 5977
5550, 6424
261, 5552
5553, 9157
1872, 5554
2386, 5556
691, 5557
4132, 5558
2540, 5559
5562, 8104
1720, 5563
5564, 9996
5566, 9831
5567, 9445
5568, 6183
5569, 8147
5571, 9837
5469, 5572
4039, 5573
5575, 8056
5576, 8584
5577, 8704
2670, 5578
5579, 7903
5581, 6337
5584, 8918
5585, 9528
5586, 6821
5587, 5878
1094, 5588
5319, 5590
4989, 5592
5593, 5706
1323, 5594
5596, 5873
5597, 6170
1164, 5599
3536, 5600
1777, 5602
5603, 7875
4027, 5604
4731, 5605
4108, 5606
5607, 6431
5608, 8951
285, 5610
5611, 8217
5614, 9307
5335, 5615
2571, 5617
5619, 7228
3333, 5621
5622, 8458
5623, 7642
752, 5624
3303, 5625
5626, 7636
2918, 5627
2766, 5628
5629, 9249
1093, 5630
5631, 7907
5632, 7532
5633, 8017
5634, 7996
5635, 6959
5637, 9267
5639, 7064
5640, 7656
620, 5641
4036, 5642
5643, 7058
5644, 9577
5646, 9565
5647, 6224
2251, 5648
896, 5649
5650, 8777
2528, 5651
5652, 7433
5653, 6426
5654, 9192
5655, 9788
4201, 5656
5657, 7421
5658, 9482
5659, 7079
5660, 9525
5662, 8827
5664, 9730
5419, 5667
4491, 5668
5669, 9930
5670, 8968
5671, 6526
5672, 7629
5673, 9139
5674, 9375
4649, 5675
5676, 9893
5677, 6205
5679, 7631
5680, 6115
5681, 6802
5682, 5942
5683, 6387
5684, 6733
5385, 5685
286, 5686
3427, 5687
5688, 9714
5116, 5690
5691, 6261
5446, 5692
5693, 9602
5694, 9572
5695, 7666
5696, 9786
5697, 8298
5698, 6771
5699, 7627
3617, 5700
5701, 6027
5703, 8299
5704, 6732
2981, 5705
5706, 6625
4824, 5708
3759, 5709
5710, 7424
5711, 7749
5712, 8739
5713, 7004
5714, 7513
161, 5716
5717, 7963
5718, 8866
5719, 9912
4265, 5720
687, 5721
5722, 7940
5723, 8618
3043, 5724
5725, 6096
5726, 6803
5727, 9468
1125, 5728
3607, 5729
5732, 8315
432, 5733
5734, 9658
5735, 8281
4072, 5736
3360, 5737
5738, 9186
5739, 8117
5740, 9911
5741, 5993
5742, 7864
5743, 6745
5744, 7773
5745, 5914
5746, 7952
5747, 6286
5748, 7378
5749, 8232
5750, 5924
3861, 5751
5752, 9221
5754, 9421
5755, 9004
3561, 5756
5757, 7233
5758, 7920
5759, 7639
4778, 5760
239, 5761
627, 5763
5765, 7677
4810, 5767
3254, 5768
5769, 9195
5770, 8404
5773, 7746
5774, 7949
5775, 8730
5776, 8778
2188, 5777
3035, 5778
484, 5780
3085, 5782
4289, 5784
4375, 5785
5411, 5786
5788, 8335
5792, 9712
5793, 8549
5794, 6176
5795, 7116
5797, 7463
5415, 5798
1853, 5799
352, 5800
5802, 6534
5803, 9368
347, 5804
5805, 7747
5806, 7620
5807, 7642
5809, 8025
5135, 5810
2423, 5811
5812, 6808
5813, 8454
125, 5814
3341, 5817
1042, 5819
5820, 6161
5824, 8771
5825, 5956
5826, 6458
5827, 7859
5829, 6003
5140, 5830
5833, 9302
5834, 7998
5835, 8501
5836, 6541
5837, 7179
5838, 9599
5839, 8582
5610, 5840
3333, 5841
5842, 9669
5845, 7549
5846, 9391
5849, 9021
5639, 5850
5851, 7505
5852, 6927
5853, 8752
5855, 9921
3592, 5859
5860, 9591
5862, 9132
5863, 7457
5864, 6530
813, 5865
5866, 6001
3836, 5867
5868, 6215
5869, 8150
5870, 6871
5871, 6059
5872, 9333
3290, 5873
5874, 7902
5875, 7258
5876, 9273
3550, 5877
5878, 6706
5290, 5879
3807, 5880
5882, 7508
4769, 5883
3126, 5885
5886, 9184
2618, 5888
5891, 6176
622, 5892
5893, 6885
5894, 8823
5895, 6008
3537, 5896
4292, 5899
5900, 9203
2523, 5901
5903, 8864
5904, 8321
5483, 5905
5906, 8384
5907, 7225
5401, 5908
3433, 5909
5911, 8281
2602, 5916
5918, 7583
472, 5919
5920, 6141
5921, 6876
5922, 9619
5923, 7507
5925, 6844
5926, 9005
5927, 7089
5928, 9114
5930, 9825
5931, 9591
1536, 5932
5933, 9892
4616, 5934
5765, 5935
5937, 6831
886, 5938
5940, 6337
5941, 8644
5942, 8724
5943, 8246
4542, 5944
5945, 7265
2608, 5946
3833, 5947
5948, 8895
3415, 5949
5950, 7954
3235, 5951
5952, 8597
1904, 5953
2642, 5955
3397, 5958
2932, 5961
5963, 7224
2936, 5964
5965, 6642
5966, 8031
5971, 7433
1331, 5972
5973, 8112
5974, 6823
5976, 6687
5030, 5980
530, 5981
5983, 9385
5984, 6423
5986, 6054
388, 5987
1384, 5988
5989, 6735
5990, 9255
5991, 6691
2270, 5992
5395, 5994
5448, 5995
6000, 7289
3990, 6001
1816, 6002
6003, 7591
3437, 6004
3271, 6005
6006, 6514
6007, 6203
6010, 9835
6011, 8216
6012, 9459
6013, 6311
6014, 8588
6015, 7417
6016, 9414
6019, 7521
5290, 6021
6022, 8449
6023, 9020
2427, 6025
6026, 6239
6028, 6212
1677, 6029
6030, 6120
6031, 9120
6033, 6476
4245, 6035
6036, 9633
3320, 6037
6038, 6808
1511, 6039
3050, 6043
6044, 6283
6046, 9026
6048, 9018
1349, 6049
3139, 6053
6054, 6891
6056, 6086
6058, 9879
6059, 7962
6060, 9914
202, 6061
6064, 6170
6065, 7142
6066, 7130
3727, 6067
3512, 6068
6069, 8554
6070, 9910
5820, 6071
3660, 6075
6078, 9447
2614, 6079
6080, 6580
3404, 6081
3129, 6082
6083, 8877
6084, 7862
6087, 9575
5999, 6088
106, 6089
2803, 6097
6098, 7248
2313, 6099
3569, 6100
6101, 8605
6102, 9099
6104, 7013
1672, 6105
6106, 9613
6107, 7085
6109, 7469
6110, 6330
6112, 8512
4787, 6116
6118, 8306
2620, 6119
6122, 7027
6123, 9951
1165, 6124
6125, 7221
6127, 8774
2057, 6128
3213, 6129
31, 6131
1128, 6133
6134, 8276
6136, 7071
6137, 7053
6138, 9257
4898, 6139
6140, 8135
6141, 7304
6143, 7332
1078, 6144
3182, 6146
2871, 6147
6149, 8833
3237, 6150
6153, 8321
6154, 7915
3230, 6156
6157, 6225
6158, 9371
6159, 9240
6162, 6838
5450, 6163
5769, 6164
6165, 6895
1948, 6166
6167, 9071
6168, 9437
6170, 8321
6171, 6369
16, 6172
6173, 7237
6177, 7473
6179, 7777
6180, 7413
876, 6181
6182, 8075
6183, 9426
6184, 7607
6185, 6298
6186, 6908
4564, 6187
2591, 6189
6191, 9475
6190, 6192
6193, 7863
6194, 6821
6195, 6508
6196, 6386
6197, 7378
4174, 6198
3915, 6201
6202, 6363
6203, 8398
6204, 8587
6206, 8786
3209, 6208
6210, 7985
6211, 9380
1841, 6214
6217, 6321
6201, 6219
2355, 6220
3951, 6221
6222, 7711
2775, 6223
6224, 6332
783, 6226
4607, 6229
6230, 8303
6231, 8030
212, 6232
3452, 6233
6234, 9032
747, 6237
6218, 6238
2572, 6239
5964, 6240
5574, 6241
6242, 6529
6245, 8154
6246, 8656
6247, 8026
5412, 6249
2346, 6250
6253, 7557
1912, 6254
6255, 9496
5701, 6256
6257, 6747
1599, 6258
3715, 6259
2918, 6260
3990, 6261
3688, 6262
6264, 6947
4718, 6265
6266, 9325
2589, 6267
4549, 6270
3729, 6271
6272, 7457
128, 6273
6274, 6598
457, 6276
6278, 8236
6280, 9469
6281, 9687
1870, 6282
1836, 6284
6285, 8539
4407, 6287
1773, 6291
4201, 6292
6293, 8531
315, 6295
6296, 6827
6297, 6661
6300, 6827
6301, 8077
6302, 6704
6306, 9629
4535, 6307
6309, 6561
4951, 6312
2148, 6313
6314, 8434
838, 6315
6318, 6516
6320, 7031
1933, 6322
6324, 8715
6325, 7561
188, 6326
6327, 7413
6328, 7661
6331, 7687
6332, 7582
6333, 8811
6334, 6948
1381, 6335
6338, 9570
6339, 9259
6340, 9747
6341, 6368
6342, 8963
647, 6343
6344, 7293
6346, 9312
1981, 6347
6349, 6739
1711, 6350
6351, 7725
4738, 6352
6353, 9262
3905, 6355
6356, 9223
1591, 6357
6358, 9044
4491, 6359
6361, 8814
6362, 7811
1632, 6364
6365, 9657
3706, 6366
6367, 7818
933, 6370
6148, 6371
5617, 6375
735, 6378
6299, 6380
6381, 6776
6382, 8099
602, 6383
6384, 7633
6385, 6596
2957, 6389
6391, 9090
1308, 6394
2280, 6395
6396, 7448
6397, 7572
5881, 6398
6399, 7089
900, 6401
6404, 7706
6406, 8124
6407, 9670
1660, 6408
6410, 8314
6412, 9530
2128, 6413
6414, 7201
6415, 7654
5060, 6417
6419, 7154
6420, 7432
2087, 6422
5267, 6427
126, 6428
6430, 8930
1684, 6432
936, 6433
5693, 6434
6435, 7748
6437, 8301
6438, 7865
6439, 9691
125, 6441
4642, 6443
6444, 9945
1644, 6445
4410, 6446
6447, 8676
3510, 6451
6454, 6558
6455, 9719
6456, 6795
2938, 6458
3102, 6459
6460, 7737
6461, 8849
6462, 7620
6463, 7067
6464, 7183
5542, 6465
5866, 6467
3415, 6469
3539, 6472
828, 6473
5418, 6475
6476, 7853
6478, 9667
3812, 6479
5741, 6481
6483, 8699
1062, 6484
6485, 7277
6486, 7567
1456, 6489
5062, 6490
6492, 6714
6493, 8896
5253, 6495
1393, 6496
745, 6498
1185, 6499
6502, 9695
6504, 8418
6285, 6505
6506, 9649
6509, 7223
6511, 7942
4187, 6512
6513, 9459
887, 6514
6515, 9687
6517, 9790
2241, 6520
6521, 8396
6522, 9633
6084, 6523
4438, 6524
6525, 7213
6526, 7206
6527, 8893
5372, 6531
5452, 6533
6535, 9218
6536, 7509
5367, 6537
6538, 9704
6540, 7005
6542, 7627
3692, 6543
3565, 6544
308, 6546
1203, 6547
3433, 6548
6550, 7377
6552, 9896
6555, 8253
6556, 8544
6557, 6918
1549, 6562
6563, 6878
1373, 6565
6566, 8523
4601, 6569
5457, 6570
2652, 6572
6574, 7051
6575, 7836
6577, 9805
5719, 6578
6579, 7377
1606, 6580
6581, 9710
6583, 8920
6584, 8865
6585, 7314
6587, 6802
5043, 6592
3351, 6593
6594, 8264
6595, 7458
6600, 8289
6602, 9593
4163, 6603
5592, 6604
6607, 9917
6608, 7454
6609, 7505
4234, 6610
6611, 9677
6613, 9389
5603, 6614
1140, 6616
1272, 6617
6618, 8219
2423, 6619
245, 6620
6623, 9060
860, 6626
6627, 6864
6628, 7377
6629, 8538
6630, 9740
6631, 9554
6632, 7732
6633, 9854
6634, 6782
6635, 8919
2003, 6636
6637, 8266
6638, 9224
6639, 8841
4034, 6640
3053, 6641
6642, 8218
6644, 8331
4690, 6645
3531, 6646
830, 6647
6648, 7783
6649, 9794
1162, 6650
955, 6652
6653, 8165
6654, 7426
6656, 7189
3461, 6658
452, 6659
2167, 6660
6662, 9342
6259, 6663
6668, 7250
3105, 6670
6622, 6671
6672, 7287
4412, 6673
2491, 6675
1914, 6676
6677, 7531
6105, 6678
6679, 7813
6682, 6751
4499, 6683
3436, 6684
2380, 6686
6688, 8036
3290, 6689
2046, 6690
5538, 6695
5926, 6697
6698, 7734
6699, 7872
5961, 6700
2864, 6702
6708, 8810
6709, 9200
2546, 6710
5116, 6712
6713, 9296
6715, 8871
3747, 6716
518, 6717
1841, 6718
5468, 6719
3015, 6720
6721, 7953
4690, 6722
6725, 7597
6726, 8423
6727, 7616
467, 6728
5124, 6729
2198, 6731
5421, 6733
5919, 6734
2859, 6736
6739, 8796
5076, 6740
5581, 6742
4256, 6743
585, 6744
6746, 9884
4876, 6748
2608, 6749
6753, 9107
6754, 6851
1289, 6755
5065, 6756
6757, 8823
6758, 9202
6760, 8702
6761, 8976
6762, 8913
6763, 6783
6764, 7994
2835, 6765
6767, 7579
1767, 6768
6769, 8042
1512, 6772
6773, 7203
6774, 7034
1574, 6777
1493, 6778
1769, 6780
3709, 6783
6784, 8150
38, 6787
6788, 9649
4144, 6789
1900, 6790
6792, 9015
6794, 7266
6795, 7415
710, 6797
6798, 7851
5164, 6799
3420, 6800
6805, 8289
6807, 9474
6809, 8117
2800, 6811
4347, 6814
6815, 9037
2118, 6818
5781, 6819
6820, 7924
5258, 6822
6824, 7612
4269, 6826
4360, 6832
458, 6834
6835, 9616
6837, 7852
6838, 7517
2253, 6839
4572, 6840
6841, 7194
5592, 6844
5311, 6847
1418, 6848
1303, 6849
6852, 8429
6853, 9567
5648, 6854
6855, 9345
5984, 6857
4050, 6858
3383, 6859
4915, 6860
210, 6861
6863, 6961
6865, 8491
6866, 8986
2172, 6867
95, 6869
6873, 6954
6360, 6876
4407, 6877
6878, 7897
6879, 9121
6880, 8872
6881, 8136
3130, 6883
6887, 9517
6888, 8925
6890, 7763
6892, 8722
6893, 8349
6894, 8798
2718, 6896
513, 6897
3129, 6900
6901, 7142
6902, 9333
3775, 6903
6905, 9742
144, 6907
2085, 6908
6909, 8116
5556, 6910
6911, 6925
907, 6912
1574, 6913
6914, 8256
1998, 6915
6916, 8822
5237, 6917
6919, 9631
6920, 7149
6923, 7294
1679, 6924
6926, 8459
5451, 6929
4827, 6930
930, 6931
6933, 7411
6934, 8950
6935, 8959
3604, 6938
6941, 8954
6942, 9920
6943, 7065
6944, 9980
6945, 7493
6946, 8860
6948, 7820
6949, 7508
6951, 7026
758, 6952
6955, 9378
2470, 6958
5701, 6960
6962, 9309
6963, 7353
6964, 7262
6965, 9079
6454, 6966
6967, 8039
6968, 7281
6969, 7704
2702, 6970
6359, 6972
5, 6973
6974, 9152
2354, 6975
6978, 7346
4342, 6979
6980, 7635
6981, 8781
6982, 9427
6983, 8247
6985, 7238
6987, 9195
6988, 9171
6989, 7778
6996, 9955
4581, 6998
2895, 7001
4740, 7002
4612, 7003
7005, 7804
4310, 7006
2510, 7007
3229, 7008
3406, 7009
4961, 7010
7012, 7075
7014, 7862
2742, 7015
7016, 9744
958, 7017
5926, 7018
7019, 8722
3122, 7020
4658, 7021
6454, 7022
5217, 7023
320, 7025
3852, 7027
5054, 7028
4318, 7030
3667, 7032
5341, 7033
7035, 8134
7036, 8388
7037, 9778
7038, 9227
273, 7040
7041, 7397
6247, 7042
7043, 7223
4725, 7045
5955, 7046
7047, 9413
6615, 7048
7049, 7110
7050, 8770
2951, 7051
7052, 8841
7054, 8274
7055, 7985
1847, 7056
282, 7057
7058, 8236
1616, 7059
7060, 7918
5770, 7062
5895, 7063
7064, 7889
5628, 7068
7069, 9729
4163, 7070
7073, 7746
7074, 9852
741, 7076
7077, 9322
1153, 7078
2538, 7080
7081, 9068
2620, 7082
7084, 8094
7086, 8721
1834, 7087
7088, 7256
7090, 9619
7091, 8593
7092, 8922
791, 7093
3709, 7095
3260, 7097
2577, 7098
7099, 7954
7100, 9265
2219, 7101
7102, 7492
5936, 7104
7105, 8910
7106, 8862
5465, 7107
7108, 8588
7110, 8823
6838, 7111
5104, 7112
878, 7115
7116, 7455
6369, 7117
3523, 7118
7120, 8405
7122, 7754
7123, 7166
7124, 9904
7125, 9296
7126, 8002
3826, 7127
4965, 7131
2296, 7132
4860, 7133
6544, 7134
7138, 8473
7139, 9383
7140, 9356
1757, 7141
4206, 7143
2898, 7144
7146, 9309
7147, 8757
7148, 7652
7150, 8781
7151, 7276
557, 7153
3641, 7156
113, 7157
7158, 8430
3522, 7161
1919, 7163
6598, 7164
880, 7167
6545, 7170
2898, 7171
513, 7173
4451, 7174
4007, 7175
7177, 9079
7178, 9820
7179, 9022
4289, 7180
7181, 7316
523, 7182
6347, 7184
240, 7185
3519, 7186
6532, 7188
1464, 7190
7192, 7898
3291, 7193
7194, 8970
4719, 7195
2238, 7197
7198, 9264
19, 7199
7200, 9733
7202, 8547
4699, 7206
342, 7207
1987, 7208
2484, 7209
1518, 7211
7213, 7998
977, 7215
4682, 7216
4961, 7218
1825, 7219
7220, 9696
1078, 7222
7223, 8642
7224, 8084
7225, 7894
1076, 7226
7227, 8051
7230, 9060
7232, 9207
328, 7235
7236, 9749
3007, 7239
7240, 8125
3888, 7241
3356, 7242
5451, 7243
2009, 7244
7245, 7658
7246, 8084
7247, 8274
1552, 7248
1293, 7251
7252, 9206
3416, 7253
5036, 7254
7255, 9633
7259, 7984
7260, 7480
3565, 7261
7262, 7603
7263, 7814
5239, 7264
7266, 9686
1252, 7267
7269, 8311
5933, 7270
6796, 7272
7273, 8549
7274, 9513
5781, 7275
7277, 8345
7278, 7363
7281, 9669
2113, 7282
1581, 7283
733, 7284
2730, 7285
2099, 7286
2198, 7290
7291, 9580
1991, 7292
7295, 7536
2805, 7296
3831, 7297
7298, 9327
7299, 8100
7300, 7798
7303, 7512
7304, 7498
1788, 7305
7306, 9782
2659, 7310
2359, 7311
7312, 7491
6027, 7313
7316, 9505
7318, 8360
4791, 7321
7323, 9778
6895, 7324
6160, 7325
7327, 9016
2775, 7330
7331, 9112
7332, 9470
7333, 8230
7334, 7713
7335, 9237
3832, 7336
7337, 9903
4407, 7338
2777, 7339
7342, 8793
3121, 7343
512, 7344
7347, 8526
3117, 7348
7349, 9172
3261, 7350
7351, 9301
7356, 7647
7357, 9403
2780, 7358
1448, 7359
6431, 7360
6114, 7361
7362, 9213
2033, 7367
1004, 7368
7369, 9826
3706, 7370
7371, 7501
7372, 7607
1993, 7375
3158, 7380
4370, 7381
4599, 7382
6304, 7383
2684, 7384
7387, 9131
7389, 7676
1821, 7390
7391, 9890
3822, 7392
7393, 9425
7395, 9327
7378, 7398
1895, 7399
2758, 7400
7403, 7754
6836, 7405
7205, 7406
151, 7407
924, 7408
3604, 7413
4240, 7414
951, 7416
7417, 7437
5680, 7420
7421, 8201
4475, 7422
3849, 7423
6216, 7424
7425, 9045
59, 7426
7427, 9883
3114, 7429
7430, 8279
7431, 8501
6550, 7435
4999, 7436
7437, 9177
7439, 8419
7441, 7846
7442, 8532
7443, 8227
7444, 8958
7445, 8648
1952, 7446
4391, 7447
1545, 7449
6569, 7451
5645, 7452
3901, 7453
5536, 7455
6581, 7456
4100, 7462
3263, 7465
7466, 9339
4989, 7468
7471, 9432
5904, 7473
2315, 7474
279, 7475
6151, 7476
7477, 8599
7479, 9841
2188, 7481
1834, 7482
5959, 7484
2067, 7486
6814, 7487
7248, 7488
7489, 9446
7490, 9624
1743, 7494
7495, 9064
3165, 7497
1072, 7499
7500, 9353
7502, 8856
7503, 8617
2125, 7504
4194, 7506
387, 7510
1387, 7511
3920, 7512
7513, 9069
7514, 8950
604, 7516
1406, 7518
5377, 7519
7520, 7523
7522, 8471
1283, 7525
7526, 8307
4848, 7527
6624, 7529
3661, 7535
4034, 7537
7538, 7643
1407, 7540
7541, 9059
3835, 7543
5165, 7544
7546, 9421
4726, 7547
2567, 7548
465, 7549
5978, 7550
2393, 7552
7553, 8298
7558, 8658
7559, 7908
7560, 9467
7561, 9536
3658, 7563
4200, 7564
3724, 7568
2603, 7569
2188, 7570
7572, 8400
7573, 8153
7574, 8781
7575, 8484
5926, 7577
7578, 9296
286, 7579
7580, 9958
944, 7584
1884, 7585
4414, 7586
1615, 7589
6832, 7590
7592, 9373
7593, 8691
7595, 7956
7596, 8488
1946, 7597
757, 7599
7600, 8730
7602, 7813
7604, 9823
2380, 7605
7606, 8738
1884, 7609
2172, 7614
4461, 7615
89, 7616
7617, 9137
3275, 7618
5135, 7619
1043, 7621
5555, 7622
1822, 7624
7085, 7625
7626, 7865
4256, 7628
2877, 7629
7632, 9424
7637, 8710
3272, 7638
7617, 7639
5703, 7640
2555, 7641
2695, 7642
951, 7643
7644, 9196
7646, 9050
1105, 7649
3277, 7650
7651, 9806
4710, 7653
7655, 9270
1619, 7657
7658, 7891
1215, 7659
4974, 7661
679, 7662
7663, 9881
2261, 7664
695, 7667
6674, 7670
4602, 7671
4120, 7672
7673, 8798
7523, 7674
6218, 7675
7677, 9363
7679, 9602
7680, 8101
7681, 9810
7683, 8690
7684, 8740
7685, 8169
7689, 9993
7690, 7738
2071, 7692
7695, 8520
2817, 7696
687, 7697
327, 7698
2566, 7700
7701, 9918
7702, 9292
7709, 8605
1530, 7710
1124, 7714
7716, 9158
7717, 9164
7718, 7863
7719, 9633
6679, 7720
1800, 7721
6222, 7722
7723, 8781
6245, 7724
4046, 7726
4667, 7727
1959, 7728
7459, 7730
4252, 7731
1450, 7733
289, 7734
3827, 7739
7741, 9897
7742, 9230
2819, 7744
5640, 7745
4557, 7747
7749, 9568
7752, 8892
7754, 9634
7756, 8193
7757, 8055
7759, 9280
7760, 8215
7575, 7764
5147, 7765
449, 7766
7768, 8946
3867, 7769
7771, 8142
2526, 7774
4134, 7775
6976, 7778
7779, 8608
7782, 8819
1349, 7784
2654, 7786
7787, 7833
94, 7788
4264, 7789
7792, 9774
6536, 7793
6448, 7794
7795, 9260
2951, 7796
7797, 8809
7798, 9000
7409, 7799
3122, 7802
3227, 7803
7804, 9355
322, 7806
2472, 7807
7225, 7809
7810, 8392
3045, 7812
7814, 9674
2190, 7816
2271, 7817
6340, 7819
6310, 7823
7824, 7897
7825, 9669
2711, 7826
6298, 7827
1238, 7828
7829, 9156
16, 7830
7831, 8189
2544, 7832
789, 7835
7837, 8669
6874, 7838
7839, 8326
6312, 7840
3238, 7842
4998, 7847
7848, 7879
3257, 7849
3956, 7850
6593, 7854
2818, 7855
7034, 7856
7805, 7861
7865, 8921
5359, 7867
3234, 7869
7871, 9055
3749, 7874
6694, 7875
5205, 7877
120, 7880
7881, 9322
7882, 8388
7884, 9706
6454, 7885
7411, 7886
2637, 7887
3334, 7890
7829, 7893
7501, 7895
7899, 9719
7901, 9518
781, 7902
1559, 7903
7904, 9059
1751, 7905
7906, 8364
6031, 7908
7909, 8924
827, 7910
7911, 8183
1068, 7912
6805, 7913
7914, 9452
7916, 9071
5453, 7919
3087, 7920
7921, 9370
7923, 9938
7925, 8897
7404, 7926
7929, 8367
7930, 8707
7401, 7932
7815, 7934
2142, 7936
2975, 7938
1156, 7941
4189, 7943
1284, 7944
5873, 7945
4454, 7946
5017, 7947
3302, 7948
5783, 7950
6692, 7952
356, 7955
3763, 7956
3519, 7957
7959, 9757
473, 7961
6116, 7964
1811, 7965
3526, 7967
7969, 9191
4192, 7970
3544, 7973
7976, 8898
7977, 8104
5423, 7980
72, 7985
2902, 7987
7990, 9309
3543, 7991
64, 7992
946, 7993
7995, 8060
1972, 7996
7999, 8264
2259, 8000
1965, 8001
8002, 8116
3994, 8004
8005, 9639
3602, 8006
2057, 8008
1880, 8009
5564, 8010
8011, 9508
4824, 8012
8013, 9096
2885, 8015
2643, 8016
7287, 8018
553, 8019
5912, 8021
785, 8022
3172, 8023
2562, 8024
4087, 8027
6674, 8028
8029, 8672
8032, 8350
4140, 8035
2616, 8038
8039, 9027
2720, 8040
324, 8041
992, 8043
3653, 8044
7187, 8046
8047, 8683
7542, 8048
8050, 9771
7349, 8051
1337, 8052
8053, 8184
1622, 8054
7999, 8061
1926, 8062
8032, 8063
915, 8066
2539, 8069
8072, 9425
2064, 8073
8074, 9499
8076, 8179
730, 8077
3235, 8078
8079, 9088
4910, 8080
3506, 8081
6635, 8082
3936, 8086
3314, 8087
862, 8088
1433, 8089
7910, 8090
6682, 8092
8093, 8344
4005, 8096
7640, 8097
3048, 8098
8102, 8372
5113, 8103
6311, 8106
2874, 8107
8108, 9686
4665, 8109
1571, 8110
7300, 8111
8113, 8272
7658, 8115
460, 8119
8122, 8143
8125, 8981
8127, 9824
997, 8128
7109, 8129
5335, 8131
1529, 8132
4396, 8137
8140, 8742
3523, 8141
6448, 8144
2287, 8145
8146, 9158
8149, 8274
2014, 8152
8156, 9466
6086, 8157
7497, 8158
2928, 8159
4207, 8160
1327, 8164
2444, 8165
7592, 8166
7755, 8167
4567, 8169
279, 8170
8172, 9001
1921, 8173
3452, 8175
8050, 8176
868, 8177
4495, 8178
8180, 8805
8181, 8907
6762, 8183
3668, 8184
4495, 8186
8188, 9923
4664, 8191
5524, 8195
920, 8196
8197, 8261
8199, 8489
4329, 8200
6543, 8202
4820, 8204
1364, 8205
8037, 8206
4358, 8207
5265, 8208
2234, 8209
3487, 8211
8214, 9562
8215, 9611
2986, 8217
4536, 8219
7753, 8223
8224, 9637
1011, 8225
8226, 8812
8227, 9953
3901, 8231
3831, 8233
4436, 8234
5366, 8235
676, 8237
8238, 8425
853, 8239
3398, 8240
5946, 8242
14, 8243
8244, 9771
681, 8246
1918, 8248
7395, 8249
6104, 8250
6159, 8252
139, 8254
7676, 8257
4549, 8259
865, 8260
7507, 8262
6858, 8265
1153, 8267
3209, 8268
8269, 9764
7774, 8270
1456, 8271
5223, 8273
7899, 8276
1814, 8278
4006, 8279
3397, 8280
5498, 8282
8283, 8342
5585, 8284
8285, 8529
8286, 9968
8288, 9361
2702, 8290
6195, 8292
8294, 9270
8295, 9798
8300, 8857
1529, 8303
4547, 8304
8305, 8398
728, 8308
8258, 8310
8311, 9455
3351, 8312
7766, 8313
7259, 8316
4331, 8317
1911, 8319
3120, 8320
8322, 8335
7183, 8323
5755, 8324
8325, 8880
807, 8327
2772, 8329
4639, 8332
8333, 9646
2738, 8336
5725, 8337
5170, 8338
1693, 8340
7716, 8341
8342, 8504
4875, 8343
8345, 9698
8346, 9403
8347, 9205
1918, 8351
7578, 8352
8353, 8830
5203, 8354
6873, 8356
8357, 9335
1213, 8358
2556, 8359
4591, 8362
1909, 8363
8364, 8888
8365, 8686
443, 8366
4447, 8368
6575, 8369
5361, 8371
93, 8374
5946, 8375
8321, 8378
8379, 8862
3348, 8380
2157, 8381
4928, 8382
4735, 8385
8386, 9391
7215, 8387
3194, 8389
5901, 8390
8391, 8755
4036, 8392
3393, 8393
7357, 8394
2976, 8395
7388, 8396
8055, 8399
5140, 8401
8402, 9259
3129, 8404
8407, 9944
97, 8411
5686, 8412
8414, 8473
8415, 8416
3766, 8417
3825, 8418
8282, 8419
3275, 8420
1583, 8421
2729, 8426
445, 8427
8025, 8428
8432, 9040
8307, 8433
3874, 8435
7842, 8436
8439, 8572
2076, 8441
8442, 9134
6601, 8445
4544, 8446
8447, 9121
4893, 8448
7590, 8450
936, 8451
8453, 9890
5617, 8456
7437, 8457
8459, 9337
4524, 8460
5303, 8461
2852, 8462
8465, 9607
8066, 8467
8468, 8832
3831, 8470
6429, 8474
5848, 8475
8476, 8665
8477, 9747
6935, 8481
1674, 8483
435, 8486
3342, 8487
1038, 8489
6113, 8492
3925, 8493
5059, 8494
5161, 8495
7566, 8496
6978, 8497
5264, 8498
6259, 8499
660, 8500
729, 8502
4208, 8506
8507, 9912
6675, 8510
3436, 8512
8513, 9775
4044, 8514
4472, 8515
5254, 8516
3208, 8517
5284, 8518
6478, 8519
6790, 8521
4369, 8522
8526, 9966
3893, 8528
8530, 8645
3442, 8535
4915, 8537
8540, 8899
8197, 8542
8545, 9013
8546, 9830
7025, 8548
6510, 8550
3879, 8551
2243, 8552
943, 8553
1194, 8555
6673, 8557
4644, 8558
2149, 8560
4686, 8562
8564, 9178
176, 8565
8566, 9445
5150, 8569
2266, 8570
8245, 8571
2044, 8577
5833, 8578
7997, 8580
8583, 9383
312, 8585
657, 8586
6323, 8589
3797, 8590
3607, 8592
6661, 8594
644, 8595
8596, 9953
3672, 8598
6543, 8600
4531, 8602
1777, 8604
2693, 8606
5661, 8609
7166, 8611
8613, 9796
1668, 8614
3687, 8615
5538, 8619
4135, 8621
6084, 8622
1451, 8623
7017, 8625
3337, 8626
5878, 8629
8630, 9253
1922, 8631
289, 8632
3426, 8633
8634, 9877
4035, 8636
1816, 8637
758, 8640
5640, 8641
8400, 8643
2501, 8644
8645, 9701
5183, 8647
8649, 8876
7725, 8650
1120, 8652
8653, 9044
8654, 8919
8175, 8657
8657, 8660
5902, 8663
8664, 8777
4901, 8665
540, 8671
254, 8673
4157, 8675
6693, 8677
8678, 9121
8679, 9634
7637, 8680
6259, 8681
8682, 8779
8684, 9651
8688, 9642
30, 8693
6621, 8694
7397, 8695
4356, 8696
347, 8697
562, 8698
3160, 8700
3480, 8701
1149, 8703
1801, 8705
1168, 8706
8708, 9045
4044, 8709
3319, 8711
8712, 8731
8713, 9503
6382, 8714
8719, 9455
8720, 8813
6226, 8723
146, 8725
632, 8726
1230, 8727
5453, 8728
3144, 8729
3808, 8732
1000, 8733
3781, 8734
8735, 9050
7299, 8736
7396, 8737
8738, 9567
8741, 8977
3415, 8743
8744, 8845
6098, 8746
8374, 8750
7218, 8751
3174, 8752
8547, 8754
8760, 8933
419, 8761
4219, 8764
2416, 8765
8766, 8805
190, 8767
2572, 8768
3789, 8770
5973, 8773
3881, 8774
915, 8775
5592, 8777
8778, 9876
2254, 8783
8784, 9089
6882, 8785
7810, 8787
489, 8788
6715, 8789
1255, 8790
8795, 9114
2346, 8797
4724, 8799
8801, 9651
7428, 8803
3695, 8804
7646, 8807
1698, 8808
8812, 9538
5663, 8815
8816, 9749
624, 8818
7817, 8820
8819, 8821
5055, 8824
1672, 8825
8831, 9640
3321, 8834
503, 8835
3266, 8836
8837, 9308
7430, 8840
95, 8842
8843, 9235
1664, 8844
3333, 8845
2864, 8846
4385, 8848
7273, 8850
2307, 8851
4528, 8852
8855, 9257
3235, 8856
3928, 8858
8859, 9364
2255, 8861
3237, 8864
4271, 8865
6764, 8867
8454, 8868
593, 8869
8870, 9488
8873, 9535
7666, 8874
8875, 9082
8876, 9768
491, 8878
6086, 8881
5040, 8882
7225, 8883
5345, 8884
3123, 8886
2682, 8887
1185, 8889
6423, 8890
7767, 8891
674, 8892
4359, 8894
3372, 8897
5423, 8900
7581, 8901
4724, 8902
5822, 8903
8213, 8904
3534, 8906
7313, 8908
6650, 8910
8914, 9956
1970, 8915
8924, 9060
1633, 8925
8414, 8927
8928, 9802
2553, 8930
8197, 8931
990, 8932
3913, 8934
1800, 8936
8937, 9960
2072, 8939
7577, 8940
8400, 8941
1208, 8942
3705, 8943
3739, 8944
8945, 8990
8749, 8947
7340, 8949
6140, 8952
1854, 8953
4790, 8956
8960, 9332
7722, 8961
7821, 8962
4951, 8964
5322, 8965
8002, 8966
8967, 9245
4933, 8968
2831, 8971
8972, 9777
8973, 9575
4819, 8976
4022, 8979
2804, 8980
3307, 8982
5194, 8983
4066, 8984
7061, 8987
1972, 8988
1912, 8989
5376, 8991
5090, 8993
3239, 8996
1897, 8997
5652, 8998
1868, 8999
8547, 9002
4772, 9003
5333, 9006
2219, 9007
2027, 9009
9010, 9925
5427, 9017
8289, 9019
3734, 9021
3420, 9025
5393, 9028
3773, 9029
914, 9030
5183, 9031
5858, 9033
4296, 9035
9038, 9645
8033, 9039
8085, 9041
6529, 9042
9045, 9221
9047, 9727
65, 9048
9050, 9145
1423, 9051
2121, 9052
4494, 9053
3419, 9056
607, 9061
9062, 9597
2779, 9063
974, 9064
8153, 9065
7640, 9067
6388, 9070
8493, 9073
6093, 9074
5837, 9075
7290, 9076
4853, 9077
9078, 9978
8713, 9080
9081, 9696
204, 9083
6516, 9084
9085, 9357
9086, 9183
1039, 9087
7470, 9091
3279, 9092
7781, 9093
9094, 9833
4135, 9097
1309, 9098
2584, 9099
6210, 9100
8598, 9101
9102, 9340
2344, 9103
8068, 9104
6331, 9106
9109, 9271
9014, 9111
6065, 9113
5217, 9115
9117, 9623
9118, 9554
6884, 9122
9123, 9552
8902, 9125
9126, 9590
9128, 9839
5517, 9132
6541, 9133
3781, 9134
2081, 9138
8162, 9141
8574, 9142
9061, 9144
6046, 9147
9148, 9660
5611, 9149
1078, 9150
9151, 9893
3063, 9153
6149, 9155
1632, 9159
23, 9160
8605, 9165
2260, 9166
9040, 9167
127, 9169
9170, 9452
8603, 9171
7743, 9174
7230, 9175
4770, 9176
6497, 9179
8630, 9180
5834, 9181
4436, 9183
6470, 9185
5305, 9187
8669, 9188
4804, 9189
8306, 9191
5140, 9192
7837, 9193
2416, 9197
6580, 9198
7489, 9201
3012, 9202
1709, 9204
5828, 9207
9057, 9208
4598, 9209
3990, 9210
3328, 9211
9049, 9212
3002, 9213
1044, 9214
9215, 9314
2048, 9216
3341, 9218
4095, 9225
1903, 9226
791, 9227
9173, 9228
5961, 9229
9233, 9370
6259, 9234
127, 9236
2022, 9240
4834, 9241
8286, 9243
1657, 9246
6107, 9247
1035, 9248
9250, 9254
9251, 9392
457, 9261
8967, 9263
9266, 9922
5964, 9267
9268, 9798
2064, 9269
7312, 9274
9276, 9841
5888, 9278
4206, 9279
2169, 9282
270, 9283
6363, 9284
9285, 9310
7763, 9286
2134, 9287
6735, 9288
534, 9289
4251, 9290
7459, 9293
8854, 9294
5123, 9298
6279, 9300
2021, 9305
6785, 9311
4226, 9313
2382, 9315
2067, 9316
6696, 9317
5391, 9318
9319, 9575
2785, 9320
4000, 9324
9326, 9856
9327, 9806
6483, 9329
4584, 9330
7169, 9335
8508, 9336
6711, 9338
9340, 9943
4865, 9343
6669, 9344
921, 9348
1726, 9349
7726, 9350
4990, 9351
752, 9352
532, 9354
7643, 9358
4120, 9359
5108, 9362
2359, 9364
5329, 9366
6500, 9368
7618, 9372
8510, 9379
8708, 9380
1346, 9381
6496, 9382
5086, 9386
1107, 9388
1368, 9390
7808, 9394
3005, 9395
3827, 9396
4855, 9398
9122, 9399
6310, 9400
7656, 9401
2027, 9407
9408, 9492
566, 9410
9412, 9724
4172, 9413
2695, 9414
9417, 9972
1618, 9418
244, 9420
3652, 9422
3069, 9428
1251, 9429
3451, 9430
1814, 9431
7475, 9433
1143, 9434
9435, 9864
9436, 9484
6321, 9439
55, 9442
2421, 9443
9444, 9589
8383, 9448
5955, 9449
8366, 9450
9144, 9451
2365, 9459
4132, 9460
1793, 9461
8425, 9463
5321, 9464
3373, 9465
7691, 9466
9369, 9471
2187, 9473
4195, 9476
3085, 9480
6619, 9483
6750, 9485
5367, 9486
7791, 9488
8187, 9489
1468, 9490
1921, 9491
6128, 9493
3438, 9494
6245, 9495
4156, 9496
6482, 9500
8720, 9502
1226, 9503
336, 9504
8102, 9507
1335, 9512
5523, 9515
6454, 9517
2809, 9519
1296, 9520
1972, 9521
7997, 9523
9120, 9526
8738, 9531
1148, 9533
6770, 9534
8332, 9540
8197, 9543
2830, 9544
1475, 9545
7438, 9546
6760, 9547
9548, 9615
9550, 9858
8193, 9557
4433, 9558
1798, 9559
8699, 9560
5732, 9561
2716, 9562
4, 9563
7262, 9564
3579, 9565
2271, 9566
8899, 9574
8342, 9576
9578, 9717
3896, 9579
74, 9581
6948, 9582
7865, 9583
1773, 9586
5574, 9589
7573, 9592
7922, 9595
1468, 9596
5456, 9598
2434, 9600
113, 9601
318, 9603
7351, 9604
8739, 9605
2334, 9607
2287, 9608
1208, 9609
2402, 9613
3531, 9614
1263, 9615
6336, 9617
6962, 9618
8599, 9625
7150, 9626
8531, 9627
6649, 9628
5370, 9630
7215, 9632
7067, 9635
2903, 9636
8454, 9644
1022, 9647
4527, 9648
1496, 9650
3915, 9652
7778, 9653
5463, 9655
8672, 9659
3756, 9662
3817, 9668
1862, 9670
8838, 9671
9258, 9672
4462, 9675
5174, 9676
9678, 9888
8096, 9679
4270, 9681
1440, 9682
2362, 9683
8372, 9684
1272, 9685
7643, 9689
1415, 9691
1598, 9692
4843, 9693
3351, 9699
8266, 9700
2818, 9702
7271, 9703
9706, 9707
8010, 9711
7777, 9713
3126, 9715
2420, 9716
7785, 9717
2207, 9720
2715, 9723
260, 9725
6680, 9731
5376, 9732
5639, 9734
9085, 9735
6633, 9738
105, 9739
8386, 9741
799, 9742
9232, 9744
8052, 9748
4989, 9751
818, 9752
2211, 9753
9754, 9945
3528, 9755
9509, 9761
2973, 9762
2263, 9763
4997, 9766
5384, 9767
6851, 9770
9585, 9772
6956, 9773
2801, 9774
41, 9775
9514, 9776
832, 9779
4030, 9780
193, 9781
3459, 9783
9361, 9785
6802, 9786
7931, 9789
1514, 9792
2237, 9793
942, 9797
9556, 9800
834, 9801
9237, 9802
8819, 9803
5131, 9807
1437, 9808
2132, 9809
4518, 9811
8285, 9812
8429, 9813
4367, 9814
5482, 9816
2611, 9817
4720, 9818
8263, 9821
2034, 9822
6872, 9823
409, 9826
9638, 9827
4850, 9828
2869, 9833
3654, 9834
7266, 9836
8661, 9837
9006, 9840
359, 9842
8281, 9843
191, 9844
1298, 9845
5409, 9848
1142, 9849
7941, 9850
7384, 9853
2991, 9855
5516, 9857
9445, 9859
1469, 9860
1870, 9863
5162, 9867
5368, 9868
1215, 9871
5022, 9872
3989, 9873
6121, 9874
8025, 9875
8153, 9878
3704, 9881
7632, 9882
4506, 9883
6369, 9884
7221, 9885
4630, 9887
4065, 9894
7626, 9895
6066, 9900
4891, 9901
3481, 9902
9885, 9905
5198, 9906
6092, 9907
8990, 9910
7940, 9913
7737, 9915
6003, 9919
693, 9921
7269, 9924
6536, 9926
5457, 9927
9136, 9928
6841, 9929
7874, 9931
125, 9933
3027, 9934
1582, 9935
4565, 9936
2360, 9937
2864, 9939
4766, 9940
9326, 9941
9130, 9942
36, 9947
5498, 9948
9537, 9949
7520, 9951
5975, 9952
1152, 9954
6829, 9955
9957, 9987
1109, 9960
9932, 9961
2954, 9962
5933, 9964
5420, 9967
391, 9971
140, 9973
9343, 9974
5779, 9975
8493, 9976
2759, 9979
2173, 9982
9262, 9984
3169, 9985
3356, 9986
5690, 9987
5528, 9988
59, 9991
5616, 9993
6889, 9995
898, 9997
5842, 9998
5394, 9334
4571, 9851
415, 3744
1159, 9054
970, 7176
3477, 5991
3586, 3827
11, 698
2097, 8243
4293, 6688
6140, 9034
6705, 8504
73, 9160
2140, 4875
3414, 4647
3008, 6234
4371, 8466
633, 9008
3805, 5427
4343, 6074
3948, 5542
238, 3148
3389, 5350
3179, 8090
42, 5377
9050, 9688
5148, 7236
1603, 7404
48, 5165
50, 7879
1599, 8691
4460, 5034
95, 148
54, 2686
6190, 9442
5208, 5583
6429, 8699
5517, 9234
920, 3769
6741, 7309
8624, 9916
1058, 6203
743, 5284
5664, 5721
640, 2973
4472, 8614
69, 2811
1794, 7873
2959, 7032
3646, 8973
75, 6559
4409, 8917
5440, 9369
7316, 9230
2317, 4524
80, 7795
81, 3916
7824, 9892
7534, 9696
84, 5925
5091, 6460
5792, 9673
87, 3356
4005, 9838
5687, 7929
4485, 7455
480, 9316
3890, 4112
95, 2289
7386, 8991
97, 3680
2590, 7965
99, 4434
7478, 9514
101, 4637
4028, 5626
498, 5453
2031, 6040
106, 4359
107, 1118
108, 9973
3967, 4115
111, 2811
114, 8669
3763, 9701
7436, 9014
1491, 9556
1893, 8520
119, 2045
1577, 4405
1871, 9371
5543, 7147
8037, 9748
126, 3296
2359, 2899
130, 319
131, 2537
133, 7116
134, 2576
136, 9696
6433, 6754
5354, 9131
139, 462
5926, 7722
141, 980
142, 1866
17, 144
3119, 7299
1981, 9930
149, 3260
7385, 8877
3308, 8488
4393, 9953
605, 957
3946, 4568
158, 3851
1052, 9697
6714, 6770
709, 2391
2543, 9791
167, 1467
4931, 4939
4121, 4218
3751, 8755
5531, 6707
2975, 3888
2377, 2730
178, 6238
4077, 7679
2619, 2845
2683, 3672
2915, 5416
185, 8371
2773, 6214
2053, 8802
189, 5681
3900, 8230
191, 5253
192, 2711
227, 3919
195, 655
1272, 2092
5024, 9829
840, 7712
3257, 4258
202, 1627
2011, 2213
205, 9275
6989, 9756
7300, 8896
210, 7826
754, 8469
212, 8125
145, 213
3629, 4011
215, 667
216, 8834
2700, 3417
1013, 8398
2886, 4072
222, 751
1658, 2809
3974, 7005
225, 7454
1285, 5171
772, 8174
1002, 7210
2102, 5076
1462, 2314
9005, 9971
6205, 8608
2534, 6649
1895, 6398
2643, 8101
1185, 4224
3754, 6876
246, 4222
3410, 4641
232, 886
250, 9585
897, 2271
1363, 4461
6999, 7954
1621, 8170
1969, 9677
1252, 9090
890, 7989
2965, 9160
6807, 9709
3182, 8745
8328, 9033
3978, 4391
265, 2004
3952, 9603
600, 4937
357, 9660
3337, 4937
1886, 9121
7040, 9113
275, 2307
2646, 8196
280, 8251
3056, 3104
6883, 8423
284, 6074
287, 5565
290, 3527
5926, 8301
4773, 6759
1313, 5039
9239, 9429
297, 9388
2928, 6555
6560, 8373
304, 5433
7561, 7638
306, 6665
8567, 8668
1293, 3834
1868, 9061
4667, 6090
313, 8916
2507, 7988
316, 2514
1037, 4835
2252, 3025
2024, 2477
323, 1633
2464, 3137
326, 1837
327, 8306
5715, 8634
1348, 2099
498, 3440
721, 5959
2148, 6593
350, 6661
6432, 8756
339, 951
3510, 6337
342, 4930
2212, 3389
7114, 7119
347, 7809
349, 982
350, 7665
3654, 6370
5800, 5823
967, 1392
2184, 8689
3812, 7444
4549, 7955
3168, 6440
1036, 1829
174, 8670
5832, 6419
4415, 9970
4049, 5856
364, 7941
7104, 7876
2929, 5152
6392, 8246
2439, 3852
4783, 9170
5139, 9262
3428, 5983
7461, 7878
6151, 8415
376, 9775
427, 1590
380, 7583
3996, 6128
3864, 9666
1800, 2824
7094, 7510
6111, 6340
1550, 7300
4859, 5730
5852, 8649
6796, 8134
5834, 6706
8302, 8909
2970, 4889
1674, 6991
3783, 5930
9162, 9432
403, 944
6603, 8212
501, 3982
3848, 7630
4408, 7294
2339, 9297
5739, 8808
3529, 8574
3885, 4606
2581, 8957
5161, 7536
1208, 3871
1151, 2262
1615, 8564
428, 8084
1677, 4161
719, 4639
1752, 5570
4139, 6318
2813, 5789
8774, 9365
924, 9981
2940, 5458
6, 442
6041, 8203
929, 6141
5105, 6571
448, 9183
1330, 3195
450, 1098
958, 5643
453, 1699
454, 4829
2325, 3449
457, 2999
915, 1793
459, 1125
2050, 4209
2386, 9627
468, 3039
2902, 6911
4774, 8980
3558, 6734
5157, 7961
7046, 8554
3963, 7044
478, 4573
481, 4566
1900, 3279
485, 7058
3081, 9639
683, 4215
5177, 8788
3731, 8878
932, 6777
4284, 5409
2985, 8282
7258, 9862
774, 9946
497, 7734
2616, 6825
8898, 9535
521, 1026
6649, 7351
6251, 6944
3549, 9065
5632, 5954
7396, 7626
7508, 9409
515, 7873
2592, 9321
383, 4268
1233, 1259
3556, 6457
524, 3044
5437, 6702
2414, 6519
2390, 4041
529, 9412
530, 7564
7355, 9937
533, 5200
2398, 4279
889, 3460
1855, 7469
1606, 8755
1384, 3478
577, 9481
6886, 8737
543, 3514
3714, 8607
882, 5496
3676, 9609
3950, 5466
5142, 5681
1270, 1420
3198, 6730
554, 2484
7031, 7588
1744, 2760
558, 2191
39, 559
1679, 7102
3632, 9876
3230, 4920
89, 563
8403, 8419
569, 7632
6007, 6928
1762, 4474
2584, 6385
577, 8539
578, 4825
6013, 7466
580, 7470
581, 7804
3995, 9729
584, 6001
956, 4934
1443, 8261
8131, 9731
7603, 8610
589, 8808
590, 7689
853, 8219
5651, 9527
1816, 7279
1224, 2347
4915, 9700
5381, 8748
599, 2851
603, 3100
2939, 8619
933, 9832
609, 843
2863, 3447
3177, 9510
1293, 5010
3632, 7413
6551, 9072
5696, 7215
619, 7049
1785, 3765
3005, 5136
622, 2735
625, 2141
626, 2182
5763, 7655
629, 7370
630, 7545
910, 8992
634, 8322
636, 4345
5468, 5787
1890, 8950
12, 1122
6766, 9182
3280, 5640
6343, 9307
4787, 9771
6045, 6275
1087, 1382
1388, 9012
1903, 7530
6184, 9446
2237, 4446
2207, 4955
660, 954
1740, 3902
662, 7981
479, 7378
664, 3102
665, 3081
666, 4070
779, 4280
1564, 1681
710, 5246
5890, 8575
672, 8356
3772, 9469
5764, 9750
677, 2348
1794, 5626
1891, 4152
688, 3826
3881, 5818
1311, 1440
1704, 9114
4277, 5607
2168, 2252
1526, 1610
2010, 4581
5742, 9051
2923, 6140
705, 9838
1779, 5185
1177, 5995
2232, 5617
720, 3913
5282, 6330
8010, 8544
726, 5692
727, 3502
1159, 8502
5347, 6573
1739, 7997
6031, 6117
965, 9743
740, 4080
1432, 2869
5917, 7282
3063, 7385
747, 6115
749, 2266
3661, 8907
751, 1125
2466, 5971
6873, 9755
7225, 8071
3653, 7467
761, 6993
2607, 7262
764, 2667
1441, 3381
1637, 7319
1006, 5016
1741, 5068
777, 5583
779, 4345
782, 2024
2242, 6485
1265, 2616
6214, 6497
7576, 7835
5194, 8297
1702, 2817
8749, 9119
7053, 7572
796, 1022
4687, 8256
5761, 6612
1191, 4502
534, 1582
6045, 6198
146, 2171
806, 3767
590, 8327
5251, 5539
3629, 6902
811, 4177
812, 5107
8964, 9695
3470, 6810
2750, 4826
820, 8061
6290, 6453
4576, 9436
3764, 8127
5732, 7257
9500, 9553
832, 8647
6912, 7879
834, 1176
1074, 5597
1931, 7951
2732, 8189
839, 4226
4423, 9819
877, 4185
846, 7187
847, 1254
7307, 9814
850, 8245
4178, 8463
852, 4757
102, 7678
8179, 9458
859, 1939
769, 4920
864, 8918
865, 8036
871, 3856
3933, 9862
4918, 7515
2346, 2762
2208, 6589
3689, 6192
3523, 3916
875, 3482
878, 3970
2068, 4080
4003, 7966
884, 2289
2462, 8916
891, 1282
702, 4116
1572, 7493
4060, 5679
4114, 7988
5960, 6286
906, 6665
3832, 7707
909, 5476
3655, 5164
1358, 4601
1574, 2496
2527, 9733
3139, 4978
4516, 7715
1245, 5095
8919, 9771
8361, 9099
924, 9528
1866, 2683
930, 4532
4018, 4772
4548, 5449
4957, 9171
8056, 9851
1945, 5330
6738, 8605
6718, 7886
3095, 5897
9392, 9584
6478, 7837
1492, 5906
965, 1995
2210, 4718
6704, 6760
5327, 7142
380, 1833
6940, 7756
4620, 8370
4039, 4632
9137, 9861
2219, 4296
458, 1896
993, 7067
8185, 9148
2328, 8847
8034, 8806
1000, 3293
3810, 8360
5396, 7368
4634, 8940
2612, 9202
5141, 8144
1726, 2848
8758, 9439
4566, 6664
1019, 6508
1913, 2091
3478, 7816
1029, 6509
1031, 5527
1189, 2818
2568, 4202
2124, 3411
1039, 3634
1040, 2744
1041, 1209
809, 2319
1045, 7786
6539, 7699
3144, 3829
1049, 7426
3322, 4921
1613, 3766
1053, 6126
4175, 8924
3459, 9177
2793, 5498
6, 4347
644, 3744
354, 2708
1065, 3102
3387, 7529
5262, 7822
1070, 1165
826, 5313
1072, 1773
1075, 1801
1077, 6007
1177, 3364
2718, 3877
1081, 5268
1082, 2615
657, 9518
1714, 2352
1088, 2201
1089, 6133
1884, 9832
1091, 9959
1092, 8979
6885, 9453
2448, 6197
1096, 5991
2711, 4961
1099, 1645
3385, 3812
1106, 1925
6703, 9292
1112, 3508
8678, 9765
1114, 2958
3002, 3821
1823, 6739
1117, 3266
1118, 3924
1120, 7869
2535, 9174
1094, 8007
1752, 3048
8473, 8659
1131, 6217
1604, 8049
5553, 6316
2198, 4990
3053, 7012
1258, 1660
237, 3884
2197, 3190
2253, 2377
1162, 6028
1154, 8882
4908, 9850
7379, 8031
3482, 7586
2664, 3119
4564, 6055
2602, 6795
1169, 8700
6391, 8509
3412, 8113
1175, 3915
1178, 5238
1179, 1568
6817, 7219
504, 1182
1184, 3631
4747, 8926
65, 7813
1188, 6179
2901, 3607
7402, 8816
2731, 8284
1193, 8500
1194, 6996
7785, 7826
5216, 6992
3393, 6589
5801, 5970
425, 1200
2007, 2383
1204, 2071
1119, 1205
735, 9309
5351, 9687
2591, 5653
2943, 3903
1212, 5630
1213, 4002
113, 3360
3011, 6390
5250, 8273
7024, 7743
1223, 5124
4460, 7274
2296, 3070
4369, 9740
5598, 6994
4111, 4201
6583, 6872
1241, 5325
3706, 7668
6471, 9221
4793, 9312
204, 6264
977, 6534
1257, 7715
4820, 6423
380, 1783
2063, 5323
1264, 3056
2028, 8959
1269, 9972
1271, 7225
3765, 5096
2005, 6079
7340, 8935
3074, 5182
1277, 8405
1965, 5044
1280, 2427
3412, 9248
4213, 5789
1288, 8694
6459, 9096
1292, 9040
5456, 6275
1295, 8534
1296, 5743
1297, 6247
3334, 8587
6441, 6643
1305, 6949
634, 1306
348, 6243
1308, 9350
1312, 9668
3068, 9355
1633, 3113
3857, 8201
1891, 8485
1320, 6136
1762, 2867
1323, 6903
2903, 6094
5522, 8102
4436, 8547
2069, 3401
681, 7159
5087, 9295
1336, 6766
1338, 9676
1339, 5072
299, 1618
1778, 7178
145, 4766
2509, 8226
707, 9729
3012, 3746
6779, 9630
1359, 5663
1457, 6959
3576, 8561
2820, 6986
1624, 8205
3875, 5936
4476, 5535
4764, 4980
6843, 8722
1107, 4529
1227, 6927
1379, 3720
4585, 5926
1386, 3637
1389, 6948
3969, 8583
3177, 3556
7500, 9188
1468, 9686
1398, 5951
221, 1403
7263, 8305
1576, 3630
5489, 7543
1409, 9044
4683, 5022
4368, 9742
3194, 3949
1085, 2605
6471, 7768
1424, 6688
6990, 7474
1427, 2102
7513, 9343
1433, 2563
1435, 7334
1639, 1968
3328, 8118
322, 3161
7089, 7767
3448, 3752
1450, 4678
1451, 4564
5619, 8536
3216, 6379
7356, 9722
1461, 2152
1465, 7084
7123, 8526
679, 7404
1471, 6721
1673, 5274
298, 6348
2122, 5934
2111, 9691
3160, 5702
1460, 9116
1486, 1746
4791, 7703
5738, 7244
6418, 6761
3620, 6142
1860, 7539
1496, 4793
3571, 8309
8517, 9684
4215, 8326
8267, 8663
5162, 9001
2474, 9071
7871, 8093
1510, 3209
2266, 6039
1514, 1796
1516, 6694
545, 8335
5329, 6854
6086, 8489
484, 1528
124, 1532
5369, 8634
7464, 8402
1544, 7377
8299, 9509
4988, 7300
3098, 6213
4991, 6345
339, 1554
2739, 8967
1557, 1684
1558, 3995
1952, 5989
7378, 9693
6873, 8441
5185, 8794
644, 1569
1537, 7729
6798, 8617
8583, 9556
1580, 5364
5451, 8203
1583, 2958
875, 9039
1627, 6066
1591, 7712
2201, 3249
1024, 3864
1596, 4528
1598, 3191
1565, 8772
1602, 7100
3533, 7562
3317, 9054
3093, 9728
1723, 2324
7528, 9750
1626, 9739
2737, 3046
3226, 9827
1291, 6364
1634, 8218
8392, 8760
1103, 2486
1640, 3558
7820, 7863
1643, 8031
1646, 6721
1869, 9465
267, 1650
1651, 9291
4717, 6244
8231, 9246
2622, 3988
7432, 9041
7140, 8695
2305, 4856
520, 3274
1678, 5801
13, 1679
5433, 8635
1682, 4420
4162, 6145
1688, 4260
1597, 1689
4518, 4834
4242, 4822
3778, 7425
5325, 9746
5059, 7237
2381, 9606
2303, 6200
2913, 8406
5368, 6625
6277, 7956
1717, 6463
3992, 4204
5692, 6416
1727, 3652
309, 1728
8318, 9379
1730, 5901
1733, 3115
4394, 6939
1743, 6436
3876, 6824
1747, 2370
841, 1748
3144, 7659
7889, 8904
1030, 1755
1756, 4911
1760, 9632
7859, 8567
4012, 4800
1838, 8472
89, 5202
1067, 3420
2679, 8189
1775, 7342
7744, 8069
5264, 6549
1785, 8155
8315, 8826
5243, 8123
2186, 4019
5687, 8437
3863, 4887
686, 1799
3615, 9980
1804, 2273
3757, 5985
3578, 5979
5980, 7578
1815, 8419
7109, 8951
5708, 7731
6538, 7317
3945, 4868
441, 3686
7972, 8520
3163, 3256
8603, 8770
2729, 9532
876, 9992
1839, 4356
315, 1842
6935, 7158
4708, 6182
3019, 8334
1850, 9938
5135, 8960
1853, 7455
1854, 8662
3080, 3215
5038, 9335
3347, 9899
1872, 6864
4197, 7323
1879, 5958
1880, 4716
3679, 4338
1882, 4818
1883, 3436
3724, 6213
7781, 8433
0, 5301
1951, 7805
2530, 5406
1894, 2827
2761, 7930
5869, 9597
1900, 5538
1905, 2173
3791, 8126
5910, 6319
1908, 8769
1910, 4065
5211, 6000
3971, 7933
2684, 4451
8433, 8630
1092, 4579
6, 1934
7287, 9663
1936, 4299
292, 4008
757, 4383
6739, 9796
2284, 4549
5125, 9754
2569, 2621
8247, 9272
1954, 7618
7716, 7801
3257, 3434
1962, 9521
1963, 4156
240, 2378
2080, 7517
1970, 6095
1971, 7770
5932, 7734
2263, 7606
1782, 1984
7949, 9019
7046, 8762
3344, 3424
2497, 4027
1801, 6342
2012, 8152
2013, 4950
2016, 4453
3288, 3979
937, 2032
2131, 8099
2036, 8882
5201, 6811
3312, 6209
1538, 8968
3426, 4312
1811, 2047
2373, 9216
1622, 2051
7660, 9699
3623, 8083
4492, 9888
1118, 2056
2058, 6454
2041, 6518
5020, 8656
2072, 3013
6890, 8994
2313, 8032
2077, 5165
3290, 4999
2084, 5905
4791, 7507
2087, 8531
5156, 9635
7008, 8251
1134, 2090
2082, 2412
6932, 7981
3957, 8916
2764, 9656
2105, 8482
2106, 6565
1977, 8944
4194, 6781
2351, 2598
6073, 8938
223, 5929
2921, 7577
3475, 7179
1584, 2126
4732, 5821
9287, 9612
2137, 2238
632, 2143
3135, 5745
3416, 6514
2157, 9880
2540, 4713
2160, 7431
1701, 6236
6332, 6420
3497, 6377
2165, 8268
3276, 3504
2351, 6359
2170, 4075
6910, 9982
2174, 2402
2179, 4387
3731, 4218
6599, 6627
2183, 9364
3658, 4377
1268, 2191
6034, 6647
2196, 5672
2197, 7005
4563, 6257
4044, 6489
2204, 2910
2997, 8345
617, 9690
2216, 7870
6206, 9439
4604, 7776
1927, 9790
5081, 9074
1450, 4945
7485, 9081
2232, 7129
3960, 8661
5347, 7370
2636, 2793
3861, 5058
6791, 8240
2259, 4574
3340, 6404
2267, 8882
2269, 5115
4763, 5992
2274, 3888
4432, 9985
8193, 9357
2277, 3512
1245, 8399
884, 2291
2295, 9550
2824, 5609
3778, 8832
2300, 4441
2301, 3887
4517, 5911
3614, 4648
2307, 8584
3867, 4154
5474, 8355
1872, 4118
3255, 9854
5798, 6126
2331, 9195
691, 9306
2335, 9152
2336, 9619
3533, 9544
4672, 6138
6384, 8302
4046, 7712
2353, 5065
4033, 6975
2363, 4022
2770, 5779
2372, 8719
1390, 2375
2377, 3080
2384, 5144
2392, 7822
104, 4390
2613, 3292
2404, 3956
2408, 7058
2409, 5262
5218, 9712
6827, 8691
7583, 8902
5659, 5887
4664, 4911
3638, 4545
1561, 5811
1656, 2424
2411, 6875
4333, 5446
737, 4680
2434, 9182
5311, 9273
5044, 8174
3115, 7759
3045, 5270
2465, 5747
3489, 9835
7103, 7775
4151, 7707
3018, 9623
3890, 9706
2421, 6850
2478, 4920
2854, 5783
6152, 9257
4270, 5359
4648, 9645
2512, 5637
5858, 8978
3003, 6329
2516, 3683
4890, 8424
3668, 7977
5483, 8554
1529, 8149
1746, 2526
1152, 7803
2130, 3506
7832, 8055
2546, 7158
4850, 7192
2552, 6681
2555, 6397
2565, 3203
8299, 8739
3540, 7735
6207, 6812
7234, 8543
3364, 7340
2587, 4536
662, 4173
2596, 9623
7556, 9468
2623, 7892
6114, 6939
5481, 9021
4920, 7496
2938, 4772
5791, 6225
2178, 6693
2553, 2743
2672, 8124
4927, 8207
915, 7613
3193, 9360
2691, 3924
4117, 5993
3708, 3722
2699, 9074
1374, 5540
4396, 9302
3784, 4653
3245, 4395
5081, 9847
1515, 3182
1487, 2736
2130, 2744
2745, 7746
1136, 6031
3288, 8837
3792, 8143
5654, 8408
4131, 5815
4400, 6605
8383, 9616
2351, 5383
2060, 7937
2779, 7425
2781, 9171
6020, 8401
4220, 9274
515, 2799
2816, 7977
2819, 9541
6899, 7518
2825, 6122
2876, 3409
3753, 8063
6476, 9250
7483, 9387
6302, 8276
2841, 5092
4112, 8462
3138, 6387
1726, 2857
3109, 9206
2863, 7859
2649, 9923
5019, 9043
4758, 7642
2563, 4488
5874, 6666
9641, 9980
2885, 5119
2892, 8373
4477, 9157
862, 6559
3966, 5418
2900, 3698
3300, 3585
6715, 8701
443, 3711
4576, 8923
3465, 6228
4934, 6365
2924, 6509
1056, 2935
2358, 9860
210, 5426
2947, 3183
2629, 4856
2676, 3397
3303, 8287
8120, 9007
9293, 9990
2981, 4535
2987, 4997
8328, 9222
163, 336
5117, 8255
8813, 9357
3003, 4259
3013, 3527
3599, 6720
3021, 9910
3009, 4691
2624, 3024
1595, 9114
1034, 3028
5114, 9903
3038, 5142
3043, 6808
1743, 5619
7118, 8712
320, 3149
5403, 6661
3986, 4576
3060, 6183
3064, 6246
5307, 8601
8765, 9516
2107, 6889
578, 8552
8433, 9011
6121, 6334
3085, 6921
6682, 9730
962, 4377
6615, 8973
951, 5129
3092, 7246
5388, 8463
3108, 3483
4377, 8717
2385, 3110
890, 3112
1450, 9046
5831, 7119
4140, 6406
1451, 8568
3123, 9499
6344, 7754
585, 3146
1763, 2001
5892, 9331
133, 3152
734, 3153
9302, 9622
4216, 9440
1082, 3159
5184, 7735
5970, 7029
2555, 9346
1803, 3165
4064, 8023
6663, 8019
2874, 3178
16, 9023
3184, 6069
3185, 6950
5452, 9574
1631, 2637
1004, 3201
3533, 3700
3438, 9479
3456, 6916
4981, 8019
2138, 3163
6113, 6706
5974, 9541
3236, 6708
3243, 5232
3247, 6490
5200, 7152
3249, 3694
3457, 9044
2716, 9644
4160, 8907
1229, 1668
4045, 7350
7701, 9495
4091, 8172
3267, 9382
327, 3269
7636, 8828
3273, 3691
1809, 3141
165, 9539
910, 3295
5298, 7833
8466, 9758
8739, 9361
4287, 7421
7394, 9546
5886, 9571
3326, 4685
2889, 9463
804, 3338
4306, 8352
881, 3790
41, 3255
3353, 8703
5737, 9556
1667, 8700
3370, 9384
2289, 9830
5138, 9799
3170, 9462
3392, 6657
3303, 7927
5346, 5695
6187, 8648
5192, 5906
357, 8723
3592, 6138
5267, 7476
3439, 4609
3443, 7931
8099, 8588
2014, 8006
5123, 7533
3465, 8860
2280, 8082
3937, 4149
3473, 8057
240, 8221
6074, 7542
7011, 8154
1134, 8171
345, 3492
6184, 9580
81, 3497
31, 3546
1350, 3551
268, 3502
1947, 8281
4128, 9606
3507, 7692
7974, 8948
6109, 6807
3917, 6362
2730, 3531
3534, 4550
3548, 3929
4834, 7503
4407, 9904
3816, 6825
3562, 5408
3564, 5268
2067, 9128
5885, 7872
5075, 8528
3574, 9759
4658, 8062
3580, 6352
4490, 8584
2380, 6410
1131, 4262
3591, 4489
3904, 3912
1526, 5591
601, 5363
6368, 7551
3793, 4971
161, 4087
2012, 3637
6299, 8967
5999, 9627
4255, 9194
647, 7783
3669, 6119
3671, 5044
4074, 5595
4441, 8658
4796, 5511
1296, 3690
2917, 3109
3697, 4860
4125, 4132
1235, 5004
1850, 5613
4570, 8959
3733, 5992
127, 5752
4502, 6922
3742, 4224
5009, 5056
3749, 7062
9344, 9358
740, 9323
5001, 5642
4941, 7623
5190, 8533
3892, 7439
2663, 3779
2857, 8525
8743, 9569
1388, 8263
5290, 9424
2782, 4950
3800, 6966
3808, 8010
6263, 7084
3815, 4791
3818, 3890
4345, 8609
3569, 7653
1299, 5751
3301, 9195
3869, 7518
4300, 6532
3883, 8941
4979, 6424
8420, 9102
3187, 6949
281, 8039
6993, 8360
3938, 8866
2732, 3952
4044, 9501
3564, 4466
3460, 3964
2805, 8440
3980, 9178
2351, 9788
2715, 9152
4522, 5238
7271, 9098
5125, 8404
7138, 9416
4022, 6432
4624, 5648
416, 6582
2095, 7608
6724, 8266
6576, 9994
434, 8564
4578, 7410
8229, 9766
1408, 9492
5346, 6621
3166, 4303
1886, 6298
900, 4018
4712, 5045
7382, 8025
5394, 6218
9505, 9529
5606, 8882
4110, 9310
898, 2339
6107, 6195
5323, 9008
4127, 8299
6508, 7620
240, 8377
4138, 7358
7581, 9630
3544, 8605
590, 4750
3826, 6601
7094, 7417
1309, 6212
79, 6762
7479, 8639
3877, 5248
4214, 7136
7376, 9649
4219, 5441
954, 6995
1772, 4239
1701, 2572
7405, 7600
3886, 9896
2009, 5726
1088, 4963
6695, 6741
6289, 9271
8763, 9795
6066, 8655
7278, 9472
6052, 8896
4313, 5918
3520, 6136
1303, 4327
4329, 9888
2816, 6076
6242, 8511
3186, 4339
4526, 6431
4352, 5305
4353, 6718
3325, 4355
4162, 7052
3983, 4376
1817, 4382
3421, 4387
4389, 9175
3203, 4392
4403, 5732
2826, 5808
831, 4418
5822, 7634
4423, 8289
4429, 6115
5695, 6638
4198, 4431
1608, 4834
4442, 8750
5780, 8299
2450, 3788
8926, 9391
7469, 7669
3650, 5003
2084, 9237
3388, 8355
933, 5111
176, 4510
4523, 7157
4528, 7518
4537, 9736
228, 8446
2887, 7092
5209, 9944
1011, 5320
8959, 9886
3873, 7249
4582, 6944
1574, 7883
7255, 9255
4592, 7589
5939, 7818
4605, 6883
3879, 4610
4843, 9220
1399, 9805
225, 6656
4700, 6176
2471, 4660
4675, 6451
2559, 4676
105, 4677
4703, 5898
3561, 9393
1506, 4707
4404, 8674
4869, 6508
309, 5707
764, 6753
1251, 4740
4741, 7639
5546, 6091
602, 3659
1343, 6977
770, 5816
3698, 5183
4793, 5975
4807, 5344
6085, 9698
4266, 4816
2297, 5390
4827, 7618
4007, 9525
3205, 4831
174, 4810
4516, 9108
4191, 4852
9024, 9804
4857, 8234
3827, 9138
7109, 9932
4876, 7771
4903, 5848
4914, 8310
4917, 5435
536, 4956
4536, 9506
1225, 9620
3410, 4966
5914, 8716
2060, 9377
4998, 6020
6371, 8804
1529, 6781
2053, 5372
8941, 9069
4997, 7000
5031, 9100
6063, 9868
5298, 9913
3659, 5047
1463, 7064
4542, 5051
5053, 9859
13, 3149
5055, 6517
2383, 3905
1058, 5084
5085, 5612
2816, 3342
4796, 7160
1267, 5097
4865, 5099
5101, 7442
5102, 6589
9337, 9775
5161, 6351
2598, 5113
5139, 9457
423, 5414
5128, 8087
5130, 5394
7494, 7699
3179, 5146
3862, 5516
1098, 5170
5175, 9001
5937, 9184
2666, 7353
2097, 9281
1390, 3652
6104, 9358
4077, 7522
6662, 8914
661, 6586
4384, 5240
7056, 8864
1721, 5247
5261, 7505
5264, 8026
4112, 5283
6969, 7066
72, 9024
2890, 7322
6043, 8295
1860, 9217
1239, 9782
4859, 6048
1295, 5354
1131, 5364
4184, 5373
7636, 8759
2649, 4255
5379, 9689
618, 5382
9302, 9913
6136, 7708
5065, 5405
8376, 9308
8091, 8686
5436, 8433
4979, 7113
7244, 9777
74, 5457
3481, 8601
7212, 7222
5464, 7955
6286, 7132
5487, 7836
5967, 8355
5494, 8634
5616, 6160
3415, 9136
628, 8195
7358, 9858
5453, 7922
5648, 5977
4225, 9859
6183, 9528
5577, 6974
128, 2863
183, 5622
8489, 9249
3410, 5631
5796, 9577
888, 2569
4727, 7582
3464, 9482
1453, 5662
7157, 7206
4753, 9139
3102, 8724
4055, 6387
4187, 5694
6726, 7553
5699, 8056
3124, 6732
841, 2118
1135, 7004
3496, 9912
6096, 6390
9509, 9658
5741, 9632
5744, 7972
1832, 5749
4843, 9004
674, 6252
6202, 7617
5765, 7637
5985, 9368
1011, 7970
7365, 8771
69, 5825
5827, 8274
5155, 5829
2214, 5836
4421, 5839
1685, 9368
5833, 9591
6272, 9908
2856, 6261
5325, 6215
1240, 4452
6008, 8634
1972, 9203
5918, 7892
7089, 7526
1698, 2501
6084, 7265
3715, 5952
8084, 9913
5171, 6687
5322, 6054
8216, 9671
6022, 7571
325, 6028
6030, 8660
745, 6046
3737, 9914
2236, 2641
4465, 6104
5104, 6125
8849, 8977
3411, 7332
8833, 9036
6854, 7915
6386, 9616
3601, 8587
5714, 6306
2552, 6309
5759, 8434
6320, 7946
6222, 8715
7092, 7820
2337, 6341
5708, 9223
4819, 6414
7654, 7865
4242, 8676
6464, 7775
8306, 8893
4313, 6536
5014, 7377
5557, 8523
3314, 6574
3300, 6581
6585, 7972
7458, 9256
6607, 7248
6554, 6611
9170, 9389
5587, 6632
3474, 8331
2444, 8601
3210, 7250
6869, 7531
4430, 8810
4082, 9200
1946, 8937
9619, 9884
3974, 9879
6769, 8531
473, 6792
6815, 9602
2111, 6824
7439, 7852
1099, 8429
5362, 8491
6866, 8149
6498, 6880
1272, 6893
5232, 8798
1803, 9920
6844, 7026
9194, 9378
9637, 9669
2553, 7346
2748, 7635
7532, 9626
5742, 6982
3659, 6983
72, 6985
594, 5384
7036, 9531
5894, 6215
4598, 7060
7814, 9852
4334, 7881
30, 7081
3699, 7106
8002, 9613
3311, 9264
4260, 6083
416, 5828
6209, 7984
2028, 7395
7331, 7505
865, 7334
6529, 7391
4506, 6334
2849, 7846
2408, 7471
7490, 9968
7229, 7833
720, 7904
6923, 7560
431, 8484
3530, 9958
1651, 9373
1559, 9810
701, 8690
6787, 7632
8215, 9743
3102, 8821
6288, 9720
4363, 7797
5642, 9020
1754, 7893
1455, 8888
7959, 8016
1873, 7995
7841, 9508
2958, 8029
3615, 9088
4395, 8742
7691, 9947
5388, 8812
97, 8269
807, 8285
6779, 9968
6048, 8857
3624, 9205
7955, 8353
1107, 7648
2012, 8545
8682, 9371
4990, 9651
749, 8843
3048, 7791
1564, 8875
7653, 8960
1702, 9727
7928, 9123
9266, 9815
8493, 9326
7045, 9435
5574, 7341
702, 4104
3991, 7170
1506, 4648
3277, 8283
4647, 5890
30, 1245
42, 7950
1023, 3333
2289, 8570
9262, 9660
55, 7833
1978, 9916
4529, 5664
2973, 8259
6736, 7731
1753, 7196
5238, 9556
4178, 8973
7247, 9309
7316, 7369
2623, 6579
7388, 8341
83, 7713
3923, 6397
2712, 6317
2598, 6040
6057, 7711
2961, 3438
1030, 3233
1120, 3605
64, 1378
1216, 4559
3296, 8629
684, 7945
3752, 8168
3488, 6851
2695, 2997
957, 4463
8362, 9697
4405, 6714
7151, 8614
2983, 6158
4939, 9339
2296, 9254
2357, 9657
180, 7058
6856, 9474
1866, 3386
274, 496
5107, 6495
2568, 9409
2364, 6399
6564, 9662
4746, 8511
579, 6493
1687, 3395
4280, 6963
751, 9609
5044, 8741
532, 7210
6090, 7826
918, 9757
1185, 1637
826, 4379
2192, 4641
2788, 3411
5186, 9234
7352, 7613
5785, 7428
6146, 8957
1365, 5388
248, 265
299, 7831
282, 627
5019, 8584
3244, 9303
6261, 6766
3161, 6883
5565, 6872
498, 8373
5433, 7637
9119, 9536
3196, 9384
337, 6797
607, 9730
2095, 7309
2874, 8163
1759, 8282
5831, 8211
28, 7225
4135, 8664
606, 8828
6457, 7263
2694, 4293
3585, 7204
5330, 6629
2863, 5832
142, 4686
6836, 8490
2414, 3480
2405, 2670
5062, 9443
1389, 1506
2948, 5619
2064, 5663
2824, 3230
1330, 8134
1921, 5587
929, 6384
6832, 9675
1891, 5643
4163, 6515
713, 1666
1229, 5885
3461, 7621
1615, 3317
9258, 9365
924, 7439
1411, 7291
4829, 7508
2471, 6621
1067, 4572
28, 5309
3558, 7069
473, 6751
104, 3347
536, 3963
6695, 8938
5413, 8131
3870, 4388
6391, 8162
2507, 8384
5258, 7976
618, 1587
1313, 5954
2592, 3939
6397, 6423
1641, 3785
4910, 9004
2526, 2720
1803, 3393
2192, 3198
1744, 3552
7121, 8175
1547, 4940
2265, 6007
4474, 4491
587, 1945
3597, 7603
1816, 7057
458, 5689
609, 1448
3956, 4026
1307, 7413
6038, 6474
1579, 8722
1890, 9544
5640, 6661
2843, 6343
1812, 3683
651, 5753
4786, 7464
6184, 9998
658, 7626
2641, 3772
4855, 7292
566, 5607
482, 701
1253, 3279
1324, 4962
1184, 9240
758, 6453
552, 2869
2076, 7029
984, 9397
2238, 5194
1442, 6436
3050, 9933
1266, 2171
498, 6983
812, 1151
4801, 8981
2193, 5410
568, 8321
3940, 7322
1368, 4483
1464, 3004
850, 7626
7775, 7811
1939, 2926
281, 8698
2040, 4613
7353, 9726
2882, 6472
880, 4222
193, 9439
2527, 5883
1881, 7169
1189, 5309
2836, 8125
8220, 9980
7104, 8182
959, 5200
6519, 6598
6055, 6515
5262, 7929
1000, 3300
3920, 9127
4131, 7953
4918, 7880
4361, 9686
4044, 8848
4512, 7752
2410, 3766
6258, 7355
4347, 5680
8919, 8931
3364, 6434
4466, 5007
657, 9506
4007, 4401
6346, 9870
446, 9292
3027, 4351
1840, 8220
5446, 6319
1157, 7214
1167, 8681
3915, 4064
1568, 1891
757, 6817
4292, 8477
1980, 7618
4694, 7085
15, 9865
1172, 6071
3011, 7819
3483, 8273
1274, 6994
3924, 4111
3597, 8375
2886, 3764
1276, 7139
2561, 3634
324, 5119
3397, 9831
3857, 8969
3515, 9684
4436, 5802
2279, 3188
707, 8246
4804, 9202
1136, 2774
6986, 8915
4980, 9349
392, 4269
3743, 7467
1397, 3379
4416, 8469
3360, 9872
1085, 7477
7745, 9827
7304, 8758
524, 7216
5089, 5745
8094, 8804
1118, 1466
2035, 2337
1042, 2499
8172, 8307
2664, 8093
3688, 6208
6339, 9619
3191, 4948
4015, 7100
1616, 4218
1700, 8976
4873, 6854
9009, 9383
4366, 7140
2327, 6830
6512, 7237
2399, 9606
2692, 5328
1607, 2370
5963, 7958
6165, 6963
3295, 9453
1844, 7342
1552, 8026
5731, 8315
3578, 4073
5505, 5608
3945, 9163
1394, 6182
1806, 3517
2073, 3062
444, 7323
5565, 6038
8707, 9702
2639, 4432
889, 4081
6000, 7011
7384, 9011
3329, 7748
3312, 7624
5715, 9993
4492, 9096
3917, 9430
7067, 8032
3265, 7247
152, 5563
1977, 4717
6508, 8716
2157, 8550
5228, 8605
121, 6420
1735, 4387
2838, 3683
5469, 9219
8711, 9332
1245, 9166
336, 8047
2308, 6095
3450, 3765
2484, 5970
1184, 6313
5169, 6608
5887, 6191
9273, 9963
6513, 9258
5270, 6113
1242, 9670
7838, 9097
2657, 5554
604, 4982
5980, 6733
3271, 4850
1644, 5688
5425, 6931
8475, 9573
3534, 4576
4772, 5748
4114, 9861
1315, 7348
3068, 5115
7545, 8829
996, 4774
5773, 7939
3792, 7432
5953, 9616
34, 3085
3099, 3792
2689, 7857
2328, 3436
2910, 7302
3050, 6946
5364, 7023
3475, 5435
524, 3734
778, 4863
3114, 8579
1315, 9634
2386, 7223
6775, 7318
16, 2314
681, 6533
5196, 7866
5621, 6662
3925, 4160
3648, 6766
7512, 7940
6391, 9986
1348, 3378
3170, 9623
618, 1943
4046, 4609
1796, 8588
928, 1299
3036, 6895
5993, 8573
7800, 8904
1682, 1926
1044, 2996
7252, 9858
7965, 8027
5249, 6564
633, 9468
3358, 7980
5289, 8039
5340, 6854
552, 2580
2263, 8246
2887, 6205
5200, 6101
3291, 9826
259, 7565
7187, 8768
6549, 7824
3877, 8367
4602, 8299
1750, 8407
1611, 7255
3385, 7294
1726, 6176
2115, 6613
5822, 7631
3586, 5586
7889, 9517
2053, 5381
802, 6625
5547, 8549
2458, 3869
2604, 4552
721, 3025
5443, 6013
5506, 7183
1559, 7204
4155, 4696
1607, 9568
3536, 3757
5338, 8808
1896, 5965
2236, 2938
2238, 5693
5382, 6291
2855, 6982
7227, 8891
2372, 7287
154, 4583
4134, 9145
659, 4333
183, 661
41, 5401
1482, 4499
3961, 7196
818, 5936
1763, 4516
2289, 7945
6303, 7157
7404, 9726
8396, 8941
2712, 9865
9496, 9869
1660, 3784
5330, 6176
3119, 7861
2880, 8642
4727, 9662
1021, 8236
3019, 3667
4702, 5664
1243, 5344
211, 9861
4046, 4269
65, 6962
210, 542
2377, 8493
7135, 9182
2327, 4734
1866, 3015
592, 5826
3996, 8415
1921, 3853
2130, 7572
214, 4077
943, 8623
5643, 6184
2328, 9699
760, 2903
4798, 9154
1536, 5365
2343, 9114
6067, 6220
860, 2336
3362, 8384
364, 4187
5337, 7118
7255, 7494
1234, 8804
1168, 2890
1471, 4550
4222, 8332
3321, 9691
3615, 3695
924, 4491
3564, 7388
7051, 9058
5854, 8597
1910, 4725
5006, 6629
4977, 8400
1085, 5065
5389, 9630
557, 2563
5101, 8952
2819, 3776
2275, 5532
1931, 7187
9057, 9831
1272, 6384
3555, 7665
3346, 5511
2208, 8142
4464, 6172
2342, 3245
1728, 8841
4558, 8175
516, 3757
1315, 8851
537, 1839
2348, 2926
5769, 9424
4348, 9160
4036, 9567
7805, 9421
2087, 7774
2344, 3083
2885, 7880
1728, 9069
4300, 4947
7378, 8796
344, 8554
2047, 4495
7007, 8274
