1.363504
0, 955
1, 9699
2, 285
3, 9668
4, 3431
5, 9935
6, 4300
7, 6755
8, 9330
9, 66
10, 5434
11, 293
12, 4903
13, 3528
14, 5900
15, 5530
16, 6948
17, 620
18, 1892
19, 7544
20, 3548
21, 7614
22, 3824
23, 2326
24, 8993
25, 8867
26, 6630
27, 463
28, 4755
29, 127
30, 3352
31, 3628
32, 5889
33, 8376
34, 6698
35, 2334
36, 7369
37, 8448
38, 6064
39, 8847
40, 6574
41, 8640
42, 7925
43, 938
44, 373
45, 2497
46, 7316
47, 7636
48, 2064
49, 5647
50, 9797
51, 1517
52, 8904
53, 5659
54, 9538
55, 2571
56, 9693
57, 1622
58, 5762
59, 257
60, 1090
61, 4353
62, 618
63, 9409
64, 4351
65, 3270
67, 3869
68, 5283
69, 4270
70, 1983
71, 930
72, 199
73, 2122
74, 3936
75, 5006
76, 6964
77, 475
78, 1722
79, 6996
80, 4490
81, 6672
82, 6859
83, 117
84, 1754
85, 5734
86, 6275
87, 611
88, 8283
89, 1396
90, 8000
91, 1759
92, 3525
93, 7220
94, 1007
95, 3660
96, 9896
97, 2403
98, 7025
99, 3844
100, 8879
101, 8800
102, 8541
100, 103
104, 2405
105, 921
106, 1788
107, 3494
108, 6231
109, 6188
110, 4594
111, 5341
112, 6213
113, 6354
114, 4752
115, 2900
116, 1400
118, 851
119, 9332
120, 4528
121, 5926
122, 8395
123, 536
124, 7521
125, 8499
126, 7917
127, 9363
128, 2195
129, 2454
130, 1082
131, 8658
132, 914
133, 9869
134, 1861
135, 5836
136, 9183
137, 5669
138, 9908
139, 5448
140, 177
141, 5539
142, 4686
143, 5553
144, 3875
145, 1377
146, 6037
147, 1436
148, 1724
149, 9571
150, 458
151, 4480
152, 2477
153, 8435
154, 8537
155, 2994
156, 6126
157, 8016
158, 7587
159, 1621
160, 3860
161, 6733
162, 3687
163, 9909
164, 9026
165, 6719
166, 3496
167, 1505
168, 4481
169, 2050
170, 7124
171, 1191
172, 4337
110, 173
174, 7360
175, 6270
176, 1885
177, 6493
178, 2907
179, 8116
180, 9616
181, 9861
182, 1148
183, 1825
184, 7654
185, 990
186, 1341
187, 1053
188, 1319
189, 2923
190, 4401
191, 8353
192, 2794
193, 5882
194, 3080
195, 4954
196, 8698
197, 3020
198, 5882
200, 7133
201, 6844
202, 5835
203, 6245
204, 4235
205, 4763
206, 2483
207, 3250
208, 5491
209, 4124
210, 2603
211, 5535
212, 351
213, 8799
214, 2255
215, 1545
216, 6411
217, 5379
218, 7195
219, 6842
220, 1116
221, 4262
222, 7993
223, 282
224, 7910
225, 4725
226, 2860
227, 264
228, 9757
229, 8829
230, 1965
231, 7157
232, 3191
233, 9671
234, 1814
235, 7633
236, 6441
237, 8788
238, 5319
239, 6139
240, 448
241, 2672
242, 7881
243, 7921
244, 731
245, 3855
246, 4468
247, 5599
248, 6570
249, 2918
250, 9271
251, 3333
252, 7509
253, 4123
254, 2357
255, 6867
256, 2285
258, 9747
259, 720
260, 4968
261, 1593
262, 8009
263, 3388
265, 6425
266, 284
267, 6651
268, 9661
269, 5186
270, 6060
271, 9726
272, 2024
273, 6424
274, 361
275, 5562
276, 4707
277, 7485
278, 715
279, 1106
280, 761
281, 4196
283, 3287
284, 2287
286, 2096
287, 9827
288, 2178
289, 7887
290, 6567
291, 4588
292, 2226
293, 6706
294, 6583
295, 4626
296, 3677
297, 6514
298, 9680
299, 900
300, 8753
301, 6240
302, 1468
303, 9042
304, 1450
305, 4914
306, 6823
307, 6931
308, 8718
309, 5592
310, 7357
311, 1867
312, 2171
313, 467
314, 9739
315, 4848
316, 7403
317, 724
318, 2159
319, 2368
320, 2906
321, 8171
322, 951
323, 8949
324, 7841
325, 6243
326, 2267
327, 7692
328, 3981
329, 1772
330, 7893
331, 3465
332, 3163
333, 9677
334, 4815
335, 3901
336, 4751
337, 5015
338, 4876
339, 4725
340, 4635
341, 8352
342, 1631
343, 9780
344, 749
345, 4232
346, 1232
347, 1741
348, 2809
349, 3948
350, 3102
351, 9837
352, 889
353, 4408
354, 5946
355, 8458
356, 3734
357, 7130
358, 3116
359, 9697
360, 9531
36, 361
362, 9384
363, 1435
364, 9823
365, 8445
366, 6637
367, 7368
368, 1282
369, 1101
370, 6603
371, 6156
372, 2565
373, 9008
374, 4358
375, 519
376, 3409
377, 5765
378, 5347
379, 1328
380, 2590
381, 2931
382, 9432
383, 2344
384, 6745
385, 3222
386, 6248
387, 8102
388, 7064
389, 2767
390, 2968
391, 7029
392, 8232
393, 6173
394, 6078
395, 5332
396, 5319
397, 3715
398, 4016
399, 2253
400, 4010
401, 4454
402, 7070
403, 5095
404, 7415
405, 7659
406, 8879
407, 4485
408, 4029
409, 3380
410, 8607
411, 7558
412, 1790
413, 3062
414, 5690
415, 7556
416, 2872
417, 1974
418, 2154
419, 4319
420, 2435
421, 2838
422, 6662
423, 8173
424, 9055
425, 8225
426, 3599
427, 2208
428, 2421
429, 3469
430, 3613
431, 3000
432, 9946
433, 751
434, 2109
435, 5007
436, 938
437, 6187
438, 2007
439, 8089
440, 5062
441, 9933
442, 6480
443, 5917
444, 884
445, 8037
446, 486
447, 7521
449, 5963
450, 2453
451, 7453
452, 9759
453, 7196
454, 7137
455, 733
456, 2066
457, 7364
459, 753
460, 4830
461, 5711
462, 2117
464, 1152
465, 979
466, 6812
468, 2732
469, 5772
470, 5600
471, 1855
472, 1867
473, 6757
474, 2222
475, 2525
476, 7410
477, 5986
478, 7852
479, 8100
480, 5154
481, 5005
482, 2145
483, 7669
250, 484
485, 7146
486, 1388
487, 8538
488, 8102
489, 2276
490, 1239
491, 5661
492, 9088
493, 8652
494, 8576
495, 3528
496, 2315
497, 7578
498, 3439
499, 2729
500, 5729
501, 6041
502, 5769
503, 4366
504, 5569
505, 1974
506, 4391
507, 5909
508, 4663
509, 5028
510, 9596
511, 4525
512, 5132
513, 543
514, 4281
515, 4456
516, 1193
517, 1490
518, 5154
520, 5625
521, 6373
522, 9341
523, 3389
524, 3198
525, 3707
526, 7096
527, 8462
528, 2603
529, 9118
530, 3598
531, 1146
532, 8263
533, 9474
534, 9938
535, 991
537, 4444
538, 2235
539, 1854
108, 540
541, 4189
542, 948
543, 4230
544, 1604
545, 4550
546, 7375
547, 5576
548, 3974
549, 3313
550, 2774
551, 2203
321, 552
553, 7275
554, 4586
555, 1298
556, 9438
557, 7240
558, 3496
559, 2231
560, 5158
561, 7701
562, 5893
563, 3705
564, 3537
565, 8782
566, 8215
567, 4597
568, 6517
569, 9660
570, 4486
571, 8827
572, 6640
573, 7295
574, 5436
575, 4882
576, 8828
577, 2636
578, 6167
579, 6481
580, 4865
581, 7205
582, 5211
583, 4926
584, 9659
585, 8099
586, 1976
587, 6520
588, 3947
589, 8788
590, 5657
591, 4643
592, 4527
593, 7365
594, 5443
595, 7992
596, 3036
597, 7755
598, 3158
599, 5763
600, 9620
601, 4401
602, 3323
603, 802
604, 5272
605, 3109
606, 1520
607, 7913
608, 3391
609, 9604
610, 3182
174, 611
612, 2299
613, 1752
614, 7647
615, 5177
616, 7456
617, 6938
618, 3038
619, 6318
620, 6383
621, 5884
622, 3641
623, 9245
624, 9055
625, 5197
626, 5393
627, 7717
628, 9724
629, 4157
630, 9676
631, 7575
632, 4498
633, 7825
634, 5818
635, 9665
636, 9352
637, 2912
638, 921
639, 7439
640, 6638
641, 4069
642, 9462
643, 9915
644, 4714
645, 2830
646, 9160
647, 4767
648, 9212
649, 3998
650, 4902
651, 9366
652, 5203
653, 2267
654, 2023
655, 1189
656, 7520
657, 2373
658, 8414
659, 2321
297, 660
661, 9535
662, 3683
663, 3803
664, 9313
665, 4277
666, 2516
667, 9420
668, 9722
669, 6599
670, 5117
671, 1975
672, 6683
673, 5373
674, 3898
675, 6794
676, 3615
677, 8614
678, 6172
679, 4684
680, 6840
681, 4194
682, 4163
683, 1664
684, 2714
685, 6463
686, 4348
687, 5797
688, 3591
689, 4057
690, 9757
691, 7664
692, 8749
693, 7278
694, 1719
695, 8487
696, 6497
697, 3248
698, 3214
699, 4048
700, 5086
701, 7202
702, 9560
703, 6171
704, 5858
705, 2927
706, 6471
707, 5005
708, 9961
709, 3643
710, 9745
711, 1629
712, 2380
713, 6442
714, 7364
716, 3659
717, 2087
718, 8781
719, 4143
721, 3102
722, 4007
723, 9644
724, 5469
725, 4169
726, 3516
727, 7552
728, 9125
729, 4194
730, 6385
732, 4998
733, 3197
734, 3497
735, 3375
736, 5652
737, 4347
738, 4363
739, 4236
740, 2583
741, 1213
742, 7302
743, 4589
744, 7217
745, 9139
746, 5319
747, 9598
748, 8172
749, 1455
725, 750
752, 9013
754, 1961
117, 755
756, 2055
757, 6333
758, 819
759, 7084
760, 768
762, 9192
763, 3619
764, 5118
765, 1544
766, 2192
767, 6091
768, 1911
769, 1313
770, 6379
771, 6566
772, 1788
773, 4825
774, 6928
775, 2184
776, 5803
777, 5137
778, 2961
779, 3311
780, 8609
781, 2864
782, 5105
783, 6173
784, 3628
785, 894
786, 1042
787, 2033
788, 1585
789, 7941
790, 2978
791, 6309
792, 3054
793, 6265
794, 3140
795, 7943
796, 4267
797, 8925
798, 8368
799, 9549
800, 7336
801, 5681
803, 5608
804, 6772
256, 805
806, 8165
807, 9200
808, 1239
809, 1773
810, 9899
811, 8840
812, 9506
813, 1836
814, 9784
815, 4023
816, 6474
817, 8750
818, 7078
820, 967
821, 2019
822, 8338
823, 2228
824, 8034
825, 1607
826, 2602
827, 9258
828, 910
557, 829
830, 1849
831, 7377
832, 2221
833, 9471
834, 4979
835, 2787
836, 5861
837, 4896
838, 2387
839, 1152
840, 3710
841, 8379
782, 842
441, 843
844, 6409
845, 2054
846, 8963
847, 5856
848, 5383
849, 5021
850, 9498
851, 7330
852, 8621
853, 4101
854, 5571
855, 7271
856, 4535
857, 5256
858, 2642
567, 859
860, 5663
370, 861
862, 9347
863, 6503
864, 6606
865, 4260
284, 866
867, 5045
868, 4494
869, 7187
870, 4249
871, 7350
872, 2562
873, 7860
874, 1112
875, 3265
876, 2511
877, 5288
878, 9988
879, 8811
880, 8609
881, 1808
882, 5933
883, 1762
884, 1716
885, 4622
886, 6004
97, 887
888, 9308
890, 6773
891, 4191
892, 8449
893, 7873
894, 8758
895, 4797
896, 3322
897, 7532
898, 3276
899, 2197
901, 2000
693, 902
903, 1907
904, 4773
905, 9653
906, 9280
907, 2400
908, 8128
909, 2940
910, 4933
911, 7800
912, 4169
913, 2876
915, 6409
916, 7206
917, 1929
918, 6709
919, 6146
920, 8119
921, 9465
922, 6931
923, 5883
924, 8110
925, 3034
926, 5756
927, 3328
928, 2610
929, 6907
930, 3432
931, 1211
932, 7552
933, 3350
921, 934
935, 4328
936, 4534
937, 8989
938, 4692
939, 6033
643, 940
941, 7047
942, 9516
943, 6024
944, 4894
945, 2726
946, 9678
947, 1786
948, 3843
622, 949
950, 7614
951, 6073
952, 2159
953, 2003
954, 9476
956, 8775
957, 5923
779, 958
959, 3247
960, 9455
961, 4915
962, 1697
754, 963
964, 1902
965, 2607
966, 2232
968, 2712
969, 6654
634, 970
971, 6670
972, 5091
973, 1690
974, 1509
975, 2586
976, 4061
977, 1412
978, 4965
979, 3567
980, 5570
981, 7779
982, 1016
983, 5669
984, 2985
985, 1828
986, 8567
987, 8990
988, 8731
989, 7776
992, 6009
993, 6225
994, 6832
995, 1196
996, 4394
997, 4636
998, 5261
999, 8321
1000, 6249
1001, 1715
1002, 2077
1003, 7624
1004, 8357
1005, 2392
1006, 6488
1008, 1696
1009, 6955
1010, 6065
1011, 1101
1012, 6855
1013, 6983
1014, 5558
1015, 5230
1016, 9477
1017, 9598
1018, 6053
1019, 3701
1020, 7059
1021, 8590
1022, 6517
1023, 6176
1024, 3716
1025, 4587
1026, 8980
1027, 8024
1028, 1930
1029, 3224
1030, 9090
1031, 6968
1032, 4647
1033, 3280
1034, 3509
1035, 7862
1036, 5287
1037, 7521
1038, 2109
1039, 6402
1040, 4322
1041, 5968
1043, 1599
1044, 5062
1045, 1912
1046, 1462
1047, 2266
1048, 4429
1049, 2465
1050, 8857
1051, 2464
1052, 6813
1053, 7393
1054, 1645
1055, 4719
1056, 1602
1057, 3794
1058, 4809
1059, 4747
1060, 9448
1061, 3831
1062, 8494
1063, 8256
1064, 6144
1065, 5819
1066, 8556
1067, 7809
1068, 8003
1069, 6756
1070, 7426
1071, 1300
1072, 6048
1073, 2531
1074, 5535
1075, 7574
1076, 1522
1077, 6799
1078, 4014
1079, 1657
1080, 9241
1081, 4936
1083, 5034
1084, 2363
1085, 2318
1086, 6585
1087, 5368
1088, 2066
1089, 4659
1090, 6088
1091, 7453
930, 1092
1093, 9060
1094, 1190
1095, 6513
844, 1096
1097, 9582
1098, 5050
1099, 7862
1100, 8755
1101, 7032
1102, 9568
1103, 8306
1104, 3197
1105, 5146
1107, 8262
1108, 8475
1109, 7036
1110, 4464
1111, 8464
1112, 4769
1113, 4208
1114, 6605
1115, 1651
1117, 4499
1118, 8198
1119, 4677
1120, 8826
1121, 4540
1122, 3601
1123, 2716
1124, 5924
1125, 7692
144, 1126
1127, 1293
1128, 8747
1129, 6159
1130, 4578
1131, 4437
1132, 8603
1133, 1741
886, 1134
1135, 7640
1136, 5687
1137, 7938
1138, 4531
1139, 2327
1140, 8004
1141, 2159
1142, 9118
1143, 8349
1144, 5414
1145, 9170
1146, 9871
1147, 7667
1149, 3038
1150, 5778
1151, 9798
1153, 5985
1154, 4252
1092, 1155
1156, 3982
1157, 9774
612, 1158
1159, 6441
1160, 7148
1161, 7409
1162, 2612
1163, 6270
1164, 2500
1165, 3731
406, 1166
559, 1167
1168, 2522
1169, 5237
1170, 3716
1171, 9692
951, 1172
1173, 1487
1174, 6687
1175, 3750
1176, 9408
1177, 3699
1178, 8656
1179, 2420
1180, 4628
1181, 1953
1182, 9814
1183, 8637
1184, 3145
1185, 7753
1186, 8416
1187, 3089
1188, 7704
662, 1190
1191, 3711
1192, 9713
1194, 9564
1195, 2959
1197, 2558
1198, 7489
1199, 1624
1200, 4928
1201, 1558
1202, 6596
1203, 7903
1204, 6068
1205, 2160
1206, 4279
1207, 8480
1208, 3358
1209, 8662
1210, 2150
1211, 4378
1212, 9897
966, 1214
1215, 1513
1100, 1216
1217, 8653
1218, 5986
1219, 6071
1220, 8560
1221, 7654
1222, 2354
1223, 9429
1224, 5440
1225, 7885
1226, 2133
1227, 1987
1228, 6483
1229, 6079
1230, 8728
1231, 9103
1233, 9021
1234, 4654
1235, 2062
1236, 9835
1237, 4973
1238, 5630
1240, 8738
1241, 5613
1242, 6848
1243, 5360
1244, 6704
1245, 6306
1246, 3008
1247, 9635
1248, 7230
1249, 5679
1250, 2175
1251, 5005
1252, 2181
1253, 6912
1254, 9027
1255, 3771
1256, 3928
1257, 5166
1258, 3131
1259, 3519
1260, 1337
1261, 2796
1262, 8829
623, 1263
1264, 4373
1265, 5201
1266, 5993
1267, 9216
1268, 8585
1269, 4559
1270, 9289
1271, 7737
1272, 1617
1273, 6877
1274, 2238
1275, 5429
1276, 5703
1277, 7736
619, 1278
1279, 5442
1280, 5770
1281, 5135
1283, 2574
1284, 3864
133, 1285
1286, 4127
1287, 8073
1288, 6810
1289, 3266
1290, 7544
1291, 6783
1292, 7002
1294, 7271
1295, 3200
1296, 9523
1297, 3513
1298, 6515
1299, 5337
1301, 4378
1302, 1464
1303, 9924
1304, 1349
1305, 7883
1306, 1932
1307, 6495
1308, 7957
1309, 2844
1310, 4635
1311, 3505
1312, 2488
1314, 3841
1315, 1584
1316, 1374
1317, 9320
1318, 8072
1319, 6482
1320, 4099
1321, 8791
1322, 9413
1323, 3067
1324, 3631
1325, 4029
1326, 8413
1327, 3437
1329, 1443
1330, 2379
1331, 3135
1332, 1336
413, 1333
1334, 1851
1335, 7909
1338, 1887
1339, 3403
1340, 8132
1341, 9279
1342, 9557
1343, 2758
1344, 8402
1345, 5151
1346, 5265
1347, 8527
1348, 1791
844, 1350
1351, 7684
1352, 7588
1353, 9853
1354, 9326
1355, 1779
1356, 7062
1357, 5288
1358, 2272
1359, 9783
1360, 7842
1361, 9492
1362, 3460
1363, 9044
1364, 3991
1365, 9369
1366, 8865
1367, 9952
1368, 6268
1369, 4501
1370, 7747
1371, 4751
1372, 9268
1373, 5243
370, 1375
1376, 9278
1378, 3490
1379, 7796
1380, 4007
1381, 5499
1090, 1382
1383, 3165
1384, 3566
1385, 3520
1386, 5352
1387, 7232
1389, 2170
1390, 3832
1391, 2139
901, 1392
1393, 2177
1261, 1394
1395, 4710
1396, 1403
82, 1397
1398, 5927
1399, 8106
1401, 1760
1402, 8513
1404, 4626
1405, 9185
1243, 1406
1407, 5698
1408, 7394
1409, 3335
1410, 8191
1411, 2134
1413, 1419
1414, 9423
1415, 3599
1416, 6430
1417, 5268
1418, 8150
1419, 3233
1420, 8032
1421, 2270
1422, 5496
1423, 3157
1424, 2428
1425, 7507
1426, 2390
1427, 6379
1428, 9635
1429, 6588
1430, 2673
1431, 8190
1432, 8289
1433, 9542
1434, 8257
1436, 7674
1437, 9080
1438, 3372
1439, 7475
1440, 4074
1441, 8851
1442, 1543
1444, 2405
1445, 4208
1446, 9395
1417, 1447
1448, 4301
1449, 6548
1451, 4587
1452, 4444
1453, 6506
280, 1454
1455, 6459
1456, 5457
1457, 9266
1458, 1942
1459, 5325
1460, 5081
1461, 8163
1463, 3975
1465, 4542
1466, 8255
1467, 8394
1468, 8210
1469, 3723
1470, 4749
1471, 4237
1472, 5813
1473, 5738
1474, 4767
1475, 9183
1476, 7148
1477, 7565
1478, 7557
1439, 1479
1480, 8520
1481, 8528
1482, 2127
425, 1483
1484, 7406
1485, 5052
1486, 8699
650, 1488
1489, 2446
1490, 8198
1491, 6293
1492, 3154
296, 1493
1494, 4985
1495, 5457
1496, 1911
1497, 8244
1498, 2268
1499, 4666
1500, 2125
1501, 9200
219, 1502
1503, 4525
1504, 7791
1506, 5381
1507, 1936
1508, 7428
1510, 1928
1511, 6190
1512, 6350
1514, 5322
1515, 8055
1516, 9277
1517, 4143
1518, 9840
1519, 1784
1520, 8085
1521, 6217
1522, 8851
1523, 5363
1524, 2018
1525, 7336
1526, 6197
1527, 7394
1528, 7696
1529, 7397
1530, 4418
1531, 1934
1532, 8098
1533, 3206
1534, 4662
1535, 9402
1536, 5688
1537, 8313
1538, 7109
1539, 6237
1540, 2032
1541, 3409
1542, 4875
1543, 6790
1546, 6964
1547, 9476
1548, 8110
1549, 4734
1550, 2359
1551, 6468
1552, 8551
1553, 2524
1554, 3369
1555, 8443
1556, 9272
1557, 4064
1559, 7338
1560, 7106
1360, 1561
1562, 3022
1563, 2046
1564, 8422
1565, 5900
23, 1566
1567, 9037
1568, 8967
1569, 9902
1570, 8921
1571, 4817
1572, 9409
1573, 8680
1574, 2876
1575, 3321
1576, 8170
1577, 7157
1578, 4704
1579, 6990
1580, 8302
1581, 1970
1582, 3967
1583, 6153
549, 1586
1587, 8012
1588, 4117
1589, 5173
1590, 3391
1591, 7247
148, 1592
1594, 7890
1595, 5118
1596, 6798
1597, 2896
1598, 8347
1599, 6655
1600, 7801
1601, 3067
1571, 1602
1603, 9373
1605, 2856
1606, 4655
1607, 5199
1608, 2119
1609, 4463
1610, 3714
1611, 8604
36, 1612
1613, 6039
1614, 5013
1615, 4171
1616, 9251
1617, 8026
1618, 6643
1619, 9203
1620, 2305
1622, 4762
1623, 9952
1625, 6837
1626, 2046
1627, 1753
1628, 6002
1630, 7261
1632, 9393
1633, 7268
1634, 4307
1007, 1635
1636, 3670
1637, 4088
1638, 5568
1639, 8578
1640, 3584
1641, 6988
1642, 6581
1643, 8046
878, 1644
1646, 4015
1647, 6262
1648, 6542
1649, 5240
1650, 7514
1652, 6159
1653, 3729
1654, 3356
163, 1655
1612, 1656
80, 1658
1659, 9175
1660, 5294
1661, 6693
1662, 6653
1663, 3611
1665, 1844
1666, 8640
1667, 7741
1668, 9398
1669, 8880
1670, 3824
1671, 2717
424, 1672
1673, 2216
1674, 3992
1675, 8075
1676, 9485
1677, 5656
1678, 5975
903, 1679
1680, 6184
1681, 2304
1682, 4113
1683, 5564
1684, 9064
1685, 6562
1686, 3941
1687, 6148
1688, 2067
1210, 1689
1691, 9707
1692, 7094
1693, 8494
1694, 2916
1695, 9989
1697, 3186
1698, 8487
1699, 2706
1700, 5057
1701, 5706
1702, 7232
1703, 6568
1704, 9583
1705, 4803
1706, 1868
1707, 5659
1708, 8969
1709, 8044
1710, 9923
182, 1711
1712, 8690
1713, 7341
1714, 9414
1715, 3208
1716, 3415
1717, 6867
1718, 5018
1719, 9402
1720, 2020
1721, 4934
1723, 4873
1725, 3432
1726, 6751
1727, 7555
1728, 6363
1729, 2306
1730, 2523
1731, 8807
1732, 7689
1733, 6476
1734, 3737
1735, 4914
1736, 3571
1737, 6987
1738, 6551
1739, 4499
1740, 9807
1741, 6039
1742, 6319
1743, 4811
1744, 3303
1745, 7281
1746, 8300
1747, 7400
1748, 3282
1749, 5697
1750, 6078
1751, 5631
1752, 4295
1753, 6920
1754, 6240
1755, 9846
1756, 2108
258, 1757
1758, 6523
1759, 5968
1760, 8847
1761, 9725
1763, 2089
1764, 7821
1765, 2233
1766, 7486
1086, 1767
1768, 2868
1769, 2613
1770, 9588
1771, 4275
1773, 2958
235, 1774
1775, 7995
1776, 2289
1777, 3041
1778, 8090
1780, 4174
1781, 2957
1782, 8588
534, 1783
1785, 8047
1787, 3579
1789, 2792
1790, 7137
1791, 3912
1792, 9341
1793, 2421
1794, 5024
1795, 3945
1796, 7441
1797, 5563
1798, 9146
1799, 9844
1800, 7281
1801, 6835
1802, 9389
1803, 2450
1804, 8212
1805, 3968
1806, 9975
1807, 5957
1809, 9160
1810, 2418
1811, 1983
1170, 1812
1813, 5779
1814, 7532
1815, 3762
1816, 5730
1817, 2397
1009, 1818
1819, 5522
1820, 5167
1821, 9362
1822, 8406
1823, 9805
1824, 7175
1825, 3530
1826, 4214
1827, 1918
1829, 5455
1259, 1830
1831, 5166
1832, 8110
1833, 3286
1834, 2666
1835, 2605
1836, 2375
1837, 6529
1838, 3547
1839, 2938
1840, 8256
1841, 4176
1842, 5416
1843, 9808
1845, 6277
1846, 9380
1847, 6899
1848, 5954
1849, 6565
1850, 2138
1851, 4629
1852, 4700
1853, 2880
1855, 5228
1852, 1856
1857, 4675
1487, 1858
1859, 9391
283, 1860
1861, 5474
1862, 2974
1863, 3282
1864, 7834
1865, 5622
1866, 9543
1869, 6108
1870, 6780
1871, 8426
1872, 6623
1873, 3920
1874, 7778
1875, 5555
1876, 8264
1877, 6146
1878, 5572
1879, 5744
1880, 2518
1881, 3113
1882, 3335
1883, 6106
1884, 9122
1885, 3268
1886, 9063
1887, 9227
1888, 9014
1889, 3851
1890, 4116
1891, 5006
1893, 7185
1348, 1894
1895, 3875
1896, 5280
1897, 3978
1898, 9658
44, 1899
1900, 8206
1901, 3579
1902, 9117
1903, 7617
1904, 5386
1905, 7178
1906, 1929
102, 1908
1909, 2998
1910, 4291
1912, 3725
1913, 2959
1914, 7745
1915, 4132
1916, 5363
1917, 3399
1919, 4089
1920, 8125
1921, 4172
1922, 6901
1923, 7091
1924, 8134
1925, 6254
1926, 2103
1927, 4316
1930, 3686
1931, 4207
1933, 9234
1934, 4131
1935, 5467
1668, 1937
1252, 1938
1939, 6266
617, 1940
1941, 7085
1942, 5037
1943, 3894
1944, 4962
1945, 7663
1946, 5645
1947, 2508
1948, 4203
1732, 1949
1950, 4027
1951, 6895
321, 1952
1953, 6738
1954, 1980
1955, 6607
1956, 5205
1957, 4977
1958, 8311
25, 1959
1960, 2255
1962, 5041
1963, 1987
1964, 5917
1965, 3566
1410, 1966
1766, 1967
1968, 2742
1969, 4767
1970, 4030
1971, 5374
1972, 3957
1973, 4193
1974, 8184
1977, 7461
1978, 3740
1979, 4360
1981, 9110
1982, 8967
1984, 2911
1985, 6721
1423, 1986
1987, 3549
1988, 8260
1989, 6920
1990, 3311
1991, 6404
1992, 8653
1993, 8313
1994, 5121
1995, 2897
1996, 9629
1997, 4129
1998, 5035
1999, 2285
2001, 2125
2002, 8474
1002, 2004
2005, 2621
2006, 8418
2007, 9885
2008, 8834
2009, 6699
2010, 3166
2011, 5068
2012, 9800
2013, 5855
2014, 4275
2015, 3098
2016, 9830
2017, 3999
2018, 8661
2019, 4495
2020, 3530
2021, 7345
2022, 4785
2023, 2175
2025, 2525
2026, 4893
2027, 3529
2028, 2330
923, 2029
2030, 2819
2031, 7143
2032, 8345
2033, 3352
1615, 2034
2035, 8803
2036, 6990
2037, 7487
1909, 2038
2039, 6534
2040, 8556
2041, 3782
2042, 9264
752, 2043
2044, 7990
2045, 2639
2047, 8514
2048, 4675
2049, 8346
2051, 8257
389, 2052
2053, 5019
2054, 5943
2056, 3265
728, 2057
1142, 2058
2059, 9910
2060, 8069
2061, 9724
2062, 9457
2063, 4083
2064, 4577
2065, 7576
2066, 7888
2068, 8580
2069, 3964
2070, 7329
2071, 7926
45, 2072
2073, 4398
2074, 9554
2075, 3154
2076, 4899
2078, 5817
2079, 4444
2080, 5067
2081, 8986
2082, 3708
2083, 9852
2084, 9353
2085, 3670
2086, 2877
2087, 2973
2088, 3642
2090, 3742
2091, 4231
2092, 8046
2093, 7256
1265, 2094
2095, 6256
2096, 9820
2097, 9549
2098, 7232
2099, 6557
2100, 7690
2101, 5678
2102, 6103
2103, 2492
2104, 7379
515, 2105
2106, 8919
960, 2107
2108, 6241
2110, 3215
2111, 8154
2112, 4836
2113, 5124
2114, 5725
2115, 7109
980, 2116
2118, 5197
2120, 8340
2121, 9960
2122, 3575
2123, 5977
2124, 8452
2126, 7030
2127, 4047
2128, 9596
2129, 6967
2130, 2917
2131, 4518
2132, 4744
2133, 2677
2134, 7226
2135, 6972
2136, 3638
2137, 2193
2138, 5588
2139, 6082
2140, 5713
2141, 4294
2142, 2209
2143, 7655
2144, 7596
2145, 5135
2146, 8126
2147, 4344
2148, 6299
2149, 3958
2151, 5458
2152, 9160
2153, 9109
2154, 5692
2155, 9555
2156, 3445
2157, 9357
2158, 5088
28, 2161
2162, 6185
2163, 7898
2164, 7060
2165, 6307
2166, 5904
2167, 6707
2168, 2674
2169, 6142
2170, 8287
2171, 7390
2172, 7827
2173, 3614
2174, 6566
2176, 9155
2179, 5943
2180, 7755
2182, 4082
1934, 2183
2185, 9301
2186, 6706
2187, 4538
2188, 9904
2189, 2517
2190, 8404
2191, 3533
2194, 5374
2195, 7138
2196, 4170
2198, 6337
2199, 7462
2200, 8177
2201, 4952
1084, 2202
2204, 5617
1728, 2205
2206, 3739
2207, 8188
2210, 3619
2211, 3909
2212, 7146
1073, 2213
2214, 4196
2215, 9365
2217, 7110
108, 2218
2219, 3811
883, 2220
2221, 9183
2223, 9398
2224, 5522
2225, 4218
2226, 9642
2227, 6075
2229, 2542
2230, 5773
2233, 4469
2234, 6830
2236, 2347
2237, 8469
2238, 3964
2239, 6598
2240, 2897
2241, 8933
1381, 2242
2243, 8803
2244, 5115
2245, 7340
2246, 7600
2247, 9081
2248, 9768
2249, 3579
1733, 2250
2251, 4027
2252, 8843
2254, 6535
1229, 2255
86, 2256
2257, 4673
2258, 2844
2259, 8282
2260, 8921
2261, 6623
2262, 7221
2263, 8954
2264, 2360
2265, 7312
2266, 3836
2267, 6960
2268, 4373
2269, 4971
2271, 7961
2272, 6697
2273, 4476
2274, 3789
2275, 4680
2276, 5658
2277, 8847
2278, 7595
2279, 3638
2280, 6822
2281, 6963
2282, 7503
2283, 7270
2284, 8254
2285, 6863
1652, 2286
2288, 3487
2290, 8538
2291, 9131
2292, 5016
2293, 4481
2294, 7092
2295, 8070
1860, 2296
2297, 7883
2298, 3664
2300, 3228
2301, 9390
2302, 9510
2303, 8895
2304, 8243
2305, 7011
2307, 3754
2308, 4735
2309, 3012
2310, 7675
2311, 7887
2312, 3243
2313, 9164
2314, 7905
1673, 2315
2316, 2593
2317, 4664
2318, 4118
2319, 9106
2320, 3315
2322, 3863
612, 2323
2324, 8727
2325, 8880
2327, 4472
524, 2328
2329, 2923
428, 2330
857, 2331
2332, 5972
2333, 4055
2335, 3745
2336, 3083
2337, 7494
1289, 2338
2339, 2459
1687, 2340
2341, 7710
2342, 4108
2343, 3948
2344, 9266
1836, 2345
2346, 6873
2347, 9260
2348, 3805
2349, 5763
2350, 5985
2351, 6786
779, 2352
2353, 6224
2354, 5572
2355, 5452
2356, 4231
2357, 5694
2358, 2414
2361, 6676
2362, 6866
2068, 2364
2365, 5776
2366, 6036
2367, 6397
2368, 8098
2369, 8135
2370, 3051
1509, 2371
2372, 4421
305, 2373
2374, 2779
2376, 6685
2377, 4871
2378, 5244
2380, 2807
2381, 8720
2382, 3669
2383, 7129
2384, 6619
2385, 3240
2288, 2386
2388, 6020
2389, 8065
2390, 2623
2391, 5998
2393, 5990
2394, 7625
2395, 7007
2396, 3538
2397, 4346
2398, 4071
2399, 3202
2401, 5301
2402, 2804
2404, 5745
2406, 6880
2407, 4231
2408, 5474
2409, 9995
1260, 2410
2411, 9652
2412, 3436
2413, 3116
1436, 2415
2416, 4309
339, 2417
2419, 6317
2422, 8660
2423, 6605
2424, 5535
2425, 8159
1489, 2426
2427, 7144
2428, 9153
2429, 9470
2430, 8565
2431, 8412
2432, 5904
2433, 6527
2434, 3036
2436, 2443
2437, 6371
2438, 9011
2439, 7643
2440, 3159
2441, 3452
2442, 5153
2443, 5717
2397, 2444
2445, 6618
2447, 8735
2448, 4107
2449, 9297
2451, 4014
2452, 6897
2455, 8134
2456, 8846
2457, 9911
2458, 8945
2460, 3280
2461, 6211
2462, 2546
2463, 2532
2464, 5635
2466, 6490
168, 2467
2468, 7458
2469, 8794
2470, 9873
2471, 6596
2472, 5113
2473, 5244
2474, 2871
2475, 3136
2062, 2476
2478, 7579
2479, 6832
1760, 2480
1833, 2481
154, 2482
2483, 4336
2484, 5174
2485, 3338
2486, 8307
2487, 2737
546, 2488
2489, 4938
2490, 3505
2491, 2577
1304, 2492
417, 2493
2494, 4019
2495, 8815
2496, 2817
2497, 7672
2498, 7153
2499, 6731
2501, 8488
28, 2502
2503, 4579
2504, 7599
2505, 2840
2506, 5508
2507, 5465
2509, 3712
2510, 9031
2512, 8707
2513, 9620
2514, 5489
2089, 2515
2518, 4936
2519, 7092
2520, 6661
2521, 7207
2522, 7217
2526, 9143
2527, 8760
2528, 7778
2529, 9418
2530, 3237
2533, 3805
2534, 2696
2535, 2864
2536, 7759
436, 2537
2538, 2968
642, 2539
2540, 2690
2541, 9419
2543, 8137
2544, 8395
2545, 3977
2546, 5784
2547, 7569
2548, 9729
2549, 6360
2550, 2868
2551, 6674
2552, 6280
2553, 3963
2554, 5837
2555, 9496
2556, 4628
2557, 5699
2559, 7055
828, 2560
2561, 7093
2563, 3863
2564, 4603
2565, 7805
2566, 5703
201, 2567
2568, 7910
2569, 3480
1771, 2570
2571, 8970
2572, 4705
2573, 9664
198, 2575
2576, 9996
181, 2578
2579, 8041
2580, 4637
2267, 2581
2582, 7357
2583, 3970
2584, 3992
2585, 9133
2587, 5357
2588, 9488
2589, 5344
2591, 3684
2592, 9105
2593, 8869
1661, 2594
2595, 6678
1461, 2596
2132, 2597
2598, 9503
2599, 4416
2212, 2600
2601, 3580
2603, 4470
2039, 2604
2605, 7838
2606, 7941
2607, 3607
2608, 2972
2609, 5489
2610, 2965
2611, 7343
2613, 6421
2614, 9430
2615, 9850
2616, 3068
2617, 8818
89, 2618
2619, 7811
2620, 4518
2622, 5415
2623, 9176
2624, 6987
2625, 4407
2626, 6229
2627, 7601
2628, 5203
2629, 4498
2630, 5284
1201, 2631
2632, 8987
2633, 8758
2634, 7211
2635, 2793
2637, 6224
1281, 2638
2640, 8762
2641, 7465
2643, 2792
2644, 2764
608, 2645
2646, 8244
2647, 3053
2648, 8701
2649, 7529
2650, 7861
1134, 2651
2652, 2929
2653, 4555
362, 2654
2655, 9754
2656, 6091
2657, 3276
2658, 5969
670, 2659
2660, 3680
1274, 2661
2662, 9910
2663, 4215
2664, 7841
2665, 9686
2666, 7312
192, 2667
2668, 7795
1137, 2669
2670, 2809
2671, 5542
2675, 4421
2676, 3586
2678, 6075
2679, 8899
2680, 9504
1382, 2681
2682, 6859
2683, 8831
2684, 5677
2685, 7278
2686, 5317
2440, 2687
2688, 5798
2689, 5405
2690, 8026
1332, 2691
2692, 9362
2083, 2693
2694, 6769
2205, 2695
2697, 6343
2698, 6890
2699, 3239
2700, 6862
2701, 3502
2702, 8113
2703, 5644
2704, 5553
2705, 6133
2707, 3386
2610, 2708
2709, 6982
2710, 6199
2348, 2711
2713, 6283
2714, 2892
2715, 3022
2717, 8591
2222, 2718
2719, 3525
2096, 2720
2721, 6641
2722, 6955
2723, 7744
2724, 8631
2725, 9426
2727, 8624
2728, 9603
2730, 5556
2731, 4345
2732, 6365
2733, 6750
2734, 8708
2735, 3343
2736, 8520
2738, 4839
2739, 7984
2740, 5418
2741, 4985
2743, 9564
2006, 2744
2745, 4173
1130, 2746
2747, 9827
2748, 4555
2749, 4550
2750, 3693
2751, 3587
2752, 9622
2753, 7932
2670, 2754
754, 2755
826, 2756
2757, 6982
2759, 6730
2760, 5806
2761, 3215
2762, 8777
2763, 5864
2765, 4179
2766, 4280
2767, 3453
2768, 9914
2769, 7508
2770, 5973
2771, 7828
2772, 4298
2773, 5415
2775, 4129
2776, 3673
2777, 6779
2778, 7326
2779, 5568
2780, 3449
2781, 6589
2782, 8361
2783, 6907
2784, 5508
2785, 9123
2786, 4504
1861, 2787
1728, 2788
2789, 8116
2790, 8883
2791, 8510
2795, 5127
577, 2797
2798, 6458
600, 2799
2800, 6069
2801, 9487
2802, 7336
2803, 5559
2805, 4175
1613, 2806
2807, 6663
2808, 5329
2810, 7036
2811, 8341
2812, 6710
2813, 3076
2814, 7994
2815, 4458
2816, 7677
2817, 3845
2818, 8090
2819, 8191
2820, 5755
2821, 4929
2822, 4638
2823, 5631
2824, 9332
2825, 9375
2826, 4380
2827, 9265
2828, 5676
2829, 5796
2830, 4175
2831, 9441
2832, 4631
2833, 6773
2834, 3306
2835, 3400
2836, 8154
2837, 5962
2839, 3427
1626, 2841
2842, 4662
2843, 6228
2845, 4422
2846, 6433
2847, 4291
2848, 9290
2849, 6544
2850, 9845
2851, 6121
2574, 2852
2853, 7314
1959, 2854
2855, 8576
2857, 8581
2858, 8186
2859, 7253
2817, 2861
2862, 6592
2863, 5022
2865, 7438
2866, 3213
2867, 9799
1949, 2869
1838, 2870
2871, 5828
2873, 8255
2874, 4503
1702, 2875
2876, 8364
2877, 5336
2878, 3344
2879, 5153
2670, 2881
2882, 3262
2883, 8165
2884, 8917
2885, 7545
2886, 8805
2887, 3787
2888, 6854
2889, 9602
2890, 7801
2891, 5844
2893, 3579
2894, 9110
2895, 8590
2896, 4054
2897, 5714
2898, 8873
2899, 4850
2901, 8489
1220, 2902
2903, 8067
2904, 3208
2905, 5175
655, 2906
2908, 3220
2909, 3086
1450, 2910
2913, 3849
2914, 5939
1949, 2915
2918, 5613
2919, 4736
2122, 2920
2361, 2921
2922, 9860
2924, 4128
2109, 2925
2926, 9564
2928, 6154
699, 2929
2930, 5352
1579, 2931
2932, 4883
1935, 2933
2934, 4458
2935, 3146
905, 2936
2937, 5637
2939, 9436
2941, 7317
2942, 3445
2943, 8283
2944, 6465
2945, 5480
2946, 8334
2947, 9291
2948, 5705
2949, 9866
2950, 3387
2951, 6653
529, 2952
2953, 9405
2954, 7335
102, 2955
2956, 7296
2958, 8554
2959, 4734
2960, 9760
2961, 3564
2962, 4342
2963, 8521
1188, 2964
2965, 5509
2966, 3323
2967, 9936
2969, 8984
400, 2970
1148, 2971
2975, 8862
2976, 3789
2977, 5417
2978, 4177
2979, 8069
2980, 8312
2981, 9732
2982, 3109
2041, 2983
2984, 3071
2986, 6176
2987, 5719
2988, 6180
2989, 9636
2990, 3941
2991, 9056
2992, 8776
2993, 5947
2995, 6873
2996, 9395
2997, 7485
2998, 3671
1867, 2999
3001, 9314
3002, 5822
3003, 9331
3004, 7775
3005, 7855
3006, 5676
2367, 3007
3009, 5735
1677, 3010
3011, 6846
3012, 8607
3013, 7508
3014, 5128
3015, 6554
3016, 6214
3017, 6037
3018, 4026
3019, 5344
2644, 3021
1810, 3022
3023, 4400
3024, 6966
3025, 3319
3026, 9993
396, 3027
3028, 8837
3029, 7465
3030, 3575
3031, 7543
1430, 3032
3033, 7971
3035, 9668
3037, 6218
3039, 5502
3040, 9606
547, 3042
3043, 9288
3044, 6165
2225, 3045
3046, 3866
3047, 4410
3048, 4656
3049, 4810
3050, 4583
3052, 8206
3053, 7737
2306, 3055
3056, 3946
627, 3057
3058, 6823
3059, 7743
3060, 7168
3061, 3265
575, 3062
3063, 9280
2607, 3064
3065, 4820
3066, 9547
3069, 5948
3070, 5692
3072, 3597
2171, 3073
3074, 4769
3075, 3164
3077, 7824
3078, 3489
655, 3079
3080, 8977
3081, 7474
3082, 8754
3083, 4583
3084, 7036
3085, 7691
3087, 4994
3088, 8055
3090, 4523
3091, 4824
3092, 5378
1037, 3093
242, 3094
3095, 6439
3096, 5177
3097, 4254
945, 3099
3100, 3837
3101, 6381
3102, 8818
3103, 6324
3104, 9185
3105, 5448
3106, 3223
3107, 4429
3108, 6066
3109, 4017
3110, 9625
3111, 3146
3112, 3773
3113, 5960
3114, 8024
3115, 3526
3117, 8300
3118, 5560
1879, 3119
3120, 8390
3121, 7368
1207, 3122
3123, 4164
3124, 7318
3125, 6862
977, 3126
3127, 3705
3128, 4800
3129, 7178
3130, 6866
116, 3131
3132, 5879
3133, 9519
3134, 7954
3135, 6756
3137, 4516
3138, 5767
3139, 6529
3140, 4240
3141, 9836
3142, 8606
3143, 7961
3144, 3543
3145, 7357
1550, 3147
3148, 8365
3149, 5471
3150, 4457
80, 3151
3152, 6787
1260, 3153
3155, 9363
3156, 4675
373, 3157
3159, 8813
169, 3160
531, 3161
3162, 4511
3163, 6310
3166, 6594
3167, 9306
3168, 5142
3169, 6382
3170, 7988
3171, 4832
1005, 3172
3173, 5555
3174, 7885
3175, 4447
3176, 9409
261, 3177
3178, 3513
2021, 3179
1819, 3180
3181, 7195
3183, 4037
3184, 6994
3022, 3185
3187, 5272
3188, 7805
763, 3189
3190, 3802
3192, 3928
3155, 3193
3194, 9297
3195, 4372
2933, 3196
3197, 5795
3199, 5599
3200, 4640
2804, 3201
2457, 3202
3203, 5664
3204, 9589
332, 3205
3206, 3326
3207, 4470
3209, 7057
2850, 3210
3211, 3652
3212, 5504
3216, 8322
3217, 6746
3218, 7185
3219, 4672
3220, 5698
3221, 6221
3222, 3409
66, 3223
3224, 7944
3225, 7806
3226, 4833
3227, 5205
3228, 7279
2814, 3229
3230, 4206
3231, 7816
3232, 3662
3233, 8369
3234, 5977
3235, 8124
3236, 3394
3237, 3787
957, 3238
3241, 9720
3242, 4183
2243, 3243
3202, 3244
3245, 5734
3246, 6271
2048, 3249
3251, 3474
3252, 7974
2648, 3253
3254, 4953
3255, 8254
3256, 8118
3257, 4952
3258, 9642
2607, 3259
3260, 9991
3261, 8089
3263, 3822
1828, 3264
3267, 4308
3269, 7875
3270, 3300
3271, 8679
3272, 8810
3273, 6906
3274, 9013
3275, 3619
3277, 6052
3278, 4290
3279, 7382
3281, 5236
3282, 9530
3283, 7501
3284, 7982
2771, 3285
3288, 3317
3289, 4447
1312, 3290
3291, 8404
1420, 3292
3293, 5067
3294, 8285
3295, 9413
3296, 7089
3297, 6656
3298, 9211
1700, 3299
2438, 3301
3302, 7126
3303, 3661
197, 3304
3305, 9899
3306, 6680
3307, 7973
3308, 9150
3226, 3309
3310, 9614
3312, 5807
3313, 3513
1990, 3314
3316, 7279
3317, 8771
3318, 6512
3186, 3319
3320, 3882
3321, 6674
3322, 8870
2590, 3324
3325, 7113
3327, 6686
3328, 9446
3329, 4818
3330, 5378
3331, 9558
284, 3332
3333, 6013
3334, 9902
3336, 4847
481, 3337
3338, 3481
3339, 6869
3340, 9396
3341, 7620
3342, 7725
3343, 4697
2568, 3345
3346, 3393
3347, 8831
3348, 5384
3349, 6867
2719, 3351
1975, 3353
3354, 4413
3355, 6159
3357, 9056
1029, 3359
3360, 8062
1736, 3361
3362, 4298
3363, 6589
3364, 7663
3365, 7613
3366, 5007
3367, 4400
3368, 6140
3370, 5564
18, 3371
3373, 4836
3374, 4714
3375, 8352
3376, 7958
3377, 9810
3378, 7446
3379, 3848
3380, 8130
3381, 4634
2114, 3382
3383, 4743
3384, 8586
450, 3385
3386, 4912
3388, 7645
3390, 4153
3392, 7400
632, 3393
164, 3394
3395, 3748
3396, 4642
3397, 7297
3398, 5427
2773, 3399
3401, 6299
3402, 5019
3404, 4506
946, 3405
3406, 7688
3407, 6625
2949, 3408
3410, 3675
3411, 8326
3412, 6005
3413, 9966
3414, 8647
3416, 9439
3417, 3987
3418, 7529
3419, 8693
3420, 9126
3421, 8736
3422, 9231
3423, 8033
3424, 9924
3425, 6265
2083, 3426
3427, 4059
3428, 8257
3429, 5031
1572, 3430
3431, 7097
3433, 4454
3434, 9289
3435, 7046
2804, 3437
3438, 4891
3205, 3440
3441, 6988
3442, 4850
3443, 9362
3444, 3962
54, 3445
3446, 8041
3447, 8975
934, 3448
2694, 3450
570, 3451
1312, 3454
1491, 3455
3456, 6266
1683, 3457
3458, 5452
3459, 4711
3461, 4543
612, 3462
458, 3463
3464, 8325
3465, 5548
3466, 7303
2920, 3467
2023, 3468
3469, 4971
3470, 7696
1007, 3471
3472, 9909
3473, 7034
3475, 6074
1469, 3476
3477, 8904
3478, 8237
3479, 5207
3207, 3481
3482, 7496
3483, 6499
2042, 3484
113, 3485
3486, 9548
3487, 5028
3488, 7578
445, 3489
3490, 4989
3491, 3676
3492, 5578
3493, 8143
3494, 7359
3495, 4120
1086, 3497
51, 3498
3499, 8229
3500, 3858
3501, 6278
3502, 7257
3503, 9455
3504, 7107
3506, 6501
3507, 5045
3508, 4304
3509, 8584
839, 3510
3511, 4297
3512, 5115
966, 3514
2598, 3515
3516, 3582
3517, 3800
556, 3518
3521, 8330
3522, 7598
3523, 3796
802, 3524
538, 3526
3527, 5864
3529, 6360
2968, 3531
3532, 4959
3533, 7560
1198, 3534
3535, 9457
2047, 3536
1983, 3539
3540, 4411
3541, 3716
3542, 6812
2412, 3543
3113, 3544
2643, 3545
2537, 3546
1900, 3548
3550, 5676
1764, 3551
3552, 4935
3553, 5020
3191, 3554
3555, 4807
3556, 8250
3557, 9951
3558, 3744
2210, 3559
2098, 3560
3561, 8617
3562, 3689
3563, 8920
3565, 7386
1812, 3568
3569, 4209
3570, 9690
3571, 4745
3572, 4456
3573, 5294
3574, 5063
2821, 3576
3577, 8588
3578, 5340
3581, 7363
3582, 8033
3583, 9025
3585, 9035
3588, 5662
3589, 4376
3104, 3590
3592, 3596
3593, 6049
3594, 9142
3595, 7648
3596, 9732
3599, 8443
3600, 4247
3601, 5148
3602, 6269
1583, 3603
534, 3604
3605, 9743
3606, 5118
2703, 3608
3609, 4052
2376, 3610
3612, 9618
3614, 6079
3616, 4415
3617, 6730
1865, 3618
3620, 4151
3621, 9265
3622, 9267
3623, 4638
3624, 7630
3625, 3842
3626, 4616
3627, 7376
3629, 4514
3630, 9337
3631, 4169
3632, 8535
3633, 9344
779, 3634
625, 3635
3539, 3636
310, 3637
3639, 9403
285, 3640
3643, 4590
3644, 3674
3645, 4409
273, 3646
3647, 6663
3648, 4245
3649, 6663
311, 3650
3651, 4150
3652, 7653
3653, 5578
3654, 6370
3655, 4554
3656, 9993
143, 3657
3658, 7938
3659, 7786
367, 3661
3663, 6379
3664, 4483
3665, 6056
3666, 8857
2603, 3667
3668, 4062
3063, 3672
3673, 4736
3677, 9762
3678, 4801
3679, 9445
3681, 6629
3682, 9268
3684, 9218
3685, 8503
3686, 8729
2039, 3687
559, 3688
3689, 3733
3690, 7329
3691, 7766
2066, 3692
3694, 4878
3695, 7229
3696, 4476
3697, 5938
3698, 9773
3700, 9869
3701, 7140
3702, 4646
3703, 5793
3704, 9233
2862, 3705
3706, 5658
2641, 3709
375, 3710
1294, 3711
3713, 3726
3714, 9042
2090, 3717
3718, 8027
3719, 4718
3720, 7977
1231, 3721
3722, 7225
2613, 3724
3043, 3726
3727, 6424
3728, 5873
3729, 4451
3730, 7663
3731, 7555
3732, 6432
3734, 5951
3735, 9625
3736, 6554
3738, 9972
3741, 7722
3743, 4426
3744, 9127
3745, 8239
3746, 9683
2427, 3747
3749, 7169
3201, 3750
3751, 8380
3752, 7637
3168, 3753
3755, 9997
3756, 4822
3757, 9091
3563, 3758
3759, 7869
3760, 9099
3761, 4674
3763, 8068
1727, 3764
3765, 7405
1648, 3766
3767, 8918
3079, 3768
3769, 9475
3770, 5977
3771, 4052
3772, 7926
3774, 4545
3775, 6868
3776, 9935
3777, 5901
3778, 7553
3779, 9758
34, 3780
3781, 7172
3783, 6972
3784, 5953
3785, 5480
3572, 3786
3787, 5988
3788, 8785
3070, 3790
3791, 4553
3792, 6698
3793, 6711
3794, 4637
3795, 6262
2562, 3796
3797, 5128
3798, 8886
42, 3799
2055, 3801
3804, 9786
3805, 4075
2613, 3806
3807, 9747
3808, 6374
3809, 6973
3810, 7472
3811, 7878
3812, 7432
3813, 8121
3814, 4201
3815, 4091
3816, 6144
3817, 6165
3818, 7541
3819, 9476
1624, 3820
3821, 4102
3823, 6722
3825, 9010
241, 3826
3827, 7464
3828, 9338
3829, 4156
3830, 5368
3833, 9044
3834, 8866
3835, 9262
3838, 7519
3839, 6041
3840, 9864
3842, 4770
3846, 7309
2783, 3847
3849, 9768
3850, 4921
1605, 3851
3852, 7179
3853, 8163
3691, 3854
3856, 7708
3857, 8112
2680, 3858
3859, 8766
3861, 4194
3862, 9907
3863, 8822
3864, 9952
3865, 6305
3866, 6803
3867, 4152
1070, 3868
3870, 6971
3871, 6713
3872, 4601
3873, 4631
1460, 3874
3876, 8874
3877, 6836
3878, 6205
379, 3879
3880, 7448
2354, 3881
3882, 6417
3883, 5080
3884, 4849
3885, 6486
3886, 4307
3887, 6451
3888, 6608
3889, 7980
3250, 3890
3891, 8976
346, 3892
3893, 9178
3895, 6240
3756, 3896
3102, 3897
3899, 5156
3900, 9795
2366, 3902
3903, 6440
3270, 3904
2871, 3905
3072, 3906
3907, 9299
3908, 9278
3909, 8000
3910, 9110
3911, 8767
3913, 4714
3914, 4069
3915, 5252
3916, 7060
3917, 5730
3918, 5507
3919, 5162
3921, 6078
1558, 3922
3923, 7655
3924, 4652
3925, 4108
3926, 6328
3927, 4186
3929, 5115
3930, 9418
3931, 5373
3932, 6144
3933, 8660
1565, 3934
3935, 9905
3936, 9556
3937, 3957
3938, 8214
3939, 8342
3940, 7723
3941, 7915
3942, 9382
3943, 9852
3944, 5515
3949, 9037
1981, 3950
3951, 5019
330, 3952
3953, 9197
3954, 4207
3955, 7948
3956, 6458
3959, 4479
3960, 8064
3961, 8659
3965, 8945
3966, 4857
3969, 4292
3970, 9615
3971, 9886
3972, 9051
3973, 7459
3976, 8401
3979, 8512
3980, 5176
220, 3983
3984, 8311
3985, 5990
3986, 8826
3987, 9990
3988, 7900
3989, 5969
2525, 3990
3993, 8124
3994, 5844
3995, 7612
3996, 6365
3997, 7594
3998, 8615
4000, 9965
4001, 7062
4002, 8824
1825, 4003
4004, 4555
4005, 7433
4006, 6682
4007, 4775
4008, 8604
2624, 4009
4011, 6314
4012, 7533
4013, 7354
4014, 4356
4015, 4416
2209, 4016
2730, 4018
3870, 4020
4021, 9623
4022, 6613
4024, 5334
2626, 4025
4026, 7003
4028, 8627
4031, 4834
4032, 6883
4033, 8669
4034, 8684
1005, 4035
4036, 4144
3731, 4037
4038, 5286
4039, 8930
4040, 9762
2013, 4041
4042, 4994
4043, 7360
4044, 5950
1778, 4045
4046, 9724
4049, 6839
4050, 5101
4051, 5969
4053, 5258
4055, 9547
4056, 6422
1467, 4057
4058, 8501
4060, 4871
4061, 8973
4062, 8830
4063, 7493
4065, 5105
3992, 4066
4067, 7073
4068, 5526
4070, 8876
4072, 6842
4073, 7858
4074, 4169
4076, 9696
4077, 9977
4078, 5185
4079, 5670
4080, 9275
3548, 4081
428, 4082
4083, 7718
4084, 5830
4085, 5710
797, 4086
2935, 4087
4090, 9424
2677, 4092
4093, 9885
4094, 4972
4095, 4334
4096, 6098
4097, 5969
4098, 8370
4099, 5809
4100, 5276
4102, 9237
4103, 7976
4104, 6088
4105, 5664
4106, 9784
4108, 5586
4109, 4288
991, 4110
4111, 6753
2542, 4112
4114, 9035
4115, 7228
4116, 6316
4117, 6375
4119, 4438
1677, 4120
4121, 9412
4122, 8060
4123, 4247
4124, 9978
4125, 7380
4126, 7153
4127, 8584
4128, 4475
4129, 5714
4130, 8676
4131, 6898
4132, 9850
2713, 4133
4134, 7601
2060, 4135
4136, 9346
4137, 7774
4138, 8899
2683, 4139
4140, 7630
2997, 4141
4142, 8876
3772, 4143
2430, 4145
4146, 9273
4147, 8286
4148, 6899
3129, 4149
4150, 7623
4151, 5393
4154, 4837
4155, 5982
4158, 9232
608, 4159
4160, 4532
4161, 8784
226, 4162
4165, 9768
3014, 4166
4167, 4527
3783, 4168
4175, 5066
2809, 4176
4178, 6371
4179, 9725
2073, 4180
4181, 5871
3409, 4182
4183, 8070
3509, 4184
4185, 9113
755, 4187
3380, 4188
4190, 6395
4191, 9357
1705, 4192
4193, 6147
4194, 7605
4195, 4560
4197, 6324
4198, 6781
4199, 7744
4200, 5058
935, 4201
4202, 8363
4204, 6820
70, 4205
4209, 5462
4210, 9791
4211, 8414
4212, 8017
2707, 4213
4036, 4215
4216, 7262
4217, 6238
4218, 5186
4219, 7524
973, 4220
4221, 8118
2843, 4222
4223, 7408
4224, 8301
4225, 8835
4226, 9577
4227, 9385
2537, 4228
3327, 4229
4232, 4544
4233, 5876
4234, 6813
3842, 4235
4236, 5193
4237, 9280
4238, 9212
4239, 5625
4240, 9770
2557, 4241
4242, 4998
4243, 4637
1770, 4244
4246, 6468
4248, 8164
4250, 7359
1584, 4251
4252, 5518
4253, 9274
4255, 6235
4256, 4405
2558, 4257
3000, 4258
1417, 4259
4260, 7860
4261, 8015
4262, 6982
4263, 8225
4264, 4408
4265, 5143
3531, 4266
3607, 4268
4269, 4657
4271, 9680
4272, 9432
535, 4273
4274, 9577
4276, 5279
2784, 4278
152, 4281
304, 4282
4283, 6093
4284, 5130
4285, 9841
18, 4286
2794, 4287
4288, 9898
4289, 9328
4291, 5118
4293, 5569
4294, 9704
4296, 7956
4299, 6428
366, 4302
4303, 7540
1188, 4305
4306, 5854
4308, 4440
4310, 8060
461, 4311
1419, 4312
3572, 4313
4314, 5207
4315, 8082
4316, 4515
4317, 6067
4318, 9758
4319, 5318
4320, 7421
2636, 4321
3847, 4323
4324, 4734
4325, 8908
4326, 7418
4327, 8993
4329, 8581
4330, 8775
4331, 6173
4332, 7959
4333, 6031
4334, 5641
1170, 4335
4338, 4378
4339, 4358
3581, 4340
4341, 9818
4295, 4342
4343, 7022
1777, 4345
4349, 8482
4350, 5311
1774, 4352
4354, 7717
4355, 9064
435, 4357
4359, 7629
4360, 9586
3201, 4361
4362, 4860
4363, 8185
4364, 6634
4365, 5745
2873, 4367
1519, 4368
3065, 4369
326, 4370
4371, 4556
4372, 8004
4374, 8616
4375, 4467
4376, 6315
2735, 4377
4379, 7812
4381, 6424
400, 4382
4383, 9040
918, 4384
4385, 9973
3404, 4386
4387, 5217
4388, 9040
4389, 9075
4390, 5454
4392, 7012
4127, 4393
232, 4395
4396, 9808
4397, 9549
4399, 6536
4400, 5293
4223, 4402
4403, 5450
4404, 6655
4406, 4857
4409, 7883
4411, 7179
4412, 5598
4413, 4584
4414, 6942
4415, 8406
4417, 5478
3380, 4419
4420, 4635
4422, 9668
4423, 8938
2992, 4424
4425, 9612
2143, 4426
4427, 5449
4428, 9491
4147, 4430
4431, 7540
2327, 4432
1605, 4433
4434, 7495
4435, 9432
4436, 9892
3692, 4437
4439, 7637
4440, 5444
3321, 4441
4442, 7975
4443, 7366
4445, 4653
4446, 9561
4448, 7078
4449, 7600
2212, 4450
4451, 6243
4452, 6250
4453, 8780
4454, 5542
883, 4455
2372, 4459
4460, 6498
4461, 4952
4154, 4462
4464, 6655
3507, 4465
3329, 4466
3472, 4468
686, 4471
4473, 6295
4474, 9780
1092, 4476
4477, 5505
4478, 9217
4482, 8447
4484, 4628
4487, 4566
1648, 4488
4489, 5141
4491, 6234
4492, 8640
1143, 4493
2274, 4496
4497, 9390
4500, 7214
4502, 6309
4504, 7572
4505, 5355
4507, 8879
3347, 4508
20, 4509
4510, 4960
2381, 4512
121, 4513
4514, 8033
4517, 4861
4518, 7447
4519, 9460
303, 4520
3116, 4521
4522, 4657
2608, 4524
90, 4526
4528, 5756
4108, 4529
2059, 4530
3043, 4533
4534, 6689
4535, 4781
4536, 8934
4537, 8331
4538, 8052
3966, 4539
4541, 4575
4546, 7928
2367, 4547
2997, 4548
4549, 4909
4550, 6147
4551, 4813
4552, 7594
4553, 7787
4556, 8062
4557, 4859
4558, 5162
4561, 9146
193, 4562
4563, 9012
4090, 4564
775, 4565
4389, 4566
2363, 4567
1465, 4568
4569, 9359
4570, 8416
4571, 5017
116, 4572
4573, 8861
4574, 5496
4576, 5924
4580, 7872
4581, 4845
1789, 4582
4584, 8194
4585, 4935
2878, 4591
3981, 4592
4593, 8974
2745, 4594
4595, 9828
4596, 9261
4598, 6479
4599, 9874
4600, 6287
4601, 6333
4602, 6468
4604, 9976
4605, 7135
4606, 7195
2502, 4607
2886, 4608
4609, 5154
3939, 4610
4495, 4611
4612, 7108
4613, 7098
4614, 7101
4615, 6137
4617, 8107
4618, 8304
1379, 4619
4620, 7709
4621, 6872
4622, 7516
4623, 7236
4624, 6544
4625, 6446
4626, 6089
4627, 6477
4630, 7264
4631, 5548
3622, 4632
4633, 9088
4635, 5175
4073, 4639
4640, 6645
699, 4641
1367, 4644
3531, 4645
4647, 9894
4648, 6802
4649, 7356
3280, 4650
4651, 8466
4203, 4653
4654, 6779
4658, 6587
828, 4660
4661, 9484
4662, 8348
4664, 9779
4665, 4986
4666, 9554
310, 4667
3223, 4668
4669, 6510
1634, 4670
4671, 8642
4672, 8503
4676, 6698
4433, 4678
1406, 4679
4680, 7622
1152, 4681
4682, 7697
799, 4683
4685, 9855
4687, 8992
4688, 7568
4689, 8977
4690, 8473
3477, 4691
4051, 4693
4694, 4775
4695, 4728
4696, 9554
2432, 4697
4698, 7128
4699, 6625
4700, 7317
4701, 5811
4702, 9762
4703, 7897
153, 4704
3052, 4706
4708, 8151
4709, 5910
4711, 7889
2470, 4712
4713, 5254
4715, 4765
4716, 6212
4717, 6137
4720, 7826
2870, 4721
4722, 8091
4723, 8898
4724, 5495
4725, 7787
4726, 8379
4727, 6753
4728, 6366
894, 4729
1709, 4730
4731, 9281
3313, 4732
4733, 4852
4736, 5937
1835, 4737
3032, 4738
4739, 8205
3245, 4740
4741, 5948
4742, 9728
4745, 5021
4746, 6851
4747, 7567
1156, 4748
4749, 9870
4750, 4796
4753, 6234
4754, 8009
4755, 6509
3669, 4756
2654, 4757
4758, 8368
4759, 6801
4760, 9821
4761, 5541
2237, 4764
4765, 6286
4766, 7737
3471, 4768
4771, 6929
575, 4772
4472, 4774
4776, 5825
4777, 5118
3998, 4778
4779, 6465
4780, 8234
4782, 9973
4783, 8496
1224, 4784
4786, 5764
3122, 4787
4788, 8937
2361, 4789
4790, 7001
2277, 4791
4792, 8294
2204, 4793
534, 4794
1338, 4795
1587, 4797
4798, 4950
4799, 7432
4800, 7078
4801, 8786
4802, 6987
4804, 6245
651, 4805
4806, 9797
4808, 6364
4812, 8400
4813, 6103
4814, 5809
4816, 7858
4818, 9703
4819, 5080
4820, 6257
4821, 8527
1903, 4823
4826, 6181
4827, 6198
4828, 7873
4179, 4829
4830, 7304
423, 4831
4835, 5008
4838, 7540
4839, 8552
4840, 8819
4841, 7607
2787, 4842
4843, 9804
4844, 9508
4846, 7016
4848, 5151
1892, 4851
4853, 5942
2167, 4854
4855, 9623
2956, 4856
4858, 8526
5, 4860
4862, 8903
3201, 4863
4864, 9664
2286, 4865
32, 4866
4867, 8727
4868, 5206
1965, 4869
4870, 7457
3682, 4872
3139, 4874
4875, 7650
4877, 9466
4280, 4878
4879, 9536
4880, 9315
4881, 6374
4175, 4883
4884, 6753
3647, 4885
4886, 9775
4887, 7213
4888, 7220
4889, 9707
2958, 4890
4891, 8749
4892, 9727
4893, 5753
4752, 4894
4895, 5221
4897, 5601
4898, 7761
4899, 5263
4900, 5781
1158, 4901
482, 4904
4905, 5449
3087, 4906
4510, 4907
4763, 4908
4455, 4909
4910, 6957
4911, 5312
4912, 9113
4913, 5374
4914, 5374
215, 4916
4917, 8467
4918, 8949
4919, 9489
4920, 6652
4922, 6574
4923, 5346
2527, 4924
4925, 7730
4927, 8067
4930, 9485
4931, 7430
4932, 7791
4933, 9806
4934, 5892
4935, 6809
4557, 4937
3572, 4939
4940, 6706
4941, 8106
4942, 5810
4943, 8141
4492, 4944
4945, 5539
4946, 9068
4947, 7435
4457, 4948
4949, 9976
4951, 6685
4952, 5714
4954, 9255
4955, 6983
4043, 4956
3644, 4957
4958, 9287
1005, 4959
4961, 8337
4962, 6479
4963, 7749
4964, 8374
4966, 7599
4967, 6341
3123, 4969
4970, 5892
4974, 7544
4975, 8502
4266, 4976
4467, 4977
4978, 8352
4980, 7849
4981, 5365
4982, 7241
4983, 5048
2818, 4984
4986, 6212
4987, 8641
4988, 8335
4990, 6530
4991, 8361
4459, 4992
4993, 5360
4995, 9663
4996, 9635
4997, 9361
4998, 9601
4999, 9623
1402, 5000
5001, 8330
5002, 7261
5003, 6345
2907, 5004
5006, 6277
905, 5009
5010, 9778
5011, 9206
5012, 8465
5014, 5519
5015, 7682
5017, 7335
5020, 7390
5023, 8313
5024, 6099
5025, 8486
5026, 6718
5027, 8172
5029, 8293
3704, 5030
436, 5031
4395, 5032
5033, 9378
5035, 7852
2706, 5036
5038, 9563
4764, 5039
5040, 9627
5042, 5730
5043, 6424
4638, 5044
5046, 6116
5047, 8492
701, 5049
3325, 5051
346, 5052
5053, 5101
5054, 7161
5055, 9730
5056, 5917
5059, 7663
5060, 5240
5061, 8641
3779, 5062
5064, 7770
3353, 5065
5068, 5450
4073, 5069
5070, 7011
5071, 7769
4085, 5072
5073, 6897
5074, 6427
2128, 5075
5076, 6028
5077, 9868
5078, 7724
4241, 5079
5081, 5235
3583, 5082
5083, 9351
5084, 6118
5085, 9095
3987, 5087
5089, 7960
5090, 5688
5092, 8966
5093, 9370
5094, 8268
3820, 5095
1477, 5096
5097, 7348
5098, 7814
5099, 6155
5100, 8684
5102, 6296
5103, 7319
327, 5104
5106, 5614
5107, 5800
1455, 5108
5109, 8535
5110, 8300
5078, 5111
5112, 8537
1300, 5113
5114, 7102
5116, 9657
5119, 6893
5120, 8975
5122, 5704
5123, 9942
959, 5125
5126, 8600
5127, 9496
5129, 9310
5130, 9228
1149, 5131
5132, 7461
5133, 9947
5134, 6893
4065, 5136
2747, 5138
5139, 6650
5140, 8992
5141, 6549
1430, 5144
5145, 5667
5146, 6308
1506, 5147
3368, 5149
13, 5150
5152, 5421
2683, 5155
5156, 8638
5157, 5817
2077, 5158
5159, 7995
5160, 5385
5161, 7659
3675, 5163
5164, 9825
1069, 5165
5168, 7106
5169, 9039
4583, 5170
2860, 5171
5172, 7959
4868, 5173
5174, 6846
5176, 8561
5178, 9090
5179, 8413
5180, 5942
5181, 5696
5182, 7471
5183, 8731
5184, 6094
5185, 7490
1622, 5187
5188, 7533
5189, 6086
5190, 6322
5191, 8100
5192, 7620
5194, 9139
3199, 5195
4289, 5196
2005, 5198
1328, 5200
5202, 8738
5204, 7587
3628, 5208
2160, 5209
4488, 5210
5212, 9668
4994, 5213
5214, 9756
5215, 7133
5216, 6546
5217, 8414
5218, 6880
5219, 5830
5220, 7110
5221, 6847
101, 5222
5223, 9395
3541, 5224
821, 5225
5226, 5849
5227, 5242
5228, 6463
1693, 5229
5230, 9545
2557, 5231
791, 5232
4017, 5233
5234, 8232
5236, 5830
753, 5237
295, 5238
5239, 9442
2487, 5241
5242, 7392
4719, 5244
3053, 5245
744, 5246
2838, 5247
4246, 5248
343, 5249
5091, 5250
5251, 9747
5253, 8075
5254, 6759
807, 5255
5257, 7672
5235, 5259
5260, 9878
888, 5262
3487, 5264
5265, 5832
2302, 5266
5267, 7394
675, 5269
5270, 9012
5271, 9082
5272, 9421
1289, 5273
5274, 9687
5275, 6044
3145, 5276
5277, 5532
5278, 6521
5281, 5490
5282, 8991
2975, 5284
5285, 7208
5286, 5804
2697, 5289
3068, 5290
3131, 5291
5292, 8345
5295, 8345
5296, 6724
5297, 7211
1504, 5298
5299, 8808
5300, 5557
5301, 5317
3003, 5302
5303, 6095
5304, 8496
4642, 5305
2176, 5306
2761, 5307
5308, 7011
5309, 8608
5310, 6301
2329, 5312
5313, 5643
303, 5314
2873, 5315
5316, 8131
5320, 6651
5321, 9758
1350, 5322
2398, 5323
5324, 6016
5326, 6947
552, 5327
5328, 6125
5330, 5532
5331, 8726
2677, 5333
5334, 7456
5335, 8681
5337, 6836
2218, 5338
5339, 8124
2966, 5340
5342, 8693
1653, 5343
4850, 5345
5346, 8852
1676, 5348
5006, 5349
5350, 8291
767, 5351
5353, 6405
5354, 9416
5356, 9412
5357, 5874
5358, 9026
5359, 6084
5361, 9637
5362, 7273
3838, 5363
3504, 5364
5366, 6079
5367, 5514
5369, 8610
5370, 5995
5371, 8432
4300, 5372
1765, 5375
523, 5376
104, 5377
5380, 8441
5382, 7530
5384, 8776
5387, 7293
1628, 5388
5389, 8013
3719, 5390
5391, 7937
514, 5392
5394, 8644
3915, 5395
1935, 5396
5397, 9697
5398, 8921
5399, 7920
5400, 9707
5401, 5922
5402, 9977
5403, 9731
5404, 9427
5406, 8124
5407, 5835
5408, 9260
5409, 8922
5410, 7606
3654, 5411
5412, 6222
2805, 5413
5417, 8301
5418, 8467
5419, 9578
3686, 5420
1472, 5422
5423, 8047
5424, 7018
5425, 9565
5426, 5496
5427, 8188
5428, 8034
5429, 8215
5430, 8608
5431, 8146
5432, 6210
4923, 5433
501, 5434
2089, 5435
5436, 7416
4828, 5437
725, 5438
5439, 7774
3497, 5440
5441, 6492
5443, 6667
530, 5445
5446, 8171
5447, 5985
5451, 8455
5452, 7244
5453, 6730
1286, 5456
5458, 9887
5459, 6950
5460, 9747
1935, 5461
923, 5463
1018, 5464
3184, 5466
50, 5468
5470, 6570
3127, 5472
220, 5473
5475, 6457
5476, 6103
5477, 8409
5479, 8964
3069, 5481
4455, 5482
14, 5483
5484, 8398
5485, 7392
5486, 7731
1925, 5487
5488, 9944
4609, 5490
5492, 8506
1710, 5493
5494, 6587
5495, 6738
2636, 5497
4061, 5498
5499, 6105
2684, 5500
3325, 5501
5503, 7749
5505, 6071
3716, 5506
5510, 6352
5511, 7454
1227, 5512
5513, 7377
2222, 5516
2769, 5517
3423, 5520
5521, 6370
5523, 8053
5524, 8823
557, 5525
5527, 9027
2968, 5528
5529, 8714
3847, 5530
5531, 8084
5532, 9167
5533, 8072
5534, 9156
5535, 9355
2337, 5536
5537, 7137
3415, 5538
4354, 5539
4460, 5540
5541, 9130
5543, 6581
5544, 8557
5545, 9016
2510, 5546
5547, 6039
5549, 6574
5550, 5610
5551, 5692
5552, 6185
5554, 5865
5555, 7947
5556, 9787
1332, 5558
213, 5560
167, 5561
5563, 6384
3178, 5565
4596, 5566
766, 5567
5568, 6614
3779, 5572
1680, 5573
5574, 7926
2193, 5575
5577, 7214
4321, 5579
4741, 5580
5581, 6605
3508, 5582
5583, 7274
5584, 6135
5585, 9229
4171, 5587
5589, 7369
4826, 5590
5591, 9525
5593, 8670
5594, 7467
5595, 7364
73, 5596
5597, 5681
4175, 5598
5599, 8065
5600, 9434
5602, 5740
5603, 9013
5604, 8141
5605, 9103
5606, 6811
1997, 5607
5608, 8309
5609, 6457
3387, 5611
5612, 8408
4391, 5615
5616, 7148
5618, 5627
5619, 8010
5620, 8377
5621, 6674
5623, 7612
5624, 6621
2711, 5626
5628, 6362
1412, 5629
369, 5631
5632, 5698
5633, 7547
97, 5634
2353, 5636
3234, 5638
5639, 5670
5365, 5640
5641, 6578
4099, 5642
2546, 5644
3683, 5645
3330, 5646
5647, 6675
1716, 5648
5649, 7557
5650, 8241
5651, 8372
5652, 8733
5653, 7114
2235, 5654
5655, 8446
5122, 5660
5663, 7655
2281, 5664
2364, 5665
1018, 5666
1315, 5668
5670, 7743
5671, 6402
1419, 5672
5673, 6795
5674, 6694
1085, 5675
5679, 7200
987, 5680
5682, 6810
4857, 5683
5684, 7971
5685, 6657
5686, 7937
590, 5689
334, 5691
3803, 5693
5586, 5695
3852, 5697
2233, 5700
5701, 8643
3589, 5702
1146, 5705
5707, 7786
1143, 5708
5517, 5709
1601, 5712
4928, 5715
5716, 6169
5718, 8971
2018, 5719
5720, 6847
5721, 6886
5722, 6019
1541, 5723
1898, 5724
1316, 5725
3675, 5726
5727, 7738
5728, 6155
5731, 8084
5732, 9458
5733, 8244
5734, 6735
5130, 5735
1975, 5736
5737, 8028
3047, 5739
5741, 5898
5742, 9728
2031, 5743
5631, 5745
5746, 9326
5747, 9798
5748, 9996
5749, 9354
5750, 9326
3012, 5751
5752, 6484
4401, 5754
5755, 7060
5756, 9523
5170, 5757
5758, 6123
5759, 9349
2498, 5760
3054, 5761
5766, 8605
5768, 7396
5770, 9398
4199, 5771
3654, 5774
5775, 8348
5777, 9058
5134, 5778
5780, 7246
5781, 7677
5782, 6303
5783, 5954
5785, 8717
2525, 5786
5787, 7200
5788, 8926
5789, 7292
2478, 5790
4017, 5791
3395, 5792
5003, 5794
5796, 6285
5537, 5799
5800, 6546
5801, 6645
483, 5802
3987, 5804
5805, 6309
5558, 5807
5808, 8374
5812, 6406
542, 5814
2046, 5815
3718, 5816
5817, 6830
5818, 7760
5820, 7344
4067, 5821
4012, 5822
5048, 5823
5824, 7695
3778, 5825
5826, 9970
1663, 5827
2545, 5829
5831, 6376
5833, 9633
5834, 7732
5835, 6423
5836, 8647
4344, 5837
1611, 5838
5839, 7707
2417, 5840
5841, 7847
326, 5842
1226, 5843
5844, 8804
5845, 8903
5846, 7129
4255, 5847
5848, 6387
5849, 8741
5850, 6092
564, 5851
5852, 9515
276, 5853
4479, 5857
5858, 8395
4616, 5859
4774, 5860
5861, 9051
89, 5862
387, 5863
5865, 9407
5866, 7104
5128, 5867
2898, 5868
247, 5869
4454, 5870
5872, 8416
5875, 6566
5876, 9915
5877, 8685
5878, 9035
4590, 5880
5881, 8054
5882, 9473
1903, 5885
5886, 8108
5887, 7537
4161, 5888
5890, 7913
5891, 6408
5892, 8255
5894, 8402
2547, 5895
5896, 9753
5897, 9132
5899, 7280
5902, 7465
5583, 5903
2706, 5905
5906, 6228
2946, 5907
5908, 9165
5910, 8225
5911, 6021
4811, 5912
5913, 7899
1333, 5914
5915, 7733
5916, 6870
5918, 5952
3429, 5919
5717, 5920
4433, 5921
5925, 7704
4193, 5927
5928, 8197
5929, 9872
5930, 7703
5931, 9571
804, 5932
3072, 5934
5935, 8260
4936, 5936
5937, 9804
5938, 8284
4250, 5939
5265, 5940
5941, 6692
5944, 6473
5945, 6998
5946, 9751
605, 5949
960, 5952
5955, 8016
5956, 7548
5957, 8418
5958, 6078
5959, 9732
5960, 9431
5961, 6560
5962, 6558
5963, 8921
5964, 9815
2299, 5965
5966, 8260
5967, 6888
5968, 8705
5939, 5970
5971, 6085
513, 5972
5421, 5974
5975, 7734
5976, 9312
5627, 5978
190, 5979
5980, 7964
5981, 6182
2237, 5982
5983, 6661
536, 5984
5986, 9594
674, 5987
5988, 7500
3446, 5989
129, 5991
5312, 5992
5994, 9255
5704, 5995
5996, 7872
5997, 6707
5998, 6418
5999, 6258
6000, 8463
3839, 6001
2677, 6002
6003, 6937
5703, 6005
5942, 6006
6007, 9491
3289, 6008
2923, 6010
6011, 7396
6012, 8173
2350, 6014
4959, 6015
6017, 7145
3929, 6018
0, 6019
6020, 6400
6022, 7021
6023, 7820
6024, 8175
4351, 6025
1791, 6026
3835, 6027
6028, 6950
6029, 6349
6030, 6484
6032, 7813
6034, 6355
3381, 6035
6037, 9561
5574, 6038
1102, 6040
3537, 6042
6043, 6508
6044, 6229
6045, 8600
6046, 8984
818, 6047
6048, 7613
4389, 6049
6050, 8720
2077, 6051
6054, 7116
6055, 7033
5026, 6057
6058, 7623
6059, 9422
5005, 6060
501, 6061
5606, 6062
47, 6063
6065, 7188
1489, 6068
6069, 7094
6070, 6637
1547, 6072
6074, 8053
6076, 9547
3945, 6077
6080, 7037
1457, 6081
2498, 6083
6085, 7672
4560, 6087
3352, 6090
6093, 6420
6095, 8314
4160, 6096
4874, 6097
1260, 6100
6101, 7650
4545, 6102
6104, 8954
3782, 6107
6109, 7016
4412, 6110
3016, 6111
5820, 6112
72, 6113
6114, 6841
3575, 6115
3133, 6117
6118, 8924
282, 6119
311, 6120
3867, 6121
3191, 6122
5166, 6123
4617, 6124
6127, 9009
6128, 9777
6129, 9236
6130, 6952
2750, 6131
6132, 6881
6133, 6599
922, 6134
6135, 7545
6136, 8215
5384, 6138
6139, 7280
6141, 6352
1443, 6143
750, 6145
6146, 7958
6148, 6758
1337, 6149
2089, 6150
6151, 7552
6152, 9408
6156, 7380
4280, 6157
6158, 7328
1180, 6160
6161, 9878
2349, 6162
6163, 7939
5733, 6164
6166, 6454
6167, 9938
2580, 6168
6170, 8827
6172, 8241
6174, 7586
4047, 6175
3061, 6177
6178, 9447
4245, 6179
6183, 7338
5508, 6184
4467, 6186
6187, 7328
6189, 6408
4342, 6190
3017, 6191
6192, 7143
3571, 6193
6194, 9416
2989, 6195
6196, 6669
576, 6197
209, 6199
167, 6200
2518, 6201
6202, 6929
6203, 9934
3208, 6204
6205, 8925
6206, 8911
6207, 6235
6208, 6735
6209, 7526
6211, 8084
6212, 6871
6213, 8550
4335, 6215
1594, 6216
6219, 6225
2281, 6220
6222, 7893
6223, 9840
6224, 7013
6225, 7470
6226, 6565
2596, 6227
6230, 8924
3499, 6232
5620, 6233
2575, 6236
6237, 8095
6239, 9566
4922, 6242
1466, 6244
6246, 9950
491, 6247
6251, 7865
4779, 6252
2678, 6253
6255, 9777
6256, 7783
6259, 6973
5378, 6260
6261, 6314
3131, 6263
1036, 6264
2170, 6265
6267, 8122
2498, 6268
4777, 6272
6273, 9837
6274, 6566
5920, 6276
6279, 9570
6281, 7739
6282, 9998
355, 6283
3273, 6284
3688, 6288
653, 6289
3516, 6290
6291, 9718
6075, 6292
6294, 9406
6295, 7115
1108, 6297
1778, 6298
6300, 7175
6302, 8499
6303, 6511
6304, 8671
1343, 6305
6311, 8477
2908, 6312
6313, 9801
6314, 7159
6318, 9060
4119, 6319
6320, 7297
2532, 6321
4877, 6323
1886, 6324
3855, 6325
3723, 6326
3025, 6327
3915, 6328
6329, 9595
4504, 6330
6331, 6621
6149, 6332
6334, 8988
3517, 6335
6336, 7204
5761, 6338
3839, 6339
6340, 9369
1631, 6342
2588, 6344
1804, 6346
6347, 8301
6348, 7519
5059, 6351
6352, 6998
3842, 6353
2593, 6354
6356, 9999
3249, 6357
3048, 6358
6359, 9245
6361, 6886
6362, 7106
6364, 7395
5900, 6367
6368, 8440
6369, 8850
6371, 7696
6372, 9805
2243, 6377
5441, 6378
6380, 9856
6381, 7084
6382, 8610
6383, 6666
6385, 9392
6386, 9105
6387, 9300
951, 6388
6389, 7905
3469, 6390
1346, 6391
6392, 8735
6393, 6769
2248, 6394
375, 6396
1241, 6398
6399, 6496
6401, 8911
3287, 6403
1521, 6404
6407, 6953
6409, 8724
3180, 6410
5459, 6412
6413, 9810
6414, 9278
1675, 6415
6416, 9587
6417, 9719
6418, 7742
6419, 8821
3596, 6420
6421, 8640
6423, 7918
6426, 9634
6427, 8863
6429, 7392
2879, 6431
5769, 6432
817, 6434
3055, 6435
938, 6436
2506, 6437
5953, 6438
6441, 9920
519, 6442
775, 6443
6444, 7756
6445, 7877
6446, 7384
6447, 6761
6448, 8201
6449, 7739
6450, 8216
5090, 6452
6453, 7630
5838, 6455
4838, 6456
6457, 6803
6458, 7534
6460, 6762
6461, 9118
6462, 9547
174, 6464
4746, 6466
612, 6467
6469, 7262
6470, 7340
6472, 7498
6474, 8377
6475, 7389
6478, 6691
5116, 6480
6484, 9588
2243, 6485
4307, 6486
1138, 6487
2566, 6489
2370, 6490
4822, 6491
6298, 6493
394, 6494
4555, 6497
6500, 7812
1279, 6501
6502, 7418
6503, 9337
946, 6504
807, 6505
5292, 6507
6508, 9425
6509, 9459
812, 6510
2991, 6512
6513, 9706
580, 6516
1783, 6518
6519, 8906
6520, 9261
1982, 6522
4353, 6523
6524, 9826
928, 6525
6526, 9457
6527, 8275
6528, 9137
6530, 8177
1425, 6531
3808, 6532
6533, 9723
6534, 7855
3829, 6537
5894, 6538
6539, 8246
6540, 8695
4103, 6541
6543, 7282
2018, 6545
6546, 7215
6547, 9280
6548, 7156
5402, 6550
6551, 8358
616, 6552
6553, 7914
1205, 6554
5935, 6555
3003, 6556
3336, 6559
4920, 6561
6341, 6562
3180, 6563
2635, 6564
410, 6567
1736, 6569
6570, 7847
6571, 7631
6572, 8376
5571, 6573
6575, 9062
6576, 8555
6221, 6577
6579, 8309
6580, 7593
6582, 8159
6583, 7571
5921, 6584
6586, 8222
6587, 7464
6590, 9026
6591, 7840
5458, 6593
6594, 7420
961, 6595
6004, 6597
6599, 6826
3244, 6600
5942, 6601
6602, 7355
6603, 6668
6604, 9981
6606, 7640
5570, 6607
132, 6609
6610, 8191
6611, 6818
415, 6612
6613, 7403
2124, 6615
1897, 6616
3532, 6617
6119, 6618
6373, 6619
6479, 6620
858, 6621
6622, 8262
6257, 6624
2222, 6626
6627, 9736
1692, 6628
6629, 8651
6630, 8258
6631, 8791
1906, 6632
6633, 9103
1982, 6635
6636, 8596
6638, 9300
6639, 8350
6641, 7124
6642, 7812
3358, 6644
2708, 6646
4454, 6647
6176, 6648
6649, 8051
1139, 6650
4595, 6656
3970, 6658
6042, 6659
6660, 8394
355, 6661
6664, 8569
5132, 6665
3373, 6670
3022, 6671
1304, 6672
6673, 8970
4525, 6677
2409, 6678
6379, 6679
6681, 9864
3904, 6682
6683, 8778
1904, 6684
6688, 8684
6689, 8755
6690, 9776
6691, 9741
6695, 8233
1099, 6696
3993, 6700
1846, 6701
909, 6702
6703, 8370
6704, 7803
6705, 8040
6706, 9609
6707, 8699
6708, 7682
6712, 7065
6713, 8587
4128, 6714
6715, 7401
6716, 8355
6717, 8668
965, 6720
4868, 6722
6723, 8569
6724, 8084
6725, 7640
6726, 7023
6727, 8680
1629, 6728
4360, 6729
3846, 6731
1023, 6732
6734, 9992
6736, 8841
4004, 6737
6739, 8660
6740, 9627
4174, 6741
6613, 6742
1277, 6743
6207, 6744
784, 6746
6747, 7414
3588, 6748
6749, 9163
6752, 7509
245, 6754
6757, 9550
4185, 6760
5190, 6762
3360, 6763
6764, 8562
4080, 6765
1729, 6766
6767, 7954
2771, 6768
152, 6770
6771, 8737
6774, 8135
6775, 8000
3170, 6776
6777, 8179
803, 6778
1571, 6782
6783, 9706
6784, 9467
6785, 9582
6787, 7429
470, 6788
3544, 6789
6791, 6952
30, 6792
6793, 7403
5067, 6796
6228, 6797
821, 6798
6799, 7667
6764, 6800
6801, 6818
2535, 6802
6804, 9022
2568, 6805
6806, 9649
6807, 9666
6808, 9951
4113, 6810
6574, 6812
3639, 6813
6814, 9793
6815, 9198
4965, 6816
6013, 6817
6819, 7905
6821, 7768
3967, 6824
1509, 6825
6826, 9754
6827, 7948
1349, 6828
961, 6829
1456, 6831
1230, 6833
2311, 6834
6836, 8096
199, 6838
6841, 7098
6843, 9369
6844, 9838
6845, 7798
6849, 7151
4125, 6850
6851, 9779
1889, 6852
6853, 8259
5522, 6854
5850, 6856
6857, 9749
6858, 8021
1366, 6860
6861, 8242
6864, 9176
2669, 6865
3389, 6868
149, 6870
3911, 6874
4792, 6875
6876, 9799
6877, 9322
2088, 6878
6592, 6879
6881, 8814
6882, 9197
6883, 8400
3866, 6884
6885, 9240
6886, 9393
2306, 6887
2023, 6889
6891, 8432
3043, 6892
6894, 9609
6896, 7984
6897, 6900
1598, 6902
3508, 6903
4388, 6904
6905, 9204
613, 6906
3819, 6908
6909, 8901
2917, 6910
4911, 6911
3099, 6912
1544, 6913
6914, 8266
6915, 9411
1135, 6916
6376, 6917
6918, 7210
6919, 7975
4214, 6921
599, 6922
6923, 9569
3360, 6924
1033, 6925
1002, 6926
6927, 8169
6738, 6928
2957, 6930
6932, 7958
6933, 7017
6862, 6934
5585, 6935
6936, 8913
6938, 9552
6172, 6939
6940, 9451
6941, 8684
6943, 7125
4234, 6944
1193, 6945
3751, 6946
6948, 8515
585, 6949
6950, 7852
6951, 9833
2866, 6954
6955, 7886
6956, 9742
6957, 9016
1, 6958
6959, 8472
6961, 9560
2965, 6962
6965, 8790
6967, 7378
2535, 6968
6969, 9929
6970, 9898
6974, 8765
6975, 9692
6976, 8362
6977, 7397
6978, 9153
2219, 6979
21, 6980
1376, 6981
6984, 7055
4944, 6985
6571, 6986
6988, 8641
6989, 8007
6991, 9825
5685, 6992
6993, 9294
6995, 9250
6303, 6996
2556, 6997
6999, 9850
1657, 7000
7004, 7686
4606, 7005
7006, 8074
6416, 7008
6779, 7009
7010, 7874
7012, 8596
6571, 7014
5518, 7015
2590, 7019
1885, 7020
6224, 7024
3993, 7026
546, 7027
7028, 7740
3549, 7029
7030, 8987
4227, 7031
2425, 7033
7035, 8739
7037, 8073
6088, 7038
7039, 7465
1593, 7040
1870, 7041
4810, 7042
7043, 7522
7044, 8973
650, 7045
1218, 7047
2829, 7048
5603, 7049
2189, 7050
5229, 7051
2773, 7052
3379, 7053
264, 7054
7056, 8116
6161, 7058
6052, 7059
66, 7061
1577, 7063
7066, 8693
3349, 7067
7068, 9157
7069, 8974
2289, 7070
1922, 7071
5228, 7072
3139, 7073
6073, 7074
3671, 7075
3119, 7076
3733, 7077
7079, 8536
7080, 8000
7081, 8643
7082, 7291
7083, 7588
7085, 9162
3334, 7086
3372, 7087
7088, 9777
3552, 7089
3211, 7090
6009, 7095
7096, 9477
7097, 9020
3695, 7099
3548, 7100
7050, 7103
4488, 7105
5831, 7111
7112, 8876
2433, 7116
4392, 7117
2423, 7118
7119, 9134
6587, 7120
5657, 7121
7122, 8601
2575, 7123
4040, 7125
3121, 7127
7128, 9886
4855, 7131
6428, 7132
2511, 7133
1055, 7134
7136, 8232
1262, 7139
7140, 9069
301, 7141
7142, 7170
1136, 7145
7146, 9196
7147, 7673
6735, 7149
7150, 9282
7152, 9880
539, 7154
1733, 7155
3065, 7158
7160, 8843
7161, 8493
7162, 7441
5283, 7163
7164, 8323
7165, 7995
7166, 8724
2898, 7167
879, 7168
7171, 7224
1816, 7173
3525, 7174
7176, 8792
34, 7177
3832, 7179
6963, 7180
3456, 7181
7182, 9307
7183, 9980
4332, 7184
7072, 7186
5909, 7188
2421, 7189
6052, 7190
1112, 7191
4831, 7192
7193, 9420
7194, 8228
3310, 7197
7198, 8802
7199, 7687
7201, 9495
5741, 7202
7203, 8287
7207, 9961
5140, 7209
7210, 8625
6563, 7212
5191, 7213
7216, 7380
5078, 7218
6903, 7219
7220, 8833
7222, 8381
7223, 8744
623, 7224
7227, 8273
7228, 7904
1376, 7230
7231, 7462
7233, 9764
7234, 8216
6394, 7235
7237, 8029
3138, 7238
5895, 7239
3888, 7241
821, 7242
7243, 7514
4208, 7245
7246, 8545
7247, 7674
7248, 8926
7249, 9245
4146, 7250
1349, 7251
7252, 9405
4719, 7254
4560, 7255
2164, 7258
3776, 7259
1710, 7260
5754, 7262
7263, 8536
7264, 9110
7265, 7587
4725, 7266
7267, 8380
7268, 8873
4735, 7269
7272, 8185
7275, 9578
4131, 7276
4272, 7277
5699, 7283
2986, 7284
266, 7285
3250, 7286
1639, 7287
4449, 7288
1702, 7289
399, 7290
6214, 7292
7293, 8670
5178, 7294
7298, 9141
7299, 9770
7300, 8709
6882, 7301
7302, 8181
7303, 9333
1840, 7305
7306, 7645
5785, 7307
1163, 7308
4129, 7310
6480, 7311
2423, 7313
7315, 7453
7319, 8855
7320, 7803
6454, 7321
7322, 9270
1215, 7323
85, 7324
3731, 7325
2483, 7326
493, 7327
7328, 7957
4790, 7330
2961, 7331
7332, 8940
3038, 7333
5212, 7334
462, 7337
7339, 8703
1722, 7341
4640, 7342
7345, 8036
6248, 7346
7347, 7545
7348, 9410
3241, 7349
6565, 7350
2696, 7351
4804, 7352
2338, 7353
2047, 7355
1599, 7356
7358, 9477
2389, 7361
2098, 7362
7367, 9700
7369, 8723
6151, 7370
2758, 7371
7372, 7860
3564, 7373
5444, 7374
7377, 8710
7379, 8248
7381, 7887
7382, 9100
7383, 9435
6414, 7385
7387, 7684
7388, 7441
1630, 7391
7395, 8723
6907, 7398
1030, 7399
7400, 7956
6664, 7402
2985, 7404
5773, 7405
6203, 7407
7410, 9667
1716, 7411
7412, 8931
67, 7413
7414, 8813
7417, 7910
7419, 7749
2329, 7421
4360, 7422
7423, 8923
649, 7424
459, 7425
7427, 8928
7428, 9260
7430, 9614
1822, 7431
4505, 7434
1210, 7436
7437, 9888
4138, 7438
7440, 8175
7442, 8758
1883, 7443
6623, 7444
7445, 9594
7446, 7516
7180, 7449
3292, 7450
7190, 7451
4646, 7452
7455, 8777
3502, 7460
5904, 7462
7463, 8543
3991, 7466
4933, 7468
3139, 7469
7471, 9641
2825, 7472
5036, 7473
7476, 7930
7477, 9559
7478, 8962
7202, 7479
7480, 9813
3627, 7481
1246, 7482
3930, 7483
5359, 7484
3194, 7488
7490, 7615
4325, 7491
3221, 7492
7493, 8763
7494, 9808
1226, 7495
7497, 7500
7499, 9194
7501, 8677
7502, 8187
72, 7503
5952, 7504
7505, 7559
4323, 7506
5683, 7510
7511, 7536
4648, 7512
945, 7513
7515, 9021
7427, 7517
3572, 7518
7523, 9497
7524, 8779
1102, 7525
97, 7527
3981, 7528
1590, 7530
4181, 7531
2193, 7535
7537, 9406
4902, 7538
1429, 7539
3993, 7542
504, 7545
670, 7546
7243, 7547
5403, 7549
4870, 7550
7551, 8804
2684, 7554
3700, 7559
4828, 7561
2665, 7562
4075, 7563
7564, 9293
7565, 8147
469, 7566
2421, 7569
4164, 7570
2599, 7573
3891, 7574
1132, 7575
7577, 8427
2266, 7579
7580, 7747
7581, 8796
1371, 7582
7583, 8682
106, 7584
7585, 8733
6866, 7587
7588, 7776
2603, 7589
7590, 8137
5478, 7591
4185, 7592
7597, 9931
7602, 9324
7603, 7713
646, 7604
3309, 7608
3712, 7609
5749, 7610
4769, 7611
7082, 7616
805, 7618
1938, 7619
6738, 7621
2523, 7626
6280, 7627
7628, 7692
7630, 7705
5885, 7632
7634, 9599
6138, 7635
3409, 7637
988, 7638
7639, 8162
7641, 8118
2672, 7642
7644, 8025
7646, 8569
6541, 7648
6364, 7649
3800, 7651
6309, 7652
7656, 9996
7657, 9410
7658, 9177
7660, 9524
615, 7661
5132, 7662
1125, 7665
5870, 7666
2265, 7668
3447, 7670
7671, 8216
3400, 7673
610, 7675
3112, 7676
7678, 7805
1125, 7679
7680, 8600
7681, 9801
5513, 7683
7684, 7700
5018, 7685
7688, 9973
7691, 9568
2862, 7693
7694, 8838
7695, 8400
6295, 7698
7699, 8141
7700, 9523
980, 7701
7702, 8077
6062, 7706
7711, 8145
5198, 7712
7225, 7714
7715, 8001
2807, 7716
2693, 7719
3855, 7720
3664, 7721
3265, 7726
2405, 7727
7728, 8728
6587, 7729
7731, 8251
1509, 7732
2900, 7734
7735, 8374
1911, 7738
6035, 7746
7748, 8475
7750, 9696
3684, 7751
5203, 7752
7753, 9879
1132, 7754
7757, 8653
3741, 7758
7759, 8104
1256, 7762
2769, 7763
1265, 7764
3986, 7765
6757, 7766
1732, 7767
7769, 7902
7771, 9921
3565, 7772
6711, 7773
3327, 7777
7778, 8076
7780, 9594
5121, 7781
7440, 7782
5398, 7783
7784, 8030
7532, 7785
7788, 8992
7789, 9868
4295, 7790
2210, 7791
5990, 7792
2135, 7793
1632, 7794
7797, 9484
2724, 7799
2766, 7800
5205, 7802
5223, 7803
7804, 9523
7806, 8540
7807, 9389
1466, 7808
7809, 8362
7810, 8626
7811, 9866
4482, 7815
5062, 7817
7818, 8703
3708, 7819
493, 7822
3197, 7823
7825, 8861
3372, 7827
2513, 7829
7830, 9745
7831, 9803
7832, 8727
7833, 9322
161, 7834
4281, 7835
6341, 7836
7837, 8441
7839, 9762
4222, 7843
2423, 7844
1588, 7845
7803, 7846
7529, 7848
7850, 8260
7851, 8707
370, 7853
3271, 7854
7856, 9862
3492, 7857
7859, 9869
2274, 7861
7863, 9082
2247, 7864
3452, 7866
7867, 9271
7868, 8692
7870, 8709
217, 7871
4853, 7875
7876, 9312
7877, 9333
7879, 9275
7880, 9103
6092, 7882
725, 7884
1313, 7887
7890, 8461
7650, 7891
3433, 7892
2549, 7894
7895, 9586
4539, 7896
3826, 7899
7622, 7901
7902, 8935
4142, 7906
7907, 8958
7908, 7982
7910, 8210
5459, 7911
4310, 7912
4177, 7916
800, 7919
7920, 8142
7922, 8024
4827, 7923
3191, 7924
6818, 7925
3521, 7927
1750, 7929
4438, 7931
7933, 9271
2292, 7934
4544, 7935
1717, 7936
1329, 7939
5048, 7940
643, 7942
6221, 7945
7946, 8130
7947, 8554
7949, 8950
2001, 7950
2792, 7951
7952, 9364
3907, 7953
973, 7955
3240, 7960
7962, 8394
1332, 7963
3597, 7965
7966, 9101
7967, 9326
1497, 7968
3421, 7969
4027, 7970
7417, 7972
2261, 7973
7974, 9870
1324, 7977
261, 7978
7979, 7983
7509, 7981
7982, 8050
7985, 8604
1454, 7986
4440, 7987
6230, 7989
1892, 7990
7471, 7991
3202, 7992
3553, 7996
4149, 7997
7998, 8980
444, 7999
2631, 8002
4218, 8005
3166, 8006
5386, 8007
8008, 8058
8009, 9977
7852, 8011
8012, 9701
8013, 8083
1092, 8014
3644, 8018
8019, 8914
2803, 8020
3769, 8022
4988, 8023
8028, 9883
7620, 8029
5677, 8030
7083, 8031
8035, 8997
1303, 8038
2778, 8039
8040, 8294
4641, 8041
8042, 9397
8043, 9750
2206, 8044
2566, 8045
8048, 9737
4164, 8049
3407, 8051
8053, 8487
8056, 9033
364, 8057
4076, 8059
2781, 8061
6485, 8063
8065, 9217
8066, 9487
1349, 8067
1458, 8068
1606, 8069
4072, 8071
8036, 8072
8077, 8328
4908, 8078
6864, 8079
207, 8080
8081, 8382
5055, 8086
3801, 8087
8088, 8796
6951, 8092
2933, 8093
2481, 8094
8096, 8613
2253, 8097
8101, 8764
3358, 8103
7450, 8105
8108, 9226
5574, 8109
8110, 9317
1856, 8111
8114, 9289
7873, 8115
8117, 8121
1164, 8119
6609, 8120
8121, 9616
1597, 8123
7449, 8126
3138, 8127
8128, 8582
1000, 8129
2041, 8133
5148, 8134
802, 8135
1022, 8136
5682, 8138
5300, 8139
1821, 8140
2451, 8144
333, 8146
6360, 8148
2690, 8149
8152, 9249
2655, 8153
8154, 8524
1146, 8155
3089, 8156
3381, 8157
8158, 8309
7447, 8160
6311, 8161
6819, 8166
2638, 8167
7188, 8168
8169, 8877
7203, 8170
8174, 8492
7524, 8176
7316, 8178
8179, 9412
325, 8180
2317, 8182
6878, 8183
8187, 8600
5592, 8189
8192, 8246
7603, 8193
2004, 8195
856, 8196
4778, 8197
8199, 9908
368, 8200
7486, 8202
8203, 9524
3159, 8204
8067, 8207
6395, 8208
5062, 8209
8211, 9852
8212, 8642
6666, 8213
8214, 8354
7874, 8217
3098, 8218
8219, 8861
4641, 8220
8221, 9433
1106, 8223
4779, 8224
8226, 8467
4588, 8227
8230, 9424
6447, 8231
6013, 8234
8235, 8744
4792, 8236
2214, 8238
6474, 8240
301, 8245
2843, 8247
4417, 8248
7090, 8249
8251, 9196
2966, 8252
8253, 9548
8259, 9940
5035, 8261
8264, 9065
5823, 8265
8267, 9166
7602, 8269
8270, 8637
3606, 8271
1379, 8272
3659, 8274
7090, 8276
4641, 8277
663, 8278
8212, 8279
1965, 8280
8281, 9471
822, 8282
4792, 8283
564, 8286
5930, 8288
1507, 8290
2582, 8291
5002, 8292
6549, 8295
6243, 8296
8297, 8629
8298, 9845
7760, 8299
6703, 8303
875, 8305
6951, 8306
5716, 8308
1744, 8310
6674, 8311
2870, 8315
3746, 8316
6443, 8317
1047, 8318
5656, 8319
338, 8320
4819, 8323
8324, 9986
627, 8327
4164, 8328
8129, 8329
8332, 9383
201, 8333
6304, 8336
7671, 8339
4865, 8343
6348, 8344
7776, 8346
962, 8347
3148, 8351
8110, 8356
5359, 8357
4228, 8359
5158, 8360
8033, 8365
1265, 8366
6932, 8367
8368, 8928
8371, 8789
8373, 9873
8375, 9185
1027, 8377
4132, 8378
8380, 8431
7275, 8382
4075, 8383
710, 8384
8385, 9249
1506, 8386
3144, 8387
8388, 9324
4947, 8389
6772, 8390
8391, 8884
3649, 8392
7620, 8393
5946, 8394
912, 8396
8397, 9263
2917, 8399
6855, 8401
8403, 9011
7278, 8405
4314, 8406
8407, 9779
8408, 9441
7247, 8409
8410, 9925
7213, 8411
8413, 9485
7930, 8415
854, 8417
2872, 8418
7764, 8419
6605, 8420
3262, 8421
4318, 8423
8424, 9072
8425, 9101
5534, 8426
5560, 8428
8429, 9945
5716, 8430
4417, 8433
1735, 8434
8436, 9470
6718, 8437
8438, 8980
5525, 8439
8442, 9988
4721, 8444
2689, 8449
8450, 9217
1262, 8451
6634, 8453
8454, 9210
3022, 8455
287, 8456
844, 8457
2919, 8459
8460, 9190
4504, 8462
8463, 9860
8325, 8466
5798, 8468
8470, 9193
6484, 8471
2844, 8472
7286, 8473
2666, 8474
6485, 8476
2409, 8478
1293, 8479
7053, 8480
8256, 8481
756, 8483
2451, 8484
4579, 8485
1614, 8490
2672, 8491
7419, 8493
8495, 8704
4409, 8496
3993, 8497
4429, 8498
8500, 9381
8501, 9432
8503, 8966
8504, 9950
7338, 8505
376, 8506
8507, 9926
8508, 8565
2285, 8509
534, 8511
5401, 8512
7618, 8516
2772, 8517
5755, 8518
8519, 9673
6392, 8522
8523, 9530
8524, 9079
4108, 8525
8528, 9462
5578, 8529
8530, 8668
8531, 8741
8532, 9044
3017, 8533
4031, 8534
1449, 8539
6041, 8542
2546, 8544
8546, 9260
1827, 8547
8548, 8936
7280, 8549
1719, 8553
7672, 8557
3706, 8558
5364, 8559
2572, 8563
5406, 8564
8002, 8566
8381, 8568
4325, 8570
2037, 8571
8572, 8804
5708, 8573
635, 8574
6707, 8575
6990, 8577
3986, 8579
8581, 8861
1751, 8583
8584, 8678
6723, 8588
1557, 8589
8592, 9063
7746, 8593
3748, 8594
888, 8595
8597, 9899
935, 8598
4504, 8599
3372, 8602
1307, 8605
7243, 8606
8608, 9452
3564, 8611
4962, 8612
960, 8617
1967, 8618
6851, 8619
8135, 8620
8621, 8807
8622, 9893
8623, 9253
416, 8628
5524, 8629
8630, 8769
8632, 8709
1839, 8633
8634, 9157
4814, 8635
5661, 8636
6217, 8639
745, 8644
1189, 8645
7236, 8646
8648, 9721
2144, 8649
5375, 8650
6307, 8654
7750, 8655
7071, 8656
7025, 8657
8658, 9673
8662, 9391
8663, 9312
8636, 8664
3253, 8665
6101, 8666
6807, 8667
1624, 8668
2421, 8670
5629, 8672
3616, 8673
8482, 8674
4806, 8675
5592, 8683
2724, 8686
6881, 8687
8688, 9764
5394, 8689
5599, 8690
5652, 8691
3058, 8694
8696, 9042
6122, 8697
3825, 8698
7729, 8700
1361, 8702
4122, 8706
8707, 9946
8364, 8708
8711, 9304
5951, 8712
8238, 8713
369, 8715
7749, 8716
5902, 8718
8719, 8744
6899, 8721
8722, 8809
6210, 8725
6923, 8730
5132, 8732
8734, 9248
5170, 8736
8740, 9994
977, 8742
1404, 8743
441, 8745
6837, 8746
8747, 8749
618, 8748
8751, 9324
6219, 8752
8753, 8761
6365, 8756
2531, 8757
4051, 8759
7627, 8760
2008, 8762
6558, 8768
306, 8770
8772, 9462
8773, 9642
1026, 8774
7137, 8776
4685, 8782
4309, 8783
5735, 8786
8787, 9170
8325, 8792
1275, 8793
4185, 8794
3612, 8795
2234, 8797
8798, 9250
3287, 8800
3223, 8801
4712, 8806
8807, 9074
3052, 8809
3528, 8810
8614, 8812
8816, 9800
8817, 8873
5819, 8820
8464, 8824
3983, 8825
8128, 8828
4626, 8830
8832, 9081
8834, 9279
8836, 8873
8837, 9926
8839, 9449
8841, 9458
6401, 8842
4689, 8844
7611, 8845
1450, 8846
3102, 8848
5342, 8849
7614, 8853
3062, 8854
7742, 8855
7851, 8856
8857, 9621
911, 8858
8859, 9233
8860, 9790
7474, 8864
3702, 8866
1053, 8868
8870, 9085
8413, 8871
7128, 8872
7710, 8875
6956, 8878
1487, 8881
8882, 9601
8883, 8981
8885, 9664
6291, 8887
6343, 8888
916, 8889
450, 8890
5676, 8891
7198, 8892
2506, 8893
8894, 9747
3583, 8895
8414, 8896
247, 8897
3008, 8898
8900, 9322
4583, 8902
905, 8903
8904, 9409
8905, 9821
1700, 8907
6745, 8909
8910, 9338
8912, 9891
784, 8915
5975, 8916
5943, 8917
618, 8922
8413, 8927
8772, 8929
125, 8932
8934, 9724
4001, 8937
8939, 9938
1100, 8941
1407, 8942
391, 8943
8375, 8944
1774, 8946
7217, 8947
2292, 8948
7106, 8949
3725, 8951
2984, 8952
5669, 8953
6721, 8955
6572, 8956
2901, 8957
4729, 8958
5982, 8959
317, 8960
7944, 8961
3530, 8964
3599, 8965
4834, 8968
6947, 8972
8909, 8976
39, 8978
1506, 8979
5356, 8982
6592, 8983
2092, 8985
4595, 8987
8994, 9684
8995, 9194
889, 8996
8032, 8998
4603, 8999
5855, 9000
2774, 9001
7129, 9002
1601, 9003
4499, 9004
2993, 9005
1816, 9006
8668, 9007
8193, 9012
1825, 9014
2051, 9015
9017, 9532
6903, 9018
6492, 9019
198, 9022
7070, 9023
9024, 9114
5563, 9028
6679, 9029
4210, 9030
9032, 9256
9034, 9244
1816, 9036
2835, 9038
9040, 9255
3286, 9041
1443, 9043
8201, 9045
3694, 9046
7259, 9047
623, 9048
4214, 9049
6167, 9050
9052, 9319
8861, 9053
348, 9054
6512, 9057
9059, 9095
5484, 9061
4580, 9066
4792, 9067
7750, 9070
8779, 9071
4398, 9072
8831, 9073
9076, 9998
376, 9077
5316, 9078
7068, 9083
408, 9084
1532, 9086
1038, 9087
8298, 9089
3774, 9092
9093, 9317
5239, 9094
980, 9095
2358, 9096
958, 9097
8711, 9098
25, 9102
1283, 9104
8667, 9107
9108, 9360
9106, 9109
9111, 9371
9043, 9112
9113, 9125
4578, 9115
6064, 9116
7864, 9119
1916, 9120
811, 9121
8118, 9124
9072, 9128
9129, 9575
2087, 9130
4767, 9132
7247, 9135
6950, 9136
4503, 9138
9140, 9437
5237, 9143
3617, 9144
9145, 9584
2774, 9147
8361, 9148
6479, 9149
4644, 9151
877, 9152
89, 9154
5631, 9158
4053, 9159
3785, 9161
8949, 9162
7646, 9164
4036, 9165
9168, 9632
7715, 9169
6363, 9171
5741, 9172
3003, 9173
9174, 9725
554, 9177
4638, 9179
5435, 9180
8406, 9181
4075, 9182
9183, 9220
9184, 9873
8283, 9186
8880, 9187
807, 9188
9189, 9273
5833, 9190
7553, 9191
2817, 9192
4027, 9195
7823, 9199
2801, 9201
4595, 9202
7839, 9204
9205, 9585
5797, 9206
2290, 9207
4304, 9208
600, 9209
9213, 9338
439, 9214
2036, 9215
8050, 9216
6822, 9219
6801, 9221
9092, 9222
3065, 9223
4400, 9224
4540, 9225
9228, 9401
9230, 9806
4553, 9232
2040, 9235
9236, 9944
4072, 9238
5024, 9239
8311, 9241
9242, 9696
9243, 9744
1956, 9246
1722, 9247
7931, 9251
9176, 9252
6476, 9253
9254, 9911
9257, 9836
6818, 9259
9197, 9263
9265, 9816
6342, 9268
2051, 9269
4174, 9270
3486, 9274
167, 9276
9277, 9416
1066, 9283
9235, 9284
7831, 9285
7719, 9286
9287, 9502
8202, 9291
6038, 9292
3487, 9293
7541, 9295
7187, 9296
6674, 9298
9299, 9962
7629, 9301
3833, 9302
3184, 9303
9305, 9941
4849, 9309
4436, 9311
3296, 9315
3789, 9316
9112, 9318
13, 9319
9320, 9479
5415, 9321
1555, 9323
2039, 9325
6322, 9327
7738, 9329
5365, 9332
4843, 9334
9335, 9806
9336, 9826
5135, 9339
7745, 9340
9342, 9988
3916, 9343
3734, 9345
9346, 9676
6933, 9347
9348, 9372
3559, 9349
1837, 9350
3597, 9356
2202, 9358
9365, 9546
3956, 9367
686, 9368
9369, 9472
9372, 9882
7700, 9374
5164, 9376
3032, 9377
9379, 9881
9381, 9543
4688, 9386
3478, 9387
5550, 9388
7941, 9390
9392, 9463
9124, 9393
771, 9394
3609, 9399
5142, 9400
3278, 9404
9406, 9923
1402, 9410
9414, 9732
6423, 9415
4943, 9417
4079, 9419
1162, 9426
1515, 9428
6866, 9429
5951, 9436
8514, 9439
2726, 9440
434, 9443
9444, 9541
7338, 9447
54, 9450
4728, 9451
1785, 9453
5861, 9454
4347, 9456
1670, 9461
1053, 9462
8753, 9464
7369, 9468
7137, 9469
745, 9470
3191, 9471
6542, 9478
5795, 9480
9481, 9572
6825, 9482
9483, 9840
4705, 9484
2560, 9486
1581, 9489
537, 9490
9493, 9655
4906, 9494
7717, 9498
1706, 9499
5981, 9500
576, 9501
9504, 9943
9371, 9505
9506, 9532
7400, 9507
3833, 9509
3760, 9511
5896, 9512
549, 9513
5716, 9514
4998, 9515
8899, 9516
186, 9517
4663, 9518
2753, 9520
1431, 9521
529, 9522
5201, 9524
8875, 9526
8226, 9527
1971, 9528
8718, 9529
8587, 9531
3871, 9533
1543, 9534
3349, 9536
736, 9537
6380, 9539
7704, 9540
8155, 9544
8371, 9551
4763, 9553
6565, 9556
207, 9557
7431, 9562
242, 9567
4344, 9573
9574, 9819
2603, 9575
3519, 9576
5649, 9579
4578, 9580
4075, 9581
581, 9583
79, 9585
2075, 9590
8859, 9591
801, 9592
5666, 9593
9597, 9848
9547, 9600
4629, 9603
9304, 9605
8206, 9607
3529, 9608
1466, 9610
2572, 9611
8025, 9613
5924, 9617
4221, 9618
5137, 9619
3051, 9621
8790, 9624
2057, 9626
5839, 9628
5090, 9630
1134, 9631
1367, 9634
9050, 9637
3468, 9638
4765, 9639
3084, 9640
2177, 9643
7174, 9644
4071, 9645
6969, 9646
1748, 9647
6354, 9648
745, 9650
5458, 9651
5591, 9654
6046, 9655
1912, 9656
9425, 9659
9179, 9662
6832, 9666
7757, 9667
4629, 9669
1531, 9670
8100, 9672
3169, 9674
1046, 9675
2250, 9677
9679, 9785
8054, 9681
4921, 9682
2004, 9685
496, 9688
9555, 9689
3916, 9691
6122, 9693
7285, 9694
6897, 9695
9698, 9940
6552, 9702
1846, 9705
2159, 9708
7581, 9709
6440, 9710
6101, 9711
8128, 9712
6702, 9713
9714, 9812
4465, 9715
9459, 9716
9717, 9917
5651, 9721
9723, 9742
8308, 9729
9563, 9733
937, 9734
5604, 9735
9555, 9736
4355, 9738
8641, 9740
1544, 9746
894, 9748
7830, 9752
7392, 9755
2702, 9757
1095, 9761
1981, 9762
5065, 9763
9765, 9877
598, 9766
1296, 9767
3055, 9769
6938, 9771
3291, 9772
2830, 9778
3548, 9781
1650, 9782
983, 9783
9788, 9815
985, 9789
4713, 9790
2284, 9792
2058, 9794
930, 9796
2682, 9797
2435, 9800
5443, 9802
3063, 9804
8226, 9808
8327, 9809
3134, 9811
7013, 9815
1513, 9817
1119, 9822
4729, 9824
3316, 9829
4832, 9831
2042, 9832
6492, 9834
9835, 9844
1503, 9836
8259, 9839
1675, 9840
9016, 9841
2402, 9842
2802, 9843
9846, 9909
7809, 9847
8809, 9849
9160, 9851
6096, 9853
166, 9854
25, 9857
2545, 9858
8583, 9859
5364, 9862
133, 9863
3368, 9865
7538, 9867
8042, 9875
54, 9876
4272, 9881
1732, 9882
453, 9884
3931, 9889
1650, 9890
8882, 9895
3184, 9896
7655, 9898
3353, 9899
1924, 9900
198, 9901
8520, 9903
1, 9906
6409, 9907
3987, 9908
5393, 9910
1083, 9912
6906, 9913
5716, 9915
8357, 9916
7794, 9918
9597, 9919
967, 9922
9927, 9959
9861, 9928
2451, 9930
1361, 9932
5261, 9934
2210, 9937
2207, 9939
4056, 9942
7282, 9948
7170, 9949
5294, 9951
2697, 9953
3880, 9954
8928, 9955
5135, 9956
2894, 9957
5153, 9958
5141, 9959
5016, 9960
2723, 9963
175, 9964
3756, 9967
1324, 9968
7980, 9969
1412, 9970
5559, 9971
1540, 9974
41, 9975
9785, 9976
544, 9979
2935, 9980
3847, 9982
5571, 9983
5160, 9984
4316, 9985
6903, 9986
1883, 9987
4070, 9991
7705, 9993
3414, 9995
2690, 9996
6958, 8020
285, 3384
2571, 3431
6, 5952
6755, 9081
5838, 9330
501, 4469
3860, 4940
157, 4903
2981, 5900
3847, 7891
6044, 6948
4031, 6666
1145, 7544
8809, 9762
743, 7614
22, 4304
23, 3652
5316, 8993
1959, 6572
1196, 6630
463, 2655
1528, 9459
127, 6972
4866, 7412
34, 2388
35, 1198
37, 2006
5001, 9116
46, 2807
7636, 8853
2064, 3310
49, 6669
82, 8870
1219, 7926
1572, 9137
53, 2321
2571, 8264
5187, 5474
58, 1987
59, 5059
60, 4556
64, 4127
67, 2929
68, 7712
69, 4422
1648, 1811
3559, 3575
1891, 4282
4384, 6964
475, 8219
6996, 8679
1632, 1658
83, 4131
1921, 3895
870, 6735
86, 9812
174, 4837
1403, 3860
1427, 1759
4318, 7220
1007, 4756
3660, 4717
4835, 6994
97, 5180
3, 98
3844, 4696
4363, 8879
283, 9616
102, 3739
2405, 2775
105, 7966
7584, 8952
540, 2789
6188, 7887
4076, 4594
5341, 9118
5253, 6213
4090, 6354
851, 8613
1062, 5365
4259, 4528
5861, 5926
536, 5933
2495, 3093
2989, 8499
126, 6400
222, 7138
2454, 2612
1082, 2981
4129, 9673
914, 5572
139, 8072
4045, 9920
2876, 9498
1442, 4686
2704, 2748
144, 7413
145, 7753
3266, 8533
1592, 6467
3463, 7375
2578, 4480
2039, 5112
1577, 2994
6126, 9818
2042, 5955
334, 3130
159, 616
1489, 7855
165, 2382
3496, 4360
1505, 5488
168, 5335
169, 1090
1016, 1294
4337, 9357
175, 9536
3268, 4486
2907, 3703
1846, 9861
182, 2708
6984, 7654
185, 6862
188, 1717
4399, 8353
192, 5836
3080, 7081
5803, 8698
197, 5415
2418, 2511
4401, 9838
202, 4356
4555, 6245
3141, 4235
1433, 8078
208, 8135
9067, 9355
5698, 6273
1183, 2255
215, 1791
4774, 6411
217, 6476
4606, 9030
219, 7540
670, 3983
6982, 8847
222, 4404
3028, 3345
9024, 9232
2860, 8445
227, 4922
2702, 9594
1614, 8829
600, 4869
7157, 9549
8143, 9671
1814, 2407
1189, 7633
1159, 1233
237, 4053
238, 4037
239, 3087
240, 5986
3094, 4409
775, 7921
132, 244
3855, 8034
9589, 9909
8450, 8506
5841, 8598
2918, 9106
4276, 7867
252, 9543
4123, 8562
254, 2675
8509, 8678
151, 5251
720, 2429
260, 6595
1741, 7978
2622, 6550
4933, 7645
5386, 6425
284, 5892
267, 5942
268, 7776
481, 4395
271, 1213
2024, 2575
4779, 5043
36, 5445
5562, 9926
276, 9220
4637, 7485
278, 6184
1106, 3822
1454, 8763
2214, 3582
3149, 9820
287, 7696
288, 804
769, 8185
291, 7302
8720, 9642
1911, 6583
3032, 6514
298, 3755
299, 4600
2262, 9464
3058, 5918
2939, 6931
1243, 7465
4079, 5592
311, 9407
467, 6565
6143, 9739
2981, 5151
724, 5178
2159, 4774
1048, 2368
1189, 2069
3812, 8171
5260, 6073
815, 2664
326, 5156
4157, 7679
328, 5851
329, 3344
332, 6536
3056, 3901
2202, 4751
4467, 6708
8320, 9758
37, 4635
7860, 9780
1455, 9032
3590, 4232
3948, 6073
3102, 8418
889, 1585
353, 7560
5946, 7130
3116, 7820
5690, 9697
360, 4552
362, 5526
1435, 2621
364, 2051
366, 3464
368, 5192
370, 5692
7380, 7403
2565, 8978
1891, 4339
1586, 5765
378, 2634
5200, 6280
1176, 2590
6990, 7982
2344, 2670
9077, 9163
386, 2655
824, 5863
388, 9791
2767, 4668
2246, 2538
5391, 7029
4909, 8232
6173, 9132
4486, 5958
395, 5819
2566, 3715
4016, 4603
399, 7029
1801, 2970
974, 5870
1776, 9635
1199, 2552
7415, 7470
5161, 9171
2395, 4485
4029, 9677
4172, 7946
7283, 7558
4882, 7818
414, 680
283, 7556
1974, 3771
3070, 9616
4319, 6659
421, 3263
422, 1232
6068, 8173
624, 8777
1555, 8824
2208, 6332
1260, 4971
339, 3613
2128, 3000
751, 1364
2925, 7455
2793, 5007
7328, 9915
8153, 9885
439, 6411
2639, 9933
5116, 6271
4422, 5056
826, 3415
1388, 3700
1509, 5398
7988, 8890
1745, 7315
4146, 9759
453, 8759
6428, 7823
1941, 7364
7304, 9256
461, 7106
600, 2117
1152, 8275
117, 979
4922, 6328
468, 5272
5772, 6740
1857, 9434
1855, 1904
474, 2856
8680, 9667
860, 9956
6189, 7669
3691, 8538
3706, 3957
808, 7162
491, 2074
479, 9088
493, 5732
2855, 4639
2216, 4971
3488, 6848
498, 8004
2729, 3692
305, 500
503, 2942
506, 5993
508, 1218
510, 5032
5132, 7394
6192, 7835
6862, 7518
22, 516
5303, 8198
520, 1299
1792, 6124
524, 767
525, 8371
4504, 7252
7862, 9118
530, 745
1606, 8263
533, 8215
535, 6310
530, 537
539, 6613
3352, 4189
948, 4925
544, 6888
0, 6147
2612, 5576
548, 4055
549, 5376
550, 4554
551, 3744
529, 8382
4225, 6515
6300, 9438
6347, 7240
2231, 5314
1932, 8360
5893, 7697
2862, 9029
4685, 6891
567, 5311
1022, 7338
569, 6021
571, 7743
6640, 9470
573, 2303
7416, 8080
2636, 9969
6167, 7286
506, 6481
2980, 4865
5211, 5457
547, 4926
9659, 9766
5198, 6949
1976, 5062
1073, 4596
588, 1675
2239, 5657
591, 1576
4527, 4554
593, 4054
594, 3889
2342, 3036
597, 8226
598, 4844
5770, 6922
1970, 3109
1764, 8085
3770, 5890
609, 1712
2299, 4619
614, 1357
5177, 8088
617, 8582
402, 1093
621, 691
622, 997
1252, 2118
629, 5014
3491, 7575
2857, 9758
7760, 9594
635, 2525
4586, 9352
637, 8748
639, 8026
2464, 5848
641, 5917
4714, 6285
3968, 4883
2644, 7604
229, 9212
160, 7538
651, 2758
5203, 6672
654, 1827
7520, 8734
9535, 9944
3803, 8349
664, 4296
665, 7708
1839, 2516
667, 3843
668, 8638
672, 8644
3931, 7899
674, 7689
5269, 5400
676, 6724
414, 677
5650, 7455
4046, 4684
1378, 4194
4163, 6730
683, 5923
1669, 2892
686, 9967
688, 4570
3104, 5946
902, 6764
1535, 3096
2860, 4555
697, 9379
3214, 4819
5086, 8627
4472, 5741
223, 702
703, 7801
5858, 7320
705, 3312
706, 9087
709, 1360
7070, 7830
1629, 8451
6712, 8392
3659, 6380
1862, 8781
1380, 3965
2719, 6340
3516, 4915
5871, 6151
2402, 9463
2130, 6585
5855, 8352
630, 8733
375, 737
5193, 6634
3395, 3970
1017, 9848
748, 9180
1199, 5603
2439, 2755
1266, 2055
819, 2505
2817, 3171
483, 9746
1601, 2192
767, 4417
5055, 6274
773, 3440
777, 1312
2961, 7983
958, 6292
780, 2984
842, 4836
786, 6583
30, 8073
2978, 5671
791, 6816
3054, 8580
5000, 7203
794, 9514
795, 1554
796, 9976
5745, 7517
1525, 7667
4920, 5597
5608, 7862
806, 6843
807, 1289
671, 7775
8840, 9718
2345, 8219
814, 2513
3114, 8437
817, 4896
7373, 9922
823, 6304
4200, 8034
1440, 5199
2602, 9543
827, 9516
5068, 7377
232, 4609
834, 7321
1861, 3031
5861, 9262
4896, 6422
838, 8266
3231, 6396
8379, 8843
6932, 8963
847, 5452
5383, 8850
625, 1731
1111, 4101
854, 8847
1268, 4781
5256, 6245
7017, 9035
863, 5344
2145, 7640
1343, 7860
3507, 5345
868, 3736
869, 3863
1849, 6750
1112, 1659
2056, 4446
3726, 5288
1666, 8442
1808, 3168
2900, 5933
886, 3597
888, 5131
890, 3496
1254, 2689
378, 5437
5871, 9701
3276, 9774
2197, 3111
59, 901
116, 903
88, 4773
2400, 9718
2792, 8889
1906, 8882
918, 4113
8367, 9071
2428, 8119
5883, 9765
2874, 8110
925, 9558
2688, 9446
4378, 6062
2358, 3350
2139, 8755
937, 3228
3638, 6033
5392, 6024
114, 4451
6224, 6504
947, 5283
953, 8112
6416, 9476
4330, 9043
5917, 5923
959, 9594
2138, 6595
4448, 9117
3259, 9904
966, 2863
968, 9612
969, 6488
2612, 6670
5091, 5931
973, 6836
2586, 9391
2748, 8973
978, 3801
7124, 7779
984, 9702
985, 9097
986, 1059
987, 2388
2199, 5183
992, 9379
4605, 7470
995, 7075
996, 7396
997, 3700
1963, 8321
1000, 5843
223, 3208
2856, 7624
1004, 4472
1006, 2831
1696, 6974
1009, 9243
507, 6557
4955, 8212
1336, 5189
3086, 9545
1320, 6053
5916, 9069
4407, 7059
6595, 8590
2986, 9690
5224, 8765
788, 4587
1026, 1072
538, 3686
5464, 7944
3626, 5178
4647, 6291
4650, 8847
1036, 5844
6402, 6915
1040, 3386
1045, 5876
1462, 3887
1101, 2465
3639, 9902
1054, 3486
1571, 8736
4809, 7534
2270, 4747
1060, 9907
1061, 2297
7613, 8494
1840, 4570
3816, 5560
216, 5819
2723, 9283
6976, 9565
8003, 9293
1468, 3868
2237, 2531
3891, 9218
5784, 8851
1077, 7704
1657, 6214
1083, 7029
2363, 9443
4118, 4299
1087, 2853
2922, 4659
662, 3939
634, 1097
5050, 6777
6951, 7603
1105, 8225
1056, 6622
1601, 7748
3084, 5570
2677, 6655
1113, 8776
3352, 7118
1651, 7432
1739, 8037
152, 1119
9, 8826
1121, 4549
2716, 5200
4133, 5924
1293, 3371
1130, 1754
2066, 4113
1137, 9067
2644, 4531
3033, 8349
1144, 3584
5134, 6688
1151, 1238
3538, 6014
418, 4252
1156, 3797
3230, 5616
7409, 8308
3731, 7983
7166, 7217
459, 7630
1685, 6975
1487, 4708
6687, 7118
1177, 8131
225, 8656
912, 1179
4628, 9899
4663, 9814
1183, 4617
2582, 6821
1187, 3255
6589, 6702
1466, 2743
1633, 4734
1197, 9403
4928, 7315
7277, 8002
1202, 6155
1967, 7903
4279, 9502
8480, 8720
3358, 5562
7549, 9391
1689, 9765
753, 9897
1513, 1676
1220, 9433
154, 3174
6483, 7113
1230, 5935
3721, 9717
7388, 7515
2008, 2777
3535, 6304
4214, 9844
4973, 8704
1238, 5851
1240, 8859
3371, 6848
1446, 5590
1245, 4817
9635, 9946
8535, 9278
3068, 5679
2726, 5767
1254, 7309
3192, 8206
7731, 9576
1261, 3890
2712, 7982
1704, 4559
1829, 3434
7507, 9322
8215, 8681
1106, 6743
5770, 5981
2574, 4552
534, 3864
8975, 9706
1292, 1759
3234, 6645
1302, 8337
7029, 8038
1932, 7796
2490, 8275
1314, 4656
1315, 3932
5911, 9479
2585, 7345
3853, 8791
3155, 3295
2402, 6832
1330, 8352
5165, 9730
1162, 1335
3654, 9227
1339, 9556
4396, 8132
5686, 8402
4976, 5265
4302, 8527
1694, 3912
989, 6345
2428, 9853
2928, 5750
1355, 7667
1358, 6857
983, 8343
7710, 7842
4600, 9492
3460, 9092
1456, 9044
1364, 7729
6340, 8087
1312, 1366
3004, 6268
1369, 5283
3409, 7580
6352, 9268
892, 1373
3490, 9278
1379, 2896
744, 6105
3165, 5056
3520, 5207
375, 2930
7232, 7263
2177, 4842
4710, 6348
6864, 8106
3335, 9065
2134, 3509
3233, 7516
216, 9423
6430, 8624
2439, 4259
1418, 7518
3292, 8906
2430, 5496
44, 5093
6978, 8266
1429, 1571
6249, 9377
1431, 5143
4251, 8289
6759, 9542
1437, 5445
1439, 3654
1543, 8906
1448, 8201
7156, 9768
1453, 3068
1459, 4475
1961, 5081
6686, 8163
3975, 4535
643, 1465
6326, 7151
5813, 8881
1473, 8046
8147, 8949
7304, 7557
2602, 2736
115, 9462
2127, 8967
1484, 9768
1491, 2621
343, 3154
1494, 3783
2073, 2646
2268, 6475
1716, 2001
3275, 5981
1506, 7137
1428, 1507
55, 5408
1510, 7729
2994, 6350
5946, 9428
5369, 9416
1865, 4368
3838, 9842
1529, 7611
4418, 8339
1533, 2410
1534, 7050
3465, 5688
6026, 8313
2115, 7669
6237, 9295
3638, 5295
6214, 7650
1550, 6211
2546, 6468
8551, 9141
2524, 5716
1556, 4212
1557, 2755
2841, 9813
1146, 1564
4738, 9037
8322, 8967
2551, 3452
4704, 9336
225, 1580
3967, 7359
5499, 6153
3362, 6375
2284, 6722
3702, 9135
900, 8461
2019, 2156
1600, 1773
9333, 9373
919, 2119
1609, 3244
2333, 9042
1611, 2169
1614, 5455
520, 4171
1618, 6397
1619, 2106
2305, 5629
1625, 4097
1627, 7612
1630, 4981
2898, 9444
3605, 3670
1637, 8360
1639, 2261
3584, 4636
1870, 4987
2279, 5543
1554, 4416
3475, 3795
1648, 6623
3, 5240
6243, 8643
1654, 4546
1661, 3716
1662, 5756
3611, 7425
1844, 1994
1667, 2636
1086, 2717
4066, 5821
1437, 8893
1008, 8243
3370, 9401
4355, 8107
6341, 7286
2990, 7966
3323, 6148
1571, 1688
1694, 7663
1695, 9813
2442, 7473
1700, 2449
2840, 5706
1703, 4552
7236, 9583
1705, 8686
1868, 4943
3418, 8969
1684, 2206
5993, 7341
1718, 6730
3530, 5517
1723, 6689
5068, 6751
7835, 9171
1729, 9218
864, 2523
1734, 5147
4745, 6292
6987, 7222
6110, 6551
375, 1740
6018, 6319
4811, 5097
7368, 9569
1745, 2934
1746, 7390
5465, 7400
928, 9530
1048, 2108
3040, 4353
1763, 6849
2762, 4469
2550, 3930
4492, 7717
4275, 5055
1775, 3008
5317, 6930
2537, 8569
5423, 5774
1787, 7651
3545, 8069
6099, 8028
1171, 3945
5019, 7388
2845, 6384
8586, 9146
755, 1801
6527, 7807
1803, 4312
139, 8642
2872, 9091
1813, 2729
1815, 2903
5632, 5730
2397, 5106
1820, 6402
2692, 7696
780, 9805
1826, 5096
3286, 6032
7312, 8562
3048, 7838
3939, 4721
1636, 8633
348, 3601
1842, 6125
2852, 6899
3777, 5783
4700, 9504
322, 2880
4675, 9324
1862, 6536
1081, 6733
1869, 6143
2216, 5534
3920, 4697
1874, 1978
2958, 4779
1754, 1879
6460, 9431
4450, 6106
202, 1884
4116, 7594
3218, 4677
5280, 9336
4883, 6616
4441, 9658
5752, 5885
4149, 9043
7075, 9742
4291, 6475
3063, 7745
4868, 9850
749, 4089
8125, 9945
1921, 7251
1923, 4218
1925, 3094
2276, 2492
1810, 9985
4207, 8885
6169, 9234
1831, 2933
6266, 6576
1943, 2438
1388, 6620
1947, 8248
4027, 7866
1951, 6452
1163, 1980
1220, 5570
1590, 3227
2937, 4977
1962, 2901
2005, 2742
2911, 4421
1985, 6871
1521, 8901
1996, 5026
554, 2201
2340, 6699
1289, 6594
6818, 9800
1505, 2015
2016, 4991
3999, 7519
1127, 4785
4893, 9977
6360, 7713
2030, 5330
8571, 9479
6107, 9162
3484, 7529
151, 4083
2065, 6372
8239, 8580
2070, 4960
2076, 2647
2078, 6299
2602, 5067
198, 8986
2082, 4474
2083, 7075
1481, 2084
5161, 5336
3642, 6611
2090, 4359
2341, 4231
7256, 8870
2100, 5580
845, 2101
743, 3215
311, 8524
5124, 7684
4850, 5725
2120, 7627
76, 7934
8452, 8913
6749, 9828
2129, 5658
2769, 2917
3472, 8160
4744, 6807
2518, 5575
2140, 2867
482, 4294
7596, 9032
2148, 3548
2149, 5646
2151, 7785
4682, 5088
4333, 6185
2163, 4328
5972, 6307
4915, 6707
2674, 4079
5191, 6142
6735, 7827
2632, 9155
1981, 7629
2187, 8619
2188, 2360
3291, 8772
4170, 9162
2198, 3319
5617, 8361
3909, 7415
1791, 9365
3159, 7110
3977, 7878
2225, 5727
2678, 4834
2229, 8740
1245, 8933
6619, 7340
5662, 9081
2254, 5586
1184, 4673
822, 9165
1504, 6104
1152, 2271
1092, 7637
4680, 5997
2278, 9841
2280, 7274
72, 8801
6035, 7270
2386, 5783
1533, 2291
4081, 7092
4483, 4535
3816, 9829
789, 4920
2302, 4144
8901, 9025
2307, 5699
7269, 9069
2790, 8607
1783, 7675
2020, 6485
3546, 6819
2320, 5282
4867, 8526
4230, 8560
3585, 4055
618, 4583
514, 7494
2339, 4363
2995, 6515
934, 2348
1722, 6786
5452, 9818
2414, 7816
6676, 8693
5776, 6433
2366, 7964
8135, 9833
6614, 9033
4951, 8080
2377, 8058
2473, 9271
2382, 2896
2383, 6907
2384, 8681
2388, 6489
5990, 8633
804, 2394
3774, 4071
3105, 6600
5347, 6880
2411, 4586
2416, 9899
4965, 6317
2422, 6688
2427, 8330
723, 2430
2431, 5194
3613, 5717
3301, 8240
4603, 8522
2448, 6449
6781, 6897
4972, 6211
3671, 6321
2150, 3666
2789, 7458
4712, 7229
1071, 1523
2871, 7930
3136, 9896
4732, 7579
5676, 6846
249, 2603
1984, 8307
5241, 5274
2489, 9223
2577, 9164
4019, 6360
6731, 8554
2501, 5947
5388, 8485
7599, 9160
2505, 8110
3632, 7609
1205, 5546
5489, 7805
708, 9021
7135, 9418
3735, 7500
2879, 7351
5058, 8104
1272, 6571
8137, 9016
3963, 7883
5837, 6382
7055, 7948
2561, 7675
3480, 8729
4864, 7893
5149, 5874
2588, 7010
209, 3019
309, 3684
5312, 6386
3459, 9503
3580, 7219
2972, 5169
543, 7343
6803, 9430
1111, 3068
951, 2949
2625, 5148
4134, 5322
905, 8862
2793, 4902
6230, 9279
3053, 8276
8701, 9888
4496, 8666
1904, 4097
3680, 5893
2503, 2665
7795, 9200
2676, 8082
1376, 8831
1560, 5798
2407, 6769
3842, 5289
149, 2698
3239, 9184
2032, 3502
5016, 6199
4601, 8458
730, 6641
2723, 6448
3323, 8686
2727, 9633
1851, 5628
1906, 9787
1777, 6311
4839, 9928
6689, 7984
2750, 3063
2560, 2751
1138, 9622
2753, 3729
5237, 6730
2760, 8723
3527, 9392
9349, 9725
219, 9914
4995, 5973
883, 2771
2772, 8814
2670, 9804
2778, 4575
3449, 7069
2785, 7629
6762, 8981
2791, 3512
2788, 5127
7534, 9999
1692, 4828
3521, 9487
380, 2803
5329, 8331
8341, 8437
6710, 8330
2122, 2813
2814, 7203
2164, 4138
4929, 9912
5622, 9179
4380, 9524
898, 9265
5796, 6235
769, 6680
8768, 9942
2839, 3150
5519, 5906
9051, 9668
2846, 8374
4894, 9290
4624, 7797
8298, 9945
4944, 6121
7314, 9034
8186, 9143
2859, 4758
3345, 5022
3213, 5848
3262, 4978
845, 2069
2265, 2886
2224, 2345
1656, 9602
2612, 2899
6534, 8489
2908, 7829
2909, 7859
8562, 9768
3494, 9812
5637, 7803
3785, 7106
3241, 8334
1766, 4525
7825, 8155
2950, 7201
4106, 7296
2960, 7367
4342, 9749
6428, 8521
2532, 2967
6256, 8301
8312, 8606
4044, 6545
2988, 8984
2112, 2993
5553, 9314
4012, 5992
4921, 6556
9111, 9228
3797, 8073
3736, 8938
5904, 7003
2928, 4400
6966, 8780
3186, 7006
3033, 6042
3037, 7677
771, 3039
4142, 9606
3817, 9312
5739, 9135
7042, 9649
879, 6201
3065, 9295
5948, 7017
3075, 9780
3077, 6093
3081, 4505
3082, 3308
2493, 9568
798, 4523
3091, 7541
5378, 8016
6439, 9573
3097, 8899
3100, 7676
6381, 9197
257, 1886
3108, 7106
3773, 4929
1086, 7318
3132, 3937
5963, 9519
3134, 6451
3137, 8717
1157, 3138
3436, 8994
7155, 7429
4511, 8060
3734, 9306
3250, 5142
8610, 9333
1914, 7988
4832, 8555
3289, 7897
3104, 3802
6963, 7866
3209, 7735
1081, 3212
2924, 3217
3685, 4693
2969, 6221
6180, 8540
4833, 6621
3232, 9401
1420, 5406
3394, 9935
3241, 9771
3242, 5335
3246, 4479
3474, 4200
4773, 9870
3254, 7721
2511, 4308
5942, 8828
13, 2700
3278, 4832
3279, 7310
2327, 4084
423, 8677
3031, 8771
2657, 3294
4585, 9254
8104, 9211
3302, 9856
4906, 9150
8429, 9056
4525, 6417
3325, 3944
1654, 9703
3336, 5532
2850, 3339
2780, 9396
6150, 7725
632, 3649
6303, 8194
6140, 7587
4169, 6413
3381, 5589
3383, 5943
3390, 7662
1101, 3395
1793, 4642
7297, 9056
5427, 8465
360, 4506
228, 9973
1060, 5726
375, 8326
383, 3413
1553, 3420
3423, 9231
3435, 6707
5964, 8747
3962, 5459
2721, 4711
4543, 8146
6122, 7034
1173, 6074
3478, 7485
3482, 7914
4772, 6499
3491, 8889
1729, 3492
378, 5656
3499, 8294
6278, 9515
1279, 2226
3511, 4569
7598, 8997
396, 872
2392, 9185
1390, 4306
3555, 9525
3556, 7238
4988, 9951
6091, 7077
8920, 8921
3565, 4250
4367, 5462
3574, 5620
2966, 4733
3390, 4340
2039, 6315
3594, 8454
3595, 4783
343, 6269
626, 833
3622, 3703
3627, 8041
8804, 9344
3391, 3644
4409, 8596
3648, 3654
880, 6058
3665, 6609
3982, 4626
3679, 7271
7762, 8651
4593, 7800
8054, 8284
3698, 4935
502, 5793
4774, 8859
6173, 8027
3639, 5390
3722, 9819
4337, 5873
3738, 8996
7722, 7900
3746, 8381
7169, 7581
156, 8380
6066, 7869
2318, 9099
4674, 7293
5037, 5376
2058, 2230
3766, 8918
7945, 9475
3774, 6059
980, 7172
5953, 9777
3788, 6295
6711, 9452
6025, 8886
3804, 9030
6374, 9995
1884, 6973
2825, 9248
4201, 7852
4091, 9009
7658, 9237
6400, 9213
4156, 4552
4646, 9452
4741, 9864
3856, 5651
3857, 5156
378, 8766
3870, 8569
6990, 8874
106, 797
3880, 6099
3480, 3884
6486, 9549
3889, 8900
3893, 8687
3092, 9795
6440, 9950
3202, 9299
2807, 3911
4031, 5507
4558, 4646
3684, 4652
3927, 6046
3489, 9905
299, 8214
4202, 8342
4037, 7723
3, 9382
7948, 8724
7926, 8064
3961, 9753
3966, 8763
4292, 9470
6013, 7459
6855, 9754
5922, 9008
5592, 8561
1268, 7900
1924, 9965
783, 4005
1694, 3270
6314, 9679
7354, 8825
4021, 8715
616, 3968
2856, 6883
656, 8669
5785, 9990
4039, 6839
1702, 5101
9813, 9881
2400, 7493
2093, 9350
4073, 6472
7490, 7920
4080, 9240
4085, 6950
5641, 8547
6098, 6550
5469, 6703
4884, 9062
6556, 7228
7516, 8060
1930, 4130
4983, 5439
9273, 9366
6345, 8784
4181, 6535
6395, 9114
4295, 6087
2106, 4204
4210, 6245
6155, 8017
4401, 4911
1309, 6238
4223, 8201
5106, 9577
6823, 9385
4495, 8164
4729, 8253
4255, 7012
2914, 4405
2852, 4261
900, 4522
1785, 4289
5511, 6067
217, 8908
701, 4326
3266, 5172
5172, 6031
4341, 7629
2292, 7022
4349, 5192
4364, 4505
856, 8062
8616, 9106
6642, 8882
1349, 9255
5217, 5716
4390, 9194
619, 4414
2873, 4427
8487, 9491
4436, 7930
4429, 7975
4443, 6255
4445, 8906
3287, 6250
6498, 9538
7115, 8023
2118, 8447
1084, 9075
2437, 6234
4500, 8043
2258, 4861
7505, 9460
628, 903
4541, 5211
2804, 6103
4859, 9418
5017, 8007
550, 5996
4845, 7685
9525, 9874
9403, 9976
4330, 7108
4765, 7101
1907, 4615
2006, 4618
4334, 4620
4621, 7409
4625, 5197
233, 6477
2535, 6580
8554, 8700
1577, 9611
1550, 4986
6950, 9017
4687, 9206
7568, 9891
3971, 8363
5811, 8388
5910, 6658
5129, 7826
77, 4722
282, 3008
4174, 6738
4731, 5784
8205, 9901
3964, 9728
1073, 4750
6818, 8464
3832, 4760
2973, 4457
4771, 8389
6031, 7553
3921, 4786
8091, 8937
4798, 7813
2765, 4827
7293, 8819
6731, 7607
7016, 9915
8526, 9418
905, 4875
3697, 7550
4877, 9088
4886, 7178
4736, 4892
5221, 6331
2732, 5601
3006, 7761
219, 4285
2329, 9163
4923, 8294
3310, 3484
414, 4942
753, 8141
1211, 9068
8389, 9170
7557, 9287
4961, 7182
1142, 5808
4975, 9123
1657, 4980
2549, 4982
4983, 4990
1060, 4997
3258, 5025
8293, 9814
369, 9378
122, 5038
3897, 6116
7217, 8174
8625, 8716
5064, 8507
4830, 7902
5074, 5169
980, 9868
1661, 5078
3469, 5083
5917, 7960
9370, 9946
1247, 8268
5098, 6144
2823, 6296
1600, 7742
6974, 7215
417, 7102
1292, 9947
5198, 5667
4480, 5152
4819, 5160
878, 9825
5602, 9039
2122, 5181
7527, 9641
9, 5184
3252, 5214
8741, 9322
1752, 5485
6962, 9094
2040, 7863
4691, 6521
8447, 8991
3713, 5285
4859, 8808
2928, 5557
4589, 5303
6301, 7800
4467, 5643
576, 9078
4113, 5324
4070, 5326
535, 5331
3582, 5353
190, 5362
42, 5514
904, 5660
7142, 8432
5380, 9869
5389, 8244
3754, 5403
5404, 7744
7227, 7606
7018, 8355
5405, 6210
5441, 5958
6457, 8221
5878, 9061
1357, 8714
568, 9388
2860, 5865
5569, 7810
5871, 9229
5591, 8940
5594, 9975
5978, 8627
3396, 8010
5844, 6331
5649, 5653
1504, 8446
296, 5673
1436, 5674
6657, 9915
3764, 8971
1911, 4682
2140, 8028
5341, 9354
6030, 7899
1307, 6961
3000, 7396
4980, 9058
3653, 7246
3705, 8926
5812, 7147
709, 7344
1141, 6917
7375, 9628
1872, 6092
1149, 9601
2177, 7104
8685, 9576
549, 8054
7091, 9226
1710, 7373
1614, 4767
1426, 7733
1157, 9455
529, 3998
5929, 9137
4197, 5930
3020, 5941
5718, 5944
7548, 9087
2510, 6560
2342, 5967
45, 8042
7964, 7983
3551, 5999
9860, 9980
6003, 9076
5207, 5687
3234, 7021
4314, 6349
6034, 7619
1805, 8275
1260, 2425
1241, 6841
314, 6952
1826, 6454
6174, 8672
8402, 8505
784, 6203
2222, 6401
5511, 7526
4934, 9566
5288, 7865
7921, 8122
3535, 9570
6764, 9076
7247, 8477
6313, 8311
8323, 9595
6334, 6550
6336, 6781
8440, 8524
1771, 6399
1638, 6407
5991, 8821
2860, 7756
6761, 8076
298, 6472
5460, 9741
5973, 8246
1520, 6540
6543, 9088
8555, 9560
3710, 7593
8222, 9056
7840, 9307
7355, 8467
6604, 9615
9718, 9736
7038, 8350
2333, 3407
9776, 9904
1970, 6695
7401, 8225
934, 7023
9423, 9992
5732, 8306
1945, 2440
7952, 8737
7918, 8179
2142, 9467
6030, 9649
6814, 7008
5641, 9198
4553, 7798
3449, 6849
2345, 8259
3580, 9749
310, 6858
8242, 9415
4590, 8877
554, 4695
7717, 8472
3306, 8790
2585, 9929
6993, 9354
2261, 9250
5435, 7004
7874, 8127
5975, 7028
5671, 7035
3125, 7043
5260, 9083
7291, 9141
4392, 9134
1884, 8601
5517, 7150
4355, 9880
623, 4774
3669, 7194
8802, 9877
7687, 7707
6846, 9495
1450, 8719
6026, 7227
3199, 9764
1750, 5192
7609, 8709
1327, 9435
1045, 7423
4818, 8543
7930, 9016
9208, 9559
7478, 8766
7499, 7715
7680, 8678
514, 7536
404, 7523
7113, 7577
3417, 7583
1158, 9931
8040, 9599
1555, 7639
2980, 8025
1265, 2972
6482, 7694
2768, 3123
7631, 8145
7039, 7771
7603, 8030
2125, 7831
5444, 7107
7773, 8692
894, 5763
119, 8950
2460, 7952
6964, 8008
4663, 8019
5379, 9397
2406, 8048
5292, 8056
2580, 8101
4055, 9249
4915, 9166
4208, 5524
9018, 9690
1092, 9383
4432, 8391
9032, 9263
2778, 9925
3191, 4398
219, 9210
5176, 8470
3068, 8548
8548, 9893
8630, 9342
5200, 9605
4287, 9994
7906, 9449
3735, 6759
700, 8912
8684, 9114
86, 9360
9140, 9629
8719, 9145
5676, 9632
8094, 9744
3663, 9305
1732, 2648
1099, 9444
9481, 9655
5455, 9877
8295, 8966
3324, 8932
3384, 3396
2247, 9552
2134, 2169
1833, 9264
2024, 9857
858, 3426
29, 7143
32, 3625
3715, 8827
7489, 9484
1335, 9201
4136, 6669
1219, 5056
3477, 7395
53, 5816
2005, 7314
1639, 6524
1450, 5727
5576, 6996
3957, 7763
41, 7360
229, 4835
2969, 3287
921, 8573
2789, 6144
4173, 9433
6354, 7684
1299, 6044
1062, 7206
1557, 8167
187, 199
3093, 6970
2986, 2989
1430, 2371
1434, 4129
1796, 8450
4583, 8472
5135, 8032
30, 1377
4480, 6321
1902, 2446
511, 4360
207, 1016
5769, 8251
1148, 6245
5803, 7553
5513, 8455
4525, 7651
7500, 8261
8121, 9064
1099, 6351
1116, 3816
2460, 4287
2232, 8420
3414, 8113
543, 3493
6393, 8561
589, 836
2184, 3816
824, 8069
4179, 9909
462, 3481
4421, 5692
2622, 2968
910, 3241
4303, 4609
1213, 4842
2431, 4116
34, 279
907, 9200
3991, 9820
289, 9666
4588, 5713
4657, 9037
3639, 8753
745, 7039
2981, 8050
5178, 9739
8098, 9858
2179, 5829
5446, 6556
4023, 7459
4157, 6078
329, 2942
3056, 7519
37, 6489
347, 2409
4587, 5986
7473, 7560
358, 6548
680, 6289
3787, 4757
6613, 6895
1579, 8472
2054, 2564
860, 6835
4936, 8530
2395, 6535
4127, 6499
2216, 5829
1396, 6062
3165, 9933
305, 9657
6241, 6752
1800, 6241
3197, 8502
40, 5716
2732, 5287
469, 3188
7541, 9324
3109, 6463
8283, 8680
1538, 3505
7588, 9997
3371, 7306
4153, 7993
743, 2062
5478, 6948
6017, 8371
7572, 8901
948, 7867
1742, 5927
4732, 5543
4020, 7872
3744, 6817
555, 6770
556, 8483
5654, 7365
5555, 6679
3607, 7142
567, 8980
995, 6021
1008, 9322
1287, 8080
5177, 9425
5039, 6168
2909, 5657
3514, 8085
2297, 7913
3726, 8633
691, 4096
3584, 7614
884, 5635
6585, 7604
3468, 3879
2984, 5374
5651, 8072
3605, 9418
5269, 6643
4567, 9717
7336, 8535
7878, 9051
2212, 8880
3779, 4822
4452, 4570
8055, 9238
2551, 6497
4432, 8490
1727, 2937
7604, 9856
3826, 6536
6489, 8945
2138, 3613
5392, 9282
5855, 6253
5355, 9392
1017, 7745
7069, 9072
2505, 5365
3638, 8555
2192, 5156
4177, 9120
8580, 8653
5388, 9410
1553, 2583
817, 3245
276, 8035
2966, 3031
6021, 7160
4702, 5676
848, 4960
3889, 7815
2060, 3692
343, 531
3863, 6813
2222, 6750
8287, 9175
4116, 6597
172, 6892
3925, 6331
6932, 9142
3331, 8363
768, 1301
375, 7957
1391, 3021
114, 8322
326, 5844
7008, 7698
1304, 2264
1006, 4713
3400, 4747
2867, 6557
1332, 4982
2893, 3224
5652, 9811
5170, 6371
4809, 7445
2723, 3255
1067, 9035
3059, 6632
3671, 4731
7336, 7836
7603, 9336
323, 8286
599, 5985
1476, 6951
4583, 7964
1350, 2632
4344, 4943
7449, 8291
2253, 6702
7448, 8486
3080, 3754
5974, 8427
4043, 6833
1202, 8762
132, 5480
1055, 8495
3276, 4967
6619, 8237
1095, 9996
1302, 3238
6154, 9628
2605, 6717
2596, 6234
153, 4074
4875, 8413
6274, 9032
1338, 1733
1466, 6978
8255, 9326
4865, 5719
1323, 9422
810, 7603
342, 1316
288, 8536
8079, 8981
2742, 9633
4360, 5143
5738, 7392
1232, 2231
4696, 4806
55, 1605
7303, 9039
4356, 8075
6674, 9179
6450, 8399
791, 2517
1552, 1773
5099, 5439
620, 8814
6584, 6999
2248, 6711
538, 9538
4055, 4317
3007, 6490
2106, 4623
1640, 1989
2051, 6780
412, 2599
4818, 9768
1994, 2984
2248, 7473
1888, 8907
7651, 8646
3832, 4834
273, 6987
3121, 8528
2507, 7280
6347, 9449
3756, 6664
1696, 9799
4346, 8736
534, 7156
2935, 6125
2680, 9419
4392, 4936
1874, 7773
30, 5118
5351, 9664
2350, 5026
3068, 9418
4127, 4991
6576, 8191
912, 4960
1111, 2454
1515, 6936
1092, 2569
83, 85
9418, 9544
7594, 7738
1855, 5908
2280, 5244
199, 4287
2361, 5954
3756, 7941
8666, 8883
5301, 8277
4107, 8087
6336, 8146
1929, 4712
2487, 5553
5825, 7265
4258, 9157
8276, 9148
2929, 9387
8052, 8082
4864, 9125
6283, 7131
7462, 9018
6396, 8246
4892, 8809
62, 582
5723, 6880
5329, 6231
2164, 5471
6562, 7359
4526, 9345
1309, 5174
7366, 9760
4284, 4682
504, 4423
4453, 8355
60, 1697
3044, 4972
1739, 1892
2765, 4906
5797, 8184
3543, 5210
3233, 7328
3175, 6519
475, 3439
6963, 9902
2873, 5325
5, 4421
3125, 8237
2850, 5131
6663, 8352
2992, 9139
2207, 4614
7013, 9902
5986, 8151
3482, 7552
254, 9359
2771, 8300
2787, 9525
8240, 8538
5265, 9574
6803, 8585
1509, 5953
6497, 8335
5393, 7472
3251, 4091
780, 974
2097, 7179
16, 6246
4554, 8659
2007, 5850
8395, 9635
464, 5763
4516, 8853
4039, 5900
4435, 7214
3924, 8870
7490, 9433
6297, 9240
323, 4111
4987, 9194
903, 5266
5482, 7162
7101, 7846
723, 6637
9558, 9891
6067, 8342
5058, 7826
6738, 7979
2317, 7742
3427, 7013
2924, 7544
6090, 6867
7677, 9428
3930, 4983
6922, 7788
5503, 8945
3644, 6491
2212, 7875
3612, 4427
1831, 9683
4994, 5826
3031, 9571
899, 8861
1385, 7090
5488, 8901
4906, 6108
686, 7918
69, 9022
6329, 6666
1732, 7287
1873, 6509
479, 778
3554, 9832
354, 6365
6692, 9346
2545, 3309
3497, 6306
8435, 8978
1092, 2897
8489, 9735
787, 9077
5450, 8581
4333, 4452
1327, 3787
4113, 9106
2538, 6792
241, 835
2972, 3003
2664, 9133
4475, 6156
161, 885
3071, 4354
2219, 7776
2938, 3388
2566, 4912
3505, 4438
7859, 9564
2585, 5598
396, 2363
29, 615
3334, 4799
391, 7266
5770, 7540
6240, 6576
1183, 2430
6737, 9898
2281, 5853
3692, 8633
1287, 7801
976, 5098
3400, 8870
1589, 1870
7713, 9682
783, 9118
1114, 5800
6243, 7433
4313, 9898
2167, 9706
7454, 9564
5950, 6889
3271, 7625
3451, 9034
812, 9836
36, 3191
5831, 6609
5233, 9629
1729, 2361
5490, 9405
1237, 4692
8748, 9223
1666, 2783
1309, 3736
7133, 8780
6589, 9664
6882, 8827
156, 6875
2572, 4436
980, 6749
8043, 9390
5531, 8679
209, 4674
1750, 7155
8882, 9349
2569, 3421
4446, 8562
769, 6825
2408, 2773
968, 3915
2743, 7793
3705, 6813
327, 9112
4858, 7395
