24.376602
0, 1370
1, 7279
2, 1153
3, 3413
4, 978
5, 89
6, 9909
7, 7047
8, 9456
9, 6461
10, 111
11, 1918
12, 8864
13, 3886
14, 472
15, 133
16, 7894
17, 3590
18, 8557
19, 3832
20, 326
21, 4238
22, 3145
23, 4805
24, 2386
25, 2636
26, 3400
27, 359
28, 992
29, 2728
30, 3607
31, 3992
32, 4373
33, 1938
34, 716
35, 1078
36, 1178
37, 3320
38, 5861
39, 1958
40, 1655
41, 6411
42, 1080
43, 1943
44, 3865
45, 7204
46, 4467
47, 9747
48, 7217
49, 7811
50, 9798
51, 9967
52, 6953
53, 2276
54, 8892
55, 6568
56, 6269
57, 1314
58, 3243
59, 2159
60, 8930
61, 809
62, 1937
63, 7021
64, 1543
65, 1646
66, 4808
67, 5246
68, 5946
69, 4236
70, 8039
71, 7155
72, 8840
73, 4267
74, 6780
75, 3784
76, 377
77, 6608
78, 2838
79, 6501
80, 210
81, 2319
82, 6132
83, 3949
84, 4777
85, 3538
86, 6873
87, 4869
88, 4649
89, 8172
90, 1318
91, 5860
92, 7916
93, 5123
94, 2795
95, 2134
96, 6601
97, 7616
98, 8655
99, 2348
100, 345
101, 5884
102, 5243
103, 7705
104, 8013
105, 4584
106, 9374
107, 370
108, 5564
109, 3023
110, 4600
111, 1676
112, 1292
113, 3239
114, 8056
115, 7955
116, 3305
117, 2568
118, 6627
119, 7027
120, 7369
121, 8258
122, 4124
123, 1532
124, 7768
125, 3758
126, 239
127, 748
128, 8218
129, 7488
130, 5162
131, 6155
132, 8750
133, 2084
134, 5026
135, 6875
136, 7470
137, 6026
138, 2998
139, 9510
140, 2238
141, 8524
142, 8303
143, 3509
144, 6581
145, 3947
146, 9305
147, 5726
148, 6340
149, 9451
150, 4814
151, 1334
152, 350
153, 4035
154, 4075
155, 9466
156, 1636
157, 8936
158, 323
159, 3934
160, 8127
161, 5932
162, 2196
163, 7567
164, 1053
165, 2393
166, 5718
167, 6024
168, 5207
169, 1549
170, 3619
171, 5833
172, 3096
23, 173
174, 5140
175, 4777
176, 1693
177, 1652
178, 6053
179, 7388
180, 7114
181, 5176
182, 6888
183, 5313
184, 5850
185, 5878
186, 9406
187, 5413
188, 1248
189, 9842
190, 6659
191, 2240
192, 7617
193, 2625
194, 9396
195, 6905
196, 565
197, 6210
198, 3632
199, 2218
200, 1161
201, 5200
202, 6479
203, 403
204, 5811
205, 3782
206, 5026
207, 6402
208, 5416
209, 5706
210, 1063
211, 5509
212, 9373
213, 1628
214, 3822
215, 971
216, 7399
217, 9840
218, 3491
219, 5385
220, 7019
221, 5604
222, 1749
223, 6934
224, 5041
225, 7825
226, 332
227, 7988
228, 8288
229, 820
230, 9314
231, 1961
232, 2065
233, 3670
234, 3156
235, 9390
236, 5572
237, 809
238, 3420
240, 5663
241, 851
242, 4204
243, 4386
244, 7491
245, 6913
246, 7137
247, 2184
83, 248
249, 6240
250, 5153
251, 5758
252, 1260
253, 9379
254, 618
255, 1898
256, 3315
257, 2283
258, 1780
259, 6098
260, 6849
261, 3316
262, 5874
263, 1624
264, 2270
265, 2071
266, 5845
267, 4006
268, 5391
269, 1750
270, 9096
271, 3973
272, 4897
273, 442
274, 4766
275, 8235
276, 647
277, 498
278, 9528
279, 6562
280, 8415
281, 3872
282, 8317
283, 4158
284, 1361
285, 8351
286, 8321
287, 7191
288, 4117
289, 5269
290, 9838
227, 291
292, 4997
293, 4503
294, 1854
295, 9705
296, 8009
297, 6729
298, 9959
299, 6329
300, 3794
301, 3814
302, 6421
303, 3253
304, 5835
305, 2030
306, 6886
307, 6216
308, 5865
309, 7828
310, 2925
311, 7831
312, 3549
313, 1433
314, 7565
315, 7547
316, 3425
317, 6108
318, 6913
319, 6934
320, 1454
321, 3074
322, 2839
323, 6671
324, 6270
325, 1028
327, 1056
328, 2976
329, 9785
330, 8249
331, 7905
333, 1414
334, 9820
335, 3854
336, 9699
337, 6582
338, 3747
339, 3220
340, 790
341, 6982
342, 4406
343, 2053
344, 8997
346, 4635
347, 8528
348, 5573
349, 6590
350, 1103
351, 9396
352, 4953
353, 5591
354, 6823
355, 6293
356, 7110
357, 1247
358, 4844
360, 5393
361, 7034
362, 2113
363, 1319
364, 1819
365, 9278
366, 7322
367, 1899
368, 7287
369, 3766
371, 4961
372, 6385
373, 5701
374, 655
375, 6373
292, 376
377, 9580
378, 1460
379, 1382
380, 4116
381, 6360
382, 3120
383, 917
384, 1082
385, 3300
386, 5314
387, 4295
388, 1624
389, 8066
390, 7655
391, 6293
392, 1499
327, 393
394, 9808
395, 8658
396, 5462
397, 2247
398, 9918
399, 3835
400, 3019
401, 8858
402, 1028
403, 2587
404, 2035
405, 4494
406, 8108
407, 9678
408, 7659
409, 6245
410, 7589
411, 1099
412, 7287
413, 1102
414, 3370
415, 4865
416, 2045
417, 5749
418, 5866
419, 6296
420, 661
421, 1034
422, 6241
423, 4708
424, 6763
425, 3215
426, 8257
427, 5478
428, 3719
429, 4595
430, 6873
431, 8581
432, 7292
433, 3582
434, 1304
435, 7725
436, 5684
437, 9202
438, 8006
439, 3041
440, 7146
90, 441
442, 2749
443, 3749
444, 1522
445, 9279
446, 8320
324, 447
448, 5676
449, 8211
450, 2013
451, 3377
452, 6366
453, 3671
454, 2286
455, 5461
82, 456
457, 9856
458, 6623
459, 9637
460, 3124
461, 1941
462, 2040
463, 631
464, 8913
465, 1562
466, 2494
467, 7801
468, 9304
469, 1335
470, 1034
471, 9846
472, 6190
473, 8508
474, 7909
475, 1538
476, 9831
477, 775
478, 1025
479, 5390
480, 2450
481, 4687
482, 6484
483, 6417
484, 8543
485, 7975
486, 7566
487, 3361
488, 9657
489, 2000
490, 4526
491, 9840
492, 8381
493, 3575
494, 5436
495, 7352
496, 2930
497, 512
499, 7666
500, 5310
501, 8175
502, 2117
503, 696
504, 6306
505, 5876
506, 5960
507, 9200
508, 3063
509, 9725
510, 4398
511, 4915
513, 9518
514, 9471
515, 3770
516, 5476
517, 5568
518, 6814
519, 7148
520, 8145
521, 3749
522, 6922
523, 627
39, 524
525, 5856
526, 4514
527, 8280
528, 1020
529, 5331
530, 6408
531, 6042
532, 9068
533, 1106
534, 9015
535, 8850
536, 6902
537, 8081
538, 2615
539, 9989
540, 3437
541, 2472
542, 2134
410, 543
544, 1453
545, 5487
546, 4235
547, 3264
548, 4265
549, 9729
550, 9528
551, 9012
552, 6070
553, 9776
554, 5351
555, 6275
556, 4799
557, 8968
558, 8156
559, 5807
560, 9214
561, 2293
562, 9349
563, 6334
564, 9359
565, 9300
566, 6193
567, 9374
568, 9331
569, 9854
570, 9962
571, 2291
572, 1631
573, 8610
574, 6074
575, 2740
576, 6912
577, 7319
578, 8887
83, 579
580, 5371
581, 8474
582, 794
583, 9815
584, 4427
585, 6300
586, 2156
587, 1544
588, 9482
589, 5651
590, 7115
591, 3903
592, 5382
593, 2083
594, 5573
595, 654
596, 6413
597, 6320
598, 1968
599, 1066
600, 5097
601, 8797
602, 3185
603, 3943
604, 3100
605, 1416
606, 8560
607, 1489
608, 8043
609, 1874
610, 7101
611, 7974
612, 1945
613, 3403
614, 3160
615, 4309
616, 4097
617, 5532
619, 1919
620, 4718
621, 5051
622, 1884
623, 6211
624, 3231
625, 9546
626, 4576
627, 9999
628, 1667
629, 4638
630, 5673
632, 6919
633, 1236
634, 9128
635, 771
636, 6476
637, 9597
638, 1099
639, 2368
640, 3699
641, 3955
642, 5270
643, 693
644, 3006
645, 879
646, 1550
648, 3283
649, 4844
650, 8886
651, 7058
652, 3343
653, 4457
654, 5559
655, 3869
656, 1795
657, 9107
275, 658
659, 4777
660, 6349
662, 1613
663, 4649
664, 7604
665, 2930
666, 4900
667, 4969
668, 6907
669, 1451
670, 9232
671, 5554
672, 5763
673, 5419
674, 1043
675, 9071
676, 7286
677, 9086
678, 5892
679, 2890
680, 1502
681, 1018
682, 6622
683, 3062
684, 8393
685, 6343
686, 2188
265, 687
688, 6712
689, 2778
690, 6236
691, 2639
692, 3116
694, 6519
695, 2212
696, 5805
697, 9218
389, 698
699, 7589
700, 2713
701, 4060
702, 5828
609, 703
704, 1366
705, 1651
706, 7866
707, 1415
708, 4219
709, 5283
710, 1299
711, 6060
712, 1788
713, 9675
714, 1898
715, 1985
716, 7822
717, 3524
718, 5946
719, 2086
720, 6691
721, 3646
722, 9442
723, 7208
724, 8761
725, 8123
726, 5647
727, 2234
728, 6975
729, 6570
730, 828
731, 8915
732, 1956
733, 5067
734, 2766
735, 9533
736, 1596
737, 7735
738, 7064
739, 5724
740, 2398
741, 4476
742, 3657
743, 1837
744, 1122
745, 874
376, 746
747, 751
749, 4219
750, 9466
752, 928
753, 4681
754, 3387
755, 1338
756, 5917
757, 5958
758, 6243
759, 2032
760, 5932
761, 9647
762, 1632
763, 9246
764, 9588
765, 9801
766, 8269
767, 5477
768, 1850
769, 4947
770, 4642
771, 3559
772, 9726
773, 7722
774, 9945
775, 2380
776, 7190
777, 3984
778, 3534
779, 4736
780, 6476
781, 5463
782, 8468
783, 5712
784, 3512
785, 6230
786, 3732
787, 7204
788, 5537
539, 789
790, 7381
791, 7124
792, 5724
793, 6936
795, 5393
796, 8136
797, 2009
798, 8481
799, 5223
573, 800
801, 4873
802, 9933
803, 2013
804, 9191
805, 8337
806, 5092
683, 807
808, 1553
809, 7524
810, 2897
811, 1491
812, 4684
813, 4751
814, 4431
815, 7382
816, 3138
817, 3384
818, 6140
819, 4970
820, 4556
821, 8216
822, 3028
823, 3248
824, 3698
825, 2476
826, 7807
827, 7365
829, 3723
830, 2549
831, 9773
832, 3179
833, 5733
834, 9834
835, 7005
836, 1346
837, 4620
838, 1583
839, 7127
840, 7996
841, 4808
494, 842
843, 6929
844, 1230
845, 9527
846, 3845
847, 9417
848, 1205
849, 4326
850, 6248
851, 8742
852, 2566
853, 7194
854, 6804
855, 7109
856, 4282
857, 3739
858, 8669
859, 6788
860, 1691
861, 1275
862, 2909
863, 8643
864, 2493
865, 9909
866, 8932
867, 2639
868, 9976
869, 5561
870, 8127
871, 4826
872, 4064
873, 8329
874, 3286
875, 9261
876, 8967
877, 8624
878, 945
879, 2070
880, 8300
881, 3069
882, 5917
883, 7497
884, 2781
885, 4159
886, 8425
887, 6785
888, 7020
889, 3951
890, 4885
891, 2090
892, 2114
893, 6891
894, 1496
895, 8739
896, 2129
897, 8769
898, 2190
899, 7902
900, 1022
901, 1034
902, 5051
903, 8377
904, 9516
905, 1415
906, 5206
907, 6089
908, 2752
909, 2732
910, 5257
911, 4316
912, 5130
913, 7277
914, 2886
915, 4573
916, 2568
918, 3403
919, 7038
920, 5478
921, 2564
922, 5078
606, 923
924, 2848
925, 3629
926, 950
927, 9803
929, 2643
930, 2387
931, 2701
932, 3677
933, 6854
934, 9093
935, 983
936, 2104
274, 937
938, 2146
939, 5921
940, 2695
328, 941
942, 9005
943, 7340
944, 6206
946, 3960
947, 6619
948, 4329
949, 6393
951, 5503
952, 6473
953, 2963
954, 6387
955, 9976
956, 7705
957, 1258
958, 3508
959, 8268
960, 6325
101, 961
962, 5064
963, 9252
964, 7978
965, 3892
966, 7018
967, 2343
968, 3951
969, 6971
970, 9570
971, 9147
972, 2074
973, 9490
974, 9527
975, 7013
976, 7923
977, 8540
979, 6826
980, 8360
981, 7396
982, 6236
983, 2232
984, 9446
985, 4782
986, 7032
987, 5933
988, 1659
289, 989
990, 3001
991, 6354
993, 6433
994, 4653
995, 1401
996, 6419
997, 4136
998, 6986
999, 7405
1000, 1817
1001, 7703
1002, 7032
1003, 5360
1004, 7337
1005, 3617
1006, 8403
1007, 6250
1008, 9182
1009, 3843
1010, 9787
1011, 5638
1012, 7137
1013, 1367
1014, 6022
1015, 1673
1016, 2649
1017, 9742
1018, 6620
374, 1019
1020, 6237
1021, 2787
1022, 5541
1023, 5300
1024, 3572
1026, 6581
1027, 5213
1029, 4414
1030, 8419
1031, 3738
1032, 3072
1033, 5659
1034, 7845
1035, 4104
1036, 2692
1037, 4647
1038, 9091
1039, 3760
307, 1040
1041, 8458
1042, 9836
1044, 4503
1045, 2302
1046, 1925
1047, 6103
1048, 5391
1049, 2171
1050, 7422
1051, 1403
1052, 8441
1053, 2530
1054, 9598
1055, 6155
1056, 3631
1057, 7365
1058, 8101
1059, 1820
1060, 2379
1061, 4789
318, 1062
1064, 9849
1065, 2594
1066, 3659
1067, 6300
1068, 8329
1069, 9160
61, 1070
1071, 7189
1072, 3540
1073, 3258
1074, 4681
1075, 1264
1076, 7628
24, 1077
1078, 3781
1079, 6352
223, 1080
1081, 8777
1082, 7543
1083, 2659
1084, 6957
1085, 1950
1086, 7831
184, 1087
1088, 6921
1089, 4944
1090, 8797
1091, 1976
1092, 1433
1093, 7426
1094, 7914
1095, 4502
1096, 1793
1097, 4775
1098, 6293
1100, 4265
1101, 6315
1102, 2219
1104, 1175
1105, 2638
1106, 5369
1107, 1561
1108, 9877
1109, 9416
1110, 9881
1111, 6709
1112, 6757
1113, 6893
1114, 1174
1115, 3034
1116, 5507
1117, 8887
1118, 5013
1119, 6514
1120, 3319
1121, 5235
1123, 7952
1124, 5883
1125, 6761
1126, 5790
1127, 8198
1128, 1702
1129, 9446
1130, 4847
1131, 2826
1132, 8911
1133, 3507
1134, 1812
1135, 2551
1136, 9238
1137, 7780
1138, 2501
1139, 8528
987, 1140
1141, 4369
1142, 6487
1143, 5409
1144, 8572
1145, 1734
1146, 9944
1147, 9538
1148, 7780
1149, 2326
1150, 1747
1151, 8871
1152, 3384
1153, 8298
1154, 3591
1155, 4289
1156, 3770
1157, 4820
1158, 6998
1159, 4533
1160, 8901
1162, 2457
1163, 5293
1164, 3307
1165, 3754
1166, 2056
585, 1167
1168, 7000
1169, 6433
1170, 2426
1171, 1540
1172, 4900
1173, 5823
1174, 4481
1175, 3833
1176, 1606
1177, 3972
1179, 5137
1180, 1430
1181, 7894
1182, 9396
1183, 6333
1184, 5184
1185, 8980
1186, 5150
1187, 4777
1188, 8237
1189, 5956
1190, 7314
1191, 4466
1192, 3707
1193, 6491
1194, 4762
1195, 2578
1196, 8742
1197, 6290
1198, 6379
1199, 8607
1200, 4189
1201, 5446
1202, 6186
1203, 9838
1204, 7264
1205, 3847
760, 1206
1207, 1545
1208, 3596
1209, 5170
1210, 5472
1211, 9268
1212, 8431
1213, 2634
1214, 1925
871, 1215
1216, 6399
1217, 4052
1218, 6293
1219, 9895
1220, 8812
1221, 3564
1222, 5312
291, 1223
1224, 9920
1225, 3571
1226, 3598
1227, 4952
1228, 9762
1229, 2465
1231, 8743
1232, 4349
1233, 1874
1234, 3729
1235, 5733
1237, 5599
602, 1238
909, 1239
1240, 6458
801, 1241
1242, 8154
1243, 5369
1244, 2739
917, 1245
1246, 1676
1247, 2489
1249, 6276
1250, 9853
1251, 8116
1252, 9975
1253, 6289
1254, 6442
1255, 2075
1256, 3565
1257, 9825
1259, 4057
1261, 9670
1262, 4223
1263, 4176
1265, 7986
1266, 8043
1267, 1538
1268, 9611
1269, 1992
1270, 4252
1271, 6036
1272, 7683
1273, 9007
1274, 1815
1276, 7069
1277, 4376
1278, 6516
1279, 7259
1280, 2933
1281, 7774
1282, 2297
30, 1283
1284, 3472
1285, 4140
1286, 9695
1287, 4262
1288, 5514
1289, 7730
1290, 2721
1291, 2398
1292, 7481
1293, 1704
1294, 8821
1295, 2179
1296, 5569
1297, 6557
1298, 1367
1300, 5939
1301, 4955
393, 1302
1303, 9417
1304, 2459
1305, 9292
1306, 4974
1307, 4521
1308, 6568
1309, 6264
1310, 8640
1311, 3201
1312, 2969
1313, 6713
1314, 6325
1315, 3672
1316, 9145
1317, 3590
1319, 2066
1320, 1547
695, 1321
1322, 7463
1323, 4482
1324, 2867
1325, 7899
1326, 3963
1327, 3817
1328, 7498
1329, 2958
918, 1330
1331, 8047
1332, 9558
1274, 1333
1335, 5213
1336, 2279
1337, 9056
1124, 1338
1339, 3605
1340, 1879
1341, 4969
1342, 3457
1343, 5449
1344, 4938
1345, 1924
1347, 5726
671, 1348
1349, 2900
1350, 4295
1351, 7748
1352, 3509
1353, 7623
1354, 2986
1355, 5933
1356, 9387
1357, 8113
1358, 1517
1359, 9895
1360, 6328
1361, 8172
1362, 3642
1363, 1676
1364, 1679
256, 1365
1366, 7134
1368, 4210
1369, 5036
1371, 2152
1372, 5907
1373, 6903
1374, 8275
1375, 3019
1376, 1748
1377, 5328
1378, 8086
1379, 9157
1269, 1380
1381, 4230
685, 1383
1384, 6563
1385, 6991
1386, 2460
1387, 4569
1388, 3158
1389, 8942
1390, 2282
1391, 2250
1392, 2824
1393, 3870
1394, 2801
1395, 3039
1396, 4694
1397, 3385
1398, 7648
60, 1399
1400, 6027
1402, 7446
1403, 9610
1404, 7344
1405, 7613
110, 1406
1407, 9344
1408, 8061
1409, 5560
1410, 5911
1411, 5900
1319, 1412
1413, 7772
1416, 6327
1417, 2366
994, 1418
1419, 9147
1420, 7268
1421, 9475
1422, 1717
1423, 9840
1424, 9284
1425, 5420
1426, 9489
352, 1427
1428, 4149
1429, 9110
1430, 1755
1431, 9227
1432, 3857
1433, 5485
1434, 7929
1435, 1470
1436, 8489
1437, 6952
1438, 5000
1439, 3082
1440, 1889
1441, 5672
1442, 9163
1443, 7333
1444, 3815
1445, 7608
1446, 6275
1447, 5087
1448, 3393
1449, 9832
1450, 1940
1451, 8036
1452, 5159
1453, 2679
1454, 9223
1455, 9832
1456, 4125
1457, 8708
1458, 9009
863, 1459
1460, 6087
1461, 9904
1462, 8395
1463, 7403
1464, 9386
1465, 9097
1466, 5236
1467, 4956
1468, 7106
1469, 6756
1470, 6396
1471, 6452
1472, 2942
1473, 2984
1474, 1904
1475, 6399
1476, 7206
1477, 9281
1478, 6952
1479, 5768
1480, 8551
1481, 4451
1482, 9055
1483, 6168
1484, 8663
1334, 1485
1486, 8638
1487, 2801
1488, 3650
1489, 4070
1490, 1590
1492, 8675
1432, 1493
1494, 7838
1495, 6374
1497, 4692
1498, 3150
1500, 9153
1420, 1501
1503, 6756
1504, 9580
1505, 3917
1506, 3361
1507, 2221
1508, 8070
1509, 3014
1510, 1932
1511, 1779
1512, 8700
1513, 9113
1514, 6504
1515, 5957
1516, 2696
1443, 1518
1519, 5715
1520, 3665
1521, 8561
1522, 9139
1523, 3946
1524, 4858
1525, 2585
1526, 9627
1527, 7978
1528, 7922
1529, 5087
1530, 3018
1531, 5178
1532, 5553
1533, 4362
1534, 2953
1535, 3331
1313, 1536
1537, 2391
1538, 2023
1539, 4969
1540, 8802
1541, 2991
794, 1542
1543, 8298
1544, 4484
1545, 3620
1546, 5051
1547, 5891
1548, 6760
1550, 3375
1551, 6721
1552, 9794
1553, 6839
1554, 5170
1555, 3303
1556, 3276
1557, 9814
1558, 3831
1559, 9790
1560, 8641
1561, 8520
369, 1562
1563, 2622
625, 1564
1565, 5841
1566, 6920
1567, 9465
1568, 3603
1569, 6056
1570, 4322
1571, 5281
1572, 3653
1573, 8052
799, 1574
1575, 8684
1576, 3714
1577, 3606
1578, 8982
1579, 1633
1580, 9218
1581, 8995
1582, 5859
1583, 2801
1584, 5893
1585, 9667
1586, 8172
1587, 4649
1588, 4334
1589, 9023
1456, 1591
1136, 1592
1593, 8512
1594, 3287
1595, 9821
1596, 2037
1597, 8229
1598, 5273
1599, 7118
1600, 7679
1601, 6846
1602, 4573
1603, 4739
1604, 8585
1605, 2109
1606, 8521
349, 1607
1608, 5176
1609, 8068
1607, 1610
1611, 7711
1612, 4403
1613, 4351
1614, 6141
1615, 4443
1616, 1862
1617, 2987
1618, 1744
1619, 3160
1620, 7385
1621, 7045
1622, 7958
1623, 5572
1625, 9422
1626, 2233
1627, 3896
1628, 2750
1629, 2460
537, 1630
1632, 9153
1633, 8494
1634, 1736
1635, 3172
1490, 1636
1637, 1718
1638, 4842
1639, 3097
1640, 4778
1641, 6269
1642, 7638
1643, 6130
1074, 1644
1645, 7366
1647, 2552
1648, 3453
1649, 8749
1650, 6525
1653, 7738
1654, 3393
1655, 6522
1656, 4011
1657, 5891
1658, 2430
1660, 3105
1661, 4740
406, 1662
1663, 4869
1664, 5249
1665, 7783
1666, 9828
1668, 3101
1669, 5043
1153, 1670
1671, 8677
1672, 6558
355, 1673
1674, 5270
1675, 6008
1676, 6330
1677, 9829
1678, 9976
1680, 3765
1681, 6862
1682, 6923
1683, 9513
1684, 2411
1685, 1735
1686, 5146
1687, 4078
1688, 8963
1689, 2680
1690, 9337
1691, 9370
1692, 3016
1694, 4309
1695, 6648
1696, 7845
1697, 9561
1698, 5075
1699, 3065
1700, 8982
1701, 7148
1702, 7867
1703, 4931
1705, 4898
1706, 1782
1707, 6736
1708, 9453
1709, 7238
1710, 6647
1711, 4819
1712, 9086
1713, 2993
1714, 6432
1715, 1778
1716, 6051
1719, 1753
1720, 5543
1721, 4955
1722, 3499
1723, 9777
1724, 8804
1725, 4407
1726, 4753
1727, 3303
1728, 8841
1729, 1816
1730, 5408
1731, 4581
1732, 2710
1733, 6563
1735, 6571
1736, 5087
387, 1737
1738, 3403
1739, 2390
52, 1740
1741, 5239
1742, 4317
1743, 8840
1745, 7749
1746, 8501
1747, 8051
1748, 6006
1751, 6410
1752, 5374
47, 1754
1755, 4296
1756, 9032
1757, 5886
1758, 6637
1759, 3316
1760, 6984
1761, 4643
1762, 9009
1763, 4319
1764, 3492
1765, 6632
1766, 2319
1767, 3804
1768, 9877
1769, 4461
1770, 2835
1771, 4745
1772, 6944
1773, 5451
1774, 5970
1775, 9413
1776, 9366
1777, 7493
1781, 4383
1782, 3041
1169, 1783
1438, 1784
1785, 1933
1786, 8014
1787, 7503
1788, 2298
1789, 2373
1790, 6048
1791, 6057
1792, 4829
1793, 6116
1794, 5462
1796, 5033
1797, 2194
1798, 3778
1799, 6266
1800, 6009
110, 1801
1802, 5573
1505, 1803
1804, 6014
1805, 5447
1806, 7186
1807, 7368
1808, 7074
1809, 5774
1810, 3745
1811, 5915
1813, 6017
1814, 3956
1815, 5875
1817, 7222
1818, 4262
1819, 4902
1820, 9291
1821, 2871
1525, 1822
1823, 7266
1824, 8931
1825, 1882
1826, 8663
1827, 8660
1828, 3180
1829, 7695
1830, 3476
1831, 1996
1832, 3690
1833, 9735
1834, 9918
1835, 9147
1836, 4055
1838, 8061
1839, 5611
1840, 4821
1841, 9260
1842, 9623
1843, 3691
1844, 2031
1845, 7370
1846, 6996
1847, 2940
1848, 7216
1849, 2553
1851, 3517
1852, 7499
1853, 4957
1854, 7220
1855, 6504
1856, 3224
1857, 9714
1858, 5381
1859, 7926
1860, 6402
497, 1861
1862, 4635
1863, 2136
1864, 6283
1865, 8504
1866, 8368
1867, 8630
1782, 1868
1869, 2131
1870, 7477
1871, 7771
1872, 7269
1873, 5600
1875, 5543
1876, 8875
1877, 2688
1878, 2369
1879, 8347
1880, 8955
1881, 3940
1882, 2628
1883, 9645
1884, 2609
1885, 8859
1886, 8889
1887, 6848
1888, 4679
1890, 9991
1891, 4571
1892, 9280
1893, 2526
1894, 2988
1895, 6012
1896, 5715
1897, 5518
1664, 1900
1901, 2448
1902, 4752
1903, 7530
1905, 6777
1906, 7222
1907, 8412
1908, 6290
1909, 9029
1910, 4304
1911, 8530
1912, 8624
1913, 7022
1914, 5858
520, 1915
1549, 1916
1917, 8046
1918, 8149
1920, 4384
1921, 9836
84, 1922
1923, 6242
1925, 2621
1926, 7612
1927, 8994
1928, 5145
1929, 5569
1930, 6269
1931, 7083
1922, 1932
1934, 3865
1935, 6029
1936, 7195
1938, 5856
1939, 8496
1942, 5443
1943, 8978
1944, 7851
1945, 3264
1946, 6444
1947, 6217
1948, 9993
1949, 4242
1951, 9781
1952, 4170
1953, 5932
1954, 4808
1955, 2481
1957, 7946
86, 1959
1960, 6364
1961, 7960
1962, 9702
1963, 9939
1964, 6951
1782, 1965
1966, 8371
1967, 9845
1969, 5804
1970, 9350
1971, 9119
1972, 6500
1973, 6650
1974, 5728
1975, 9695
1977, 2678
1978, 9582
1979, 9975
1980, 9916
587, 1981
1982, 2673
1983, 4196
1984, 2357
1985, 5925
1986, 4526
1987, 4862
1988, 4026
1989, 2998
1990, 9927
1975, 1991
1992, 5544
1993, 5817
1994, 9602
1995, 8841
1996, 5340
1997, 7211
1998, 9327
1999, 5102
1676, 2001
2002, 9937
796, 2003
2004, 3237
2005, 3936
2006, 2839
2007, 9851
2008, 6676
2010, 6139
2011, 5389
2012, 5618
2014, 5263
2015, 8060
2016, 5504
413, 2017
2018, 9487
2019, 4540
2020, 6121
1652, 2021
2022, 7886
2024, 6568
2025, 4550
2026, 7448
2027, 4387
2028, 8043
2029, 7535
2032, 6284
2033, 5702
2034, 8801
2036, 7238
2037, 7944
2038, 5414
2039, 5400
2041, 6309
2042, 2083
2043, 8140
2044, 4444
2046, 5031
2047, 5961
2048, 9580
2049, 6489
2050, 2892
2051, 3296
2052, 9432
2053, 8538
2054, 5903
2055, 5000
2056, 3976
2057, 7715
2058, 9772
2059, 3799
2060, 3162
2061, 7318
2062, 8738
2063, 8366
2064, 4952
2067, 8433
2068, 6938
513, 2069
2070, 4177
2071, 4903
2072, 7182
2073, 2705
2076, 9609
2077, 3278
2078, 3279
753, 2079
2080, 5440
2081, 6987
2082, 8074
2083, 4019
2085, 8109
2087, 6506
2088, 5731
2089, 4061
806, 2091
2092, 6297
2093, 3777
2094, 6780
2095, 9830
2096, 3139
2097, 4658
2098, 9277
2099, 9151
2100, 9544
2101, 9562
2102, 8648
2103, 5719
2104, 6223
2105, 2133
2106, 4871
2107, 2394
382, 2108
71, 2109
2110, 3997
61, 2111
2112, 8952
2115, 4491
2116, 9829
2117, 4675
2118, 6595
2119, 6349
2120, 2993
2121, 2998
2122, 5611
505, 2123
2124, 8860
2125, 6782
2126, 9280
2127, 2650
2128, 2701
2129, 4817
2130, 8422
2132, 5492
1629, 2134
2135, 9380
2137, 6955
2138, 8853
2139, 2579
2140, 4290
806, 2141
2142, 4949
2143, 8099
2144, 3136
2145, 5232
2146, 9591
2147, 4455
2148, 2608
2149, 7454
2120, 2150
2151, 8587
2153, 9038
2154, 4396
2045, 2155
2156, 5167
2157, 2610
2158, 9862
2159, 9606
2160, 5787
2161, 8216
2162, 7432
2163, 9757
2164, 9474
2165, 9709
2166, 5692
2167, 2526
2168, 4446
2169, 9524
2170, 3786
2172, 6862
2173, 9254
2174, 4444
2175, 8565
2176, 4839
2177, 7243
1012, 2178
2179, 7896
2180, 5428
2181, 8600
2182, 6470
995, 2183
2185, 2670
2186, 3942
2187, 2287
2189, 8666
2191, 4961
2192, 5953
2193, 7255
2195, 8779
2197, 7781
2198, 6749
2199, 4998
2200, 8552
2201, 3770
2202, 6064
1771, 2203
2204, 3487
2205, 4410
2206, 9064
2207, 2699
1976, 2208
2209, 6489
2210, 5417
2211, 3624
2212, 4356
64, 2213
2214, 7567
2215, 9545
2216, 4862
2217, 9486
2220, 3490
2221, 5496
2222, 2683
810, 2223
2224, 7824
2225, 4594
2226, 7802
2227, 8002
2228, 7217
2229, 4343
2230, 8480
2231, 9388
2235, 8845
2236, 2376
2237, 6459
2238, 3125
2239, 2529
2241, 8465
2242, 6672
2243, 2459
520, 2244
2245, 7683
2246, 9135
2247, 2594
2248, 5192
2249, 7513
2251, 2678
2252, 6528
678, 2253
536, 2254
2255, 6561
2256, 2532
2257, 5301
2258, 7765
2259, 9767
2260, 9146
2261, 5175
2262, 5495
2263, 5289
2264, 3566
2265, 9545
2266, 6692
2267, 7817
2268, 8954
2269, 6016
2270, 6538
2271, 7871
2272, 7556
2273, 5712
2274, 9848
2275, 3624
2276, 2376
2277, 7109
2278, 6611
2280, 6224
2281, 3878
2284, 5767
2285, 4217
2286, 2306
2288, 4430
2289, 7440
2290, 8251
2292, 5717
2293, 8732
2294, 6720
2295, 3495
2296, 9215
2297, 5564
1121, 2299
2300, 2416
2301, 2317
2302, 9610
2303, 3632
2304, 4547
2305, 5729
1888, 2307
298, 2308
2309, 5172
2310, 3477
2311, 7530
2312, 4693
2313, 8105
2314, 7784
2315, 6398
2316, 6428
2318, 5806
2320, 8235
2321, 9377
2322, 6779
2323, 5961
2324, 4489
2325, 3429
2327, 2478
2328, 6235
2329, 7092
2330, 3941
2331, 5018
2332, 8888
96, 2333
2334, 9863
2335, 5576
2336, 5804
2337, 9631
472, 2338
2339, 4746
1819, 2340
2341, 9217
2342, 9426
2343, 8238
2344, 5332
2345, 7492
2346, 4944
2347, 4458
2348, 5116
2349, 5974
2350, 5168
2351, 8212
2352, 3925
2353, 5908
2354, 7279
1500, 2355
2356, 4927
2358, 9190
2359, 3925
2360, 5841
2361, 9974
2362, 2387
2363, 2584
2364, 8928
1024, 2365
2367, 6421
2369, 4015
2370, 6392
2371, 4443
2372, 5336
2373, 3895
2181, 2374
2375, 3346
2376, 6051
2377, 4656
424, 2378
2380, 6642
2381, 4758
2382, 2673
2383, 9119
217, 2384
2385, 4423
520, 2387
1799, 2388
608, 2389
2391, 8141
2392, 3932
2393, 4333
2394, 5706
2395, 4165
2396, 4755
528, 2397
2399, 3186
2400, 9950
903, 2401
2402, 4027
640, 2403
2404, 9033
2405, 2767
2406, 3984
2407, 5530
2408, 8897
2409, 9018
2410, 7480
2411, 8494
2412, 2499
2413, 8872
218, 2414
2415, 6617
2416, 6669
2417, 8776
2418, 2971
489, 2419
2420, 3851
2421, 7544
617, 2422
2423, 4607
934, 2424
2425, 9721
2427, 8410
2428, 5545
2429, 9311
946, 2431
2432, 8762
790, 2433
613, 2434
2435, 9244
2436, 7671
2437, 9982
840, 2438
2439, 2817
2440, 5950
2441, 9468
2442, 5617
2443, 2487
1370, 2444
2445, 9013
2446, 3066
2447, 8315
2449, 7621
2451, 7744
1778, 2452
2453, 5353
438, 2454
2455, 3255
2456, 8990
2457, 9152
2267, 2458
2461, 7070
2462, 7909
2463, 3568
2464, 4961
2465, 7564
2466, 3950
2467, 5382
178, 2468
2469, 4966
2470, 9627
2471, 2716
1616, 2472
2473, 6600
2474, 7033
2475, 9040
2476, 5572
2477, 8186
2479, 2802
2480, 9250
2481, 3474
2482, 6466
2483, 2570
2484, 5613
2485, 5450
2486, 3328
2487, 5388
2488, 8988
2490, 2837
2491, 3752
2492, 6665
2493, 8747
2379, 2495
2496, 7431
2497, 4769
2498, 7625
2499, 3429
2500, 8209
2501, 9102
2502, 8937
2503, 7134
2504, 9037
2126, 2505
2506, 7734
2507, 9781
2508, 7888
2509, 5958
213, 2510
2511, 6210
2512, 2545
2513, 8421
2514, 5532
2515, 4837
2516, 3617
2317, 2517
2518, 7068
2519, 5119
1345, 2520
2521, 7661
2522, 8053
2523, 9886
2524, 4318
2525, 3489
2526, 8036
2527, 9030
306, 2528
2529, 4551
2531, 7482
2532, 8469
2533, 6606
2534, 8129
2535, 8606
2536, 5635
2537, 3479
2538, 7921
1302, 2539
2540, 3298
2541, 8522
2542, 4770
2543, 9974
2544, 5397
2545, 4333
2546, 7252
2547, 5300
2548, 7974
2549, 6646
2550, 4211
2551, 8336
2553, 2889
782, 2554
2555, 9218
2556, 8078
2557, 4893
2558, 6733
239, 2559
2560, 5232
2561, 7492
2562, 7358
1425, 2563
2113, 2564
2565, 3958
2567, 6067
2569, 6822
2570, 3942
2571, 9782
2572, 9298
2389, 2573
2574, 5827
2575, 6159
465, 2576
2577, 9222
1454, 2578
2204, 2580
2581, 7867
2582, 3985
2583, 4752
2585, 5363
1502, 2586
2587, 8383
2588, 9186
2589, 4095
2590, 9054
2591, 8310
2592, 9262
2593, 9130
2595, 4521
2596, 3475
2597, 3687
2598, 4274
2599, 7758
911, 2600
18, 2601
2602, 3317
2603, 2657
508, 2604
2605, 2830
2606, 6177
2607, 4675
2611, 5764
2612, 9293
2613, 8508
856, 2614
2616, 8930
2617, 6299
2618, 3188
2619, 9928
2620, 4385
2623, 6196
1810, 2624
2626, 3931
2627, 3229
1470, 2629
2630, 3028
2631, 8880
112, 2632
2357, 2633
2066, 2635
2637, 9913
2640, 3471
1494, 2641
448, 2642
2644, 5762
2645, 6249
2646, 8898
1861, 2647
2648, 2920
2649, 9747
2651, 5822
2652, 3089
2653, 6865
2654, 8107
2655, 7727
2656, 8541
134, 2658
2659, 9232
2660, 7654
2661, 8154
2662, 7384
2285, 2663
2664, 6266
329, 2665
2666, 9919
2667, 5771
2668, 7156
2669, 5570
2670, 6013
2671, 4963
2672, 4840
2673, 5598
2674, 4293
643, 2675
1913, 2676
2677, 9165
2679, 5963
2681, 7144
2682, 6531
2684, 7766
2685, 7357
2686, 4220
2687, 6870
1716, 2689
2690, 5846
2691, 8103
2693, 7051
1588, 2694
2029, 2695
2696, 8592
1714, 2697
2698, 9241
506, 2699
2700, 3882
1072, 2701
2702, 2800
2703, 8555
2704, 9319
2706, 5240
2707, 3291
2708, 6091
2709, 7899
2710, 8716
1036, 2711
2712, 5916
2713, 3103
2714, 6458
2715, 5284
2717, 9393
2693, 2718
2719, 8114
2720, 3062
1319, 2721
67, 2722
2723, 9141
766, 2724
293, 2725
854, 2726
2727, 4468
2728, 8857
2729, 7431
2730, 4730
2731, 3991
2733, 7303
2734, 4609
1705, 2735
2736, 6142
2737, 5738
2738, 8736
2739, 4089
2741, 4599
2742, 5806
2743, 4241
2744, 2895
2745, 8898
2746, 6371
2747, 7129
2588, 2748
1385, 2751
2753, 3096
2754, 3591
2755, 9271
2756, 8422
2757, 5442
2758, 6992
2759, 5849
2760, 9901
99, 2761
2762, 8611
1919, 2763
2764, 3135
2765, 5446
2766, 3415
2768, 3798
2769, 4982
2770, 3436
2771, 3565
2772, 9012
2773, 6118
2774, 7576
2775, 5346
2776, 8683
2777, 9319
11, 2779
2780, 7879
2781, 4376
2782, 3670
2781, 2783
2784, 7132
2785, 5657
399, 2786
2787, 9768
2788, 4356
2789, 8708
2755, 2790
1512, 2791
2792, 5873
2793, 5872
2475, 2794
2469, 2796
2797, 5370
2798, 4740
2799, 4984
2800, 9088
2803, 3799
2804, 9434
2805, 4205
2806, 9793
2807, 8476
2808, 4438
2809, 9749
2810, 3835
2811, 7295
2812, 6819
2245, 2813
2814, 9071
2815, 5145
2816, 4516
2817, 9658
2818, 4867
979, 2819
2820, 3972
2821, 5121
2822, 7456
2823, 5324
2824, 9463
2825, 4664
372, 2826
2827, 3143
2147, 2828
2829, 5627
2830, 6194
2831, 3316
2814, 2832
2833, 4590
2834, 6591
2836, 4283
2837, 8451
2838, 7981
2840, 6005
2841, 9713
2842, 7531
2843, 3979
2359, 2844
2845, 9307
2846, 8063
2847, 5321
1494, 2849
2850, 4982
2851, 9133
2852, 3667
2853, 9334
2854, 5470
2855, 7201
2856, 2952
2857, 8878
2858, 8507
2859, 5232
2860, 3212
2861, 8093
2862, 6955
2863, 5578
1814, 2864
2865, 5307
2866, 4371
2868, 9489
2869, 3078
2870, 5633
2872, 3450
2873, 3304
2874, 4667
2460, 2875
2876, 4572
1344, 2877
2878, 4678
2879, 3993
2880, 3669
2881, 6433
2882, 7918
2883, 3879
2884, 6185
2885, 7321
2886, 8473
2854, 2887
2888, 7041
2890, 3147
2891, 3712
2893, 6339
2894, 5377
2895, 4339
2896, 8372
2898, 2997
2899, 7602
2900, 4622
2901, 6153
2552, 2902
2903, 6218
2904, 6576
2905, 6967
2906, 8457
2798, 2907
2908, 5242
2910, 4195
2911, 3615
2912, 7466
2913, 3748
2914, 3154
2915, 9471
2719, 2916
2063, 2917
2918, 5637
2919, 7313
2921, 8079
2922, 4231
2923, 4647
2924, 3110
2926, 4369
2927, 3707
2928, 5407
2929, 5946
2931, 7797
1702, 2932
2933, 7871
2934, 9081
2935, 7904
2555, 2936
2937, 9950
2938, 4778
2939, 5507
2941, 3978
2550, 2943
2944, 3874
2945, 9422
2946, 6741
2947, 3932
2948, 8385
2949, 8584
2950, 7476
2951, 9458
2953, 7475
2954, 9114
925, 2955
1910, 2956
1143, 2957
2958, 7624
2959, 7460
2960, 3732
2961, 6020
2962, 5797
2353, 2964
2965, 9545
2966, 6474
2967, 5876
2318, 2968
2969, 6999
2970, 6515
988, 2972
2973, 8129
2974, 5001
2975, 5613
2137, 2976
2977, 8994
1622, 2978
1752, 2979
2980, 6594
2981, 7745
2982, 4375
1741, 2983
2985, 8312
2986, 3206
2988, 9820
978, 2989
2990, 8924
2991, 5810
2992, 7796
2994, 7016
2995, 9253
2996, 3825
2997, 5523
2998, 5598
2999, 5582
3000, 6777
3002, 6467
3003, 8632
3004, 9555
3005, 9789
3007, 5845
3008, 8543
3009, 6363
3010, 4944
3011, 8992
3012, 5155
2557, 3013
234, 3015
3016, 6141
3017, 4188
2084, 3018
1410, 3020
3021, 3169
3022, 4076
1317, 3023
1715, 3024
923, 3025
3026, 9505
3027, 3297
2804, 3028
1825, 3029
3030, 5945
2900, 3031
3032, 9158
3033, 5187
3035, 5852
3036, 5281
3037, 3654
3038, 3916
3039, 3472
3040, 5410
3042, 8308
3043, 9619
3044, 8992
3045, 9290
3046, 4020
3047, 5555
3048, 9470
3049, 9555
3050, 6708
3051, 3372
3052, 7142
3053, 5933
1646, 3054
3055, 4804
3056, 5030
3057, 7586
3058, 6160
397, 3059
3060, 4350
2360, 3061
1567, 3064
3066, 7549
3067, 5454
1061, 3068
3070, 4709
3071, 4419
3072, 6209
3073, 6696
3075, 8871
3076, 3173
3077, 7416
3079, 5087
3080, 6615
3081, 3404
2460, 3083
3084, 8105
3085, 7428
3086, 6311
1737, 3087
3088, 8241
3090, 5226
3091, 9394
3092, 8941
3093, 4163
2921, 3094
3095, 7829
3097, 9199
3098, 6933
3099, 8431
3100, 4078
3101, 9597
3102, 4941
3103, 9560
3104, 6368
3105, 4219
3106, 9004
3107, 6282
3108, 6799
3109, 6169
3110, 3285
3111, 3272
3112, 3187
3113, 7009
2115, 3114
3115, 6564
3117, 3387
3118, 9645
2335, 3119
3120, 4679
3121, 6785
822, 3122
2146, 3123
3124, 5753
3126, 8176
3127, 6277
3128, 6514
3129, 8506
3130, 5040
3131, 4081
3132, 5490
3133, 7102
2755, 3134
3136, 8137
718, 3137
2896, 3138
3140, 5697
494, 3141
3142, 3958
3144, 3767
3146, 6336
3148, 8439
387, 3149
3151, 9792
3152, 8949
3153, 9553
1501, 3155
3157, 4172
3159, 5001
3160, 3743
3161, 8975
3163, 4686
3164, 4528
3165, 8328
3166, 8770
3167, 3985
337, 3168
3169, 5348
3170, 3229
2286, 3171
3172, 7498
3174, 3535
3175, 9530
3176, 4722
3177, 9539
3178, 4510
3179, 6728
3106, 3180
3181, 4260
3182, 5209
1561, 3183
3184, 4306
3185, 6807
3186, 4044
3187, 3265
3188, 5819
3189, 9544
3190, 5099
3191, 7425
3192, 3834
3193, 4264
3194, 9553
698, 3195
3196, 5409
3197, 5042
3198, 7431
3199, 3366
3200, 6810
3202, 5091
549, 3203
3204, 7533
3205, 5562
1425, 3207
3208, 8688
3209, 6634
3210, 4147
3211, 7481
1811, 3213
3214, 7278
3215, 4009
3216, 9721
3217, 6188
1291, 3218
3219, 3689
3221, 6637
3222, 3871
3223, 7004
3225, 5280
3226, 9592
3227, 6696
28, 3228
2728, 3230
3232, 6098
3233, 4226
3234, 6868
3235, 7877
2046, 3236
3007, 3238
3239, 8815
3240, 5254
4, 3241
3242, 6681
1450, 3244
3245, 3863
3246, 4271
1879, 3247
3248, 3425
3249, 6515
3250, 8912
3251, 5663
3252, 4757
3253, 4845
3254, 4963
3256, 4287
3257, 6718
3258, 3359
3259, 8899
1641, 3260
3261, 5047
3262, 7310
3263, 7233
3266, 4396
3267, 8379
3268, 3540
907, 3269
3270, 3939
553, 3271
3273, 7047
3274, 6334
3275, 8284
3277, 9751
3278, 3368
3280, 7309
3281, 9819
825, 3282
3283, 9115
3284, 6352
3285, 5773
3287, 6867
3288, 8375
3289, 8154
3290, 7366
3292, 4451
3293, 6539
3294, 8669
3295, 3892
3297, 3642
3299, 3506
3300, 7899
3301, 3603
3302, 7498
3306, 5009
3308, 7727
3309, 4486
3310, 8839
3311, 4736
3312, 6579
2133, 3313
832, 3314
2223, 3316
3317, 4866
3318, 9177
1091, 3321
3322, 7498
3323, 5631
3324, 5222
1818, 3325
3326, 9003
2814, 3327
3254, 3329
3330, 7248
3332, 3442
3333, 6481
3334, 7406
3335, 4629
3336, 7056
2897, 3337
3338, 7063
1352, 3339
3340, 9958
3341, 9077
3342, 8431
3343, 7642
3344, 3598
3345, 9795
3347, 6829
3348, 6542
3349, 9796
3350, 8584
3351, 5922
3352, 9507
3353, 5856
3354, 8339
3355, 8627
3356, 8158
3357, 6786
3134, 3358
3360, 3697
3362, 9238
1193, 3363
3364, 4527
3365, 7165
3366, 8758
305, 3367
3369, 5983
3371, 3569
3373, 9828
3374, 7706
3376, 5629
2681, 3377
1291, 3378
3379, 4471
3380, 5645
3381, 8412
3382, 3771
3383, 7344
3386, 7843
3388, 5695
3389, 9732
3390, 4866
3391, 8009
3392, 8010
3394, 9137
752, 3395
3396, 7854
3397, 9658
1217, 3398
3399, 9217
3401, 9202
3402, 6093
1337, 3405
3406, 9397
1385, 3407
3376, 3408
3409, 8851
3410, 5278
3411, 6136
3412, 4169
3413, 5737
3414, 7955
931, 3416
3417, 6669
3418, 6568
783, 3419
2622, 3420
3421, 5555
374, 3422
3423, 9555
3424, 6428
3002, 3426
3427, 7665
3428, 9172
3430, 7884
3399, 3431
863, 3432
3433, 4172
3434, 9896
3435, 5692
3438, 7881
1252, 3439
1478, 3440
3441, 8891
3443, 8473
2004, 3444
3445, 6418
3446, 7195
3447, 4251
3448, 4228
124, 3449
2456, 3450
3451, 9521
1863, 3452
3454, 7802
1056, 3455
3456, 5856
3458, 9227
3459, 9486
3460, 4751
647, 3461
3462, 7534
3463, 8348
3464, 8861
3465, 8869
3466, 7109
3467, 7444
3468, 3896
3469, 7768
3470, 4605
3471, 4214
3473, 8515
3476, 8088
3478, 6539
3480, 5284
2134, 3481
697, 3482
3483, 9868
3484, 3503
3485, 9686
3486, 5028
3487, 7786
1197, 3488
3492, 4679
3493, 8565
3494, 4786
3496, 6557
3497, 9882
3498, 4275
3500, 5454
3501, 9393
3502, 6431
2984, 3504
3505, 7942
3506, 7476
3507, 5053
3510, 8660
3511, 4628
3512, 9945
2068, 3513
3514, 4245
3515, 9852
3516, 5990
3518, 9723
1304, 3519
3520, 5624
3521, 9833
3522, 7941
3523, 5764
179, 3525
3526, 9039
2021, 3527
2784, 3528
3529, 7224
3530, 6173
3531, 3882
3532, 8970
3533, 7056
1196, 3536
3537, 5475
3538, 9200
3539, 9110
3541, 8157
3542, 4449
286, 3543
3544, 8680
3545, 7153
3546, 4317
3547, 4606
3548, 5467
3550, 3827
3551, 7137
1254, 3552
3553, 3638
3554, 7689
3555, 3725
3556, 3627
3557, 6854
3558, 6644
3560, 6290
3561, 5396
3562, 9644
2185, 3563
1134, 3564
3566, 5273
3567, 4472
3568, 8488
3569, 7624
3570, 6379
3571, 9216
3572, 9303
3573, 6819
3574, 8492
276, 3576
3577, 4798
930, 3578
3579, 4947
3580, 7151
3581, 3872
3583, 3687
1965, 3584
3585, 8649
1285, 3586
3587, 4502
3588, 7592
3589, 4145
3591, 3702
3592, 4916
3593, 6732
3192, 3594
3595, 4268
3596, 9240
1503, 3597
3599, 8740
3600, 8297
3601, 3932
3041, 3602
3603, 6169
893, 3604
3608, 7114
3609, 7436
3610, 7790
3611, 5577
3612, 4962
3613, 8471
3614, 5213
3615, 5260
3616, 4172
3618, 7851
3619, 4024
3620, 6702
3621, 3984
3622, 7986
3623, 6613
3625, 8318
3626, 9046
3627, 5327
2179, 3628
3630, 3820
1560, 3633
293, 3634
3635, 6794
3636, 8615
3637, 9585
3639, 6830
3640, 9559
3641, 6435
366, 3643
2890, 3644
3645, 7497
2017, 3647
3648, 6351
3649, 3729
3651, 9484
3652, 8006
3654, 8384
3655, 5564
1378, 3656
3658, 6089
1817, 3659
2602, 3660
3661, 5992
860, 3662
3663, 5909
3664, 9034
3665, 4178
332, 3666
2922, 3668
3670, 7190
3671, 8813
3673, 3942
493, 3674
3073, 3675
3676, 6208
3678, 9044
3679, 4111
3680, 7163
3681, 8373
3682, 7792
3683, 4827
3684, 3708
2549, 3685
3686, 4625
3598, 3688
3689, 5990
3692, 7778
3451, 3693
2639, 3694
3695, 5267
3049, 3696
615, 3697
3698, 8036
3699, 8988
3700, 7290
3701, 7710
3702, 5824
3703, 6870
3704, 9718
1264, 3705
3706, 4534
3709, 6102
3710, 6719
3711, 5101
3713, 5142
3714, 9668
301, 3715
988, 3716
3717, 5237
1227, 3718
3719, 4497
2245, 3720
3721, 7269
3722, 9160
3723, 5700
3724, 9991
3726, 4364
3727, 7133
3728, 4532
3730, 8933
2608, 3731
748, 3733
3734, 6539
3735, 5675
3736, 5435
3737, 9915
3478, 3738
3739, 8569
3740, 9785
3741, 6405
3742, 7779
3744, 8614
3746, 3803
3747, 9809
3748, 9002
3749, 4416
1348, 3750
90, 3751
3752, 6170
3753, 8236
3754, 7563
3755, 8531
3756, 9367
1998, 3757
3759, 4199
3760, 8863
3761, 7725
3762, 7874
3763, 9869
1057, 3764
3768, 4645
3769, 7916
3772, 7065
3773, 7085
3774, 5833
3775, 7075
3776, 7244
391, 3779
518, 3780
3782, 4806
3783, 7530
3784, 9256
2324, 3785
2079, 3787
3788, 6610
3789, 9940
3790, 9196
3791, 7992
3792, 7206
3793, 5894
3794, 6224
3795, 5995
3796, 7515
3797, 9682
3798, 6182
3800, 8995
3801, 5472
3158, 3802
3803, 9874
3804, 5540
1271, 3805
1838, 3806
3807, 4838
3808, 8105
3809, 8946
3810, 6410
3811, 7162
3812, 8925
3813, 8778
3816, 8950
3817, 4036
3275, 3818
3819, 8115
2037, 3820
3821, 4305
3822, 3833
1334, 3823
3824, 9829
3307, 3826
623, 3828
3829, 7661
3830, 7531
3831, 4726
1490, 3836
3837, 7324
3838, 9178
3839, 6319
3840, 8709
133, 3841
3842, 7388
3844, 5011
1462, 3846
3848, 4764
3849, 7247
3850, 5767
1983, 3852
3853, 9258
3854, 6660
3855, 5120
3856, 9203
3857, 4151
3858, 5899
3859, 7409
2818, 3860
3861, 6758
2947, 3862
3864, 9320
3866, 7160
3867, 6318
2249, 3868
3871, 8538
3873, 4292
3875, 8089
1854, 3876
3877, 4398
1797, 3878
3880, 4695
3881, 5323
3883, 7289
3884, 6523
3885, 5989
3886, 7588
2062, 3887
3888, 9234
3889, 9425
3890, 9038
1249, 3891
3893, 6295
2967, 3894
3897, 9044
3898, 7701
3899, 4934
1690, 3900
3901, 5247
1109, 3902
3903, 8714
3904, 3967
3905, 6945
3906, 9999
3907, 5432
3908, 5786
3909, 8350
3910, 9618
71, 3911
3912, 6023
847, 3913
686, 3914
2506, 3915
3918, 4069
3919, 9380
1628, 3920
3921, 6888
3922, 8069
513, 3923
3924, 9259
3925, 8509
1637, 3926
3927, 8254
3928, 9192
3929, 7305
3930, 9458
3933, 7430
3934, 6337
3935, 6686
3937, 9790
1681, 3938
3939, 9198
3943, 4024
3944, 9906
3945, 7135
3946, 7664
3947, 9902
3948, 9382
3952, 4226
2270, 3953
3954, 5374
3956, 4177
3957, 4603
3958, 9475
2173, 3959
3960, 5696
3961, 5633
3962, 5578
3964, 7824
3965, 6458
2359, 3966
3968, 5640
3969, 4396
3454, 3970
3971, 6199
3973, 5692
3974, 4636
3975, 4416
3976, 7114
3977, 5555
3978, 7498
2860, 3980
3981, 5526
3982, 4355
3983, 7204
3986, 6408
3987, 8044
3988, 9991
2498, 3989
2162, 3990
3992, 9368
3993, 9121
3994, 5108
3995, 5723
3996, 6870
3998, 5719
3999, 9041
4000, 6789
2873, 4001
4002, 9151
4003, 9671
4004, 5882
4005, 5782
4007, 8015
4008, 8116
1247, 4010
3115, 4012
4013, 6110
4014, 8876
4015, 7048
4016, 9025
4017, 7153
4018, 9878
4021, 8876
4022, 6479
4023, 7368
4025, 8540
4026, 4305
463, 4028
4029, 6883
2211, 4030
4031, 6415
550, 4032
4033, 9238
1840, 4034
4037, 9346
4038, 6019
4039, 7856
4040, 6540
4041, 4648
4042, 6581
4043, 4283
4045, 4707
4046, 5342
4047, 6214
4048, 7144
4049, 9886
655, 4050
4051, 6621
4053, 6329
4054, 4875
4055, 5448
4056, 4492
4058, 7682
4059, 6827
4060, 9113
4062, 6890
4063, 7341
3169, 4065
4066, 4807
65, 4067
4068, 4986
4069, 5929
4071, 4820
3456, 4072
39, 4073
4074, 7097
1653, 4076
4077, 6171
4079, 8180
4080, 5601
4082, 4472
2034, 4083
2514, 4084
4085, 9611
28, 4086
4087, 7279
4088, 9448
4090, 5727
4091, 8122
4092, 7354
4093, 6016
4094, 4201
3723, 4096
4098, 9506
4099, 9503
4100, 5119
4101, 8447
3114, 4102
1465, 4103
4105, 8253
3284, 4106
4107, 9730
4108, 9161
4109, 5433
4110, 4642
4112, 4980
4113, 7452
4114, 8491
4115, 4733
4117, 5442
613, 4118
4119, 8498
4120, 4750
1019, 4121
4122, 5676
4123, 4506
1000, 4124
4125, 6297
2161, 4126
4127, 4582
4128, 8605
4129, 7425
4130, 6615
4131, 9645
4132, 8015
4096, 4133
4134, 7540
975, 4135
4136, 6192
4137, 7972
4138, 7526
4139, 5920
4141, 6103
590, 4142
4143, 5666
4144, 8530
861, 4146
4148, 9670
4150, 8764
4152, 5580
1975, 4153
4154, 8330
4155, 7335
1420, 4156
4157, 9239
4160, 8801
3503, 4161
4162, 7468
4164, 5139
4165, 5348
4166, 5370
4167, 8122
4168, 5669
4170, 4973
4171, 9157
4173, 8173
1959, 4174
4175, 6668
4179, 6298
4180, 9700
4181, 5538
4182, 5449
4183, 6358
2209, 4184
4185, 6665
2785, 4186
4187, 8865
4189, 6701
4190, 4410
4191, 8945
4192, 4317
4193, 7144
666, 4194
4197, 5803
4198, 9897
971, 4200
4201, 4424
345, 4202
4203, 6605
4204, 8807
4206, 7748
4207, 9964
545, 4208
4209, 7911
3949, 4212
3660, 4213
4215, 7125
4216, 4684
4217, 7641
4218, 7407
4220, 8763
4221, 6336
3995, 4222
4223, 6202
4224, 8608
4225, 8725
4226, 7008
3674, 4227
4228, 7133
4229, 9218
4230, 8509
4231, 9089
4232, 8901
4233, 8097
4234, 7510
4235, 8124
4236, 7894
4237, 5535
4239, 7481
4240, 8161
4241, 5467
4243, 7537
4244, 8562
4246, 8912
4247, 6700
3154, 4248
4249, 9837
1382, 4250
4251, 5323
4253, 5174
4254, 8559
1194, 4255
4256, 8531
4257, 5962
3941, 4258
4259, 6494
4261, 5472
4263, 5048
4264, 5011
4266, 5322
4267, 6136
990, 4269
4270, 6428
1157, 4271
4272, 5655
1120, 4273
4274, 5173
4275, 7102
3725, 4276
4277, 4685
1931, 4278
4279, 6554
4280, 8431
4281, 8450
4284, 8367
4285, 6554
4286, 6187
4288, 4498
4289, 7940
442, 4291
1448, 4292
4294, 8377
4297, 9222
4298, 6877
4299, 4557
3217, 4300
3303, 4301
4302, 4780
673, 4303
2657, 4306
4307, 6581
4308, 5545
234, 4310
4311, 5339
4312, 7366
2094, 4313
4314, 7770
4315, 6029
4316, 5341
3570, 4320
4321, 5449
4323, 6257
3637, 4324
4325, 7325
4326, 8058
4327, 8510
4328, 6691
4330, 8618
4331, 8836
4332, 8283
4333, 6596
4335, 5545
4336, 5255
4337, 8753
4338, 8485
4340, 9044
4341, 5930
4342, 5323
4343, 9660
4344, 4932
4345, 4959
1794, 4346
2558, 4347
3562, 4348
3629, 4350
4352, 9375
4353, 4910
4354, 5703
4357, 9209
4358, 8940
1315, 4359
3101, 4360
4361, 8879
4363, 6619
3061, 4365
4366, 9899
4367, 6472
4368, 7110
3540, 4370
4371, 6701
4372, 6298
4374, 6828
3121, 4377
4378, 7552
992, 4379
4380, 6544
2342, 4381
4382, 6234
4386, 9182
4388, 8661
4389, 6009
4390, 9148
4391, 7517
4392, 8692
4393, 4846
4394, 5695
4338, 4395
4397, 8890
1967, 4399
4400, 8774
4401, 9519
496, 4402
4403, 9418
4404, 5482
3311, 4405
3153, 4406
4407, 9126
4408, 8461
4409, 6759
4411, 8454
3419, 4412
4413, 7533
4415, 5970
4417, 4467
4418, 5797
4419, 9168
4420, 7035
667, 4421
4422, 6979
4425, 6162
4426, 4775
4428, 5099
4429, 7198
4430, 9262
3479, 4432
4433, 6061
4434, 7881
4435, 9352
4436, 6679
4437, 9096
4439, 4624
4440, 7379
4441, 9011
4442, 9042
4445, 5602
4447, 4829
4448, 7798
4449, 9166
144, 4450
4452, 8817
4453, 8206
365, 4454
295, 4456
263, 4459
4460, 4832
4461, 5887
4462, 6835
4463, 9812
4464, 4835
3597, 4465
4467, 5434
4468, 7308
2351, 4469
4470, 6008
4471, 6389
4473, 7832
4474, 8646
1266, 4475
4476, 9965
4477, 7322
1606, 4478
4479, 9676
3710, 4480
3343, 4483
3551, 4485
4486, 7147
4487, 5317
4488, 8433
4490, 9407
4491, 5424
4492, 7480
4493, 8089
4494, 7778
4176, 4495
4496, 8703
4499, 6004
749, 4500
4501, 5526
1980, 4504
4505, 6259
4507, 8828
125, 4508
4509, 9511
4511, 7554
4512, 9753
32, 4513
4172, 4515
4517, 4809
4518, 6316
4519, 5990
3070, 4520
1106, 4522
4523, 6004
4255, 4524
4525, 6769
4528, 8885
4529, 7268
4530, 4866
2394, 4531
4533, 6147
4535, 5156
4536, 9666
4537, 6656
4538, 9875
4539, 6397
4540, 5889
676, 4541
3601, 4542
3720, 4543
139, 4544
4545, 6796
4546, 9325
4547, 8642
2136, 4548
4549, 4917
4550, 9562
4552, 6913
4553, 4965
2456, 4554
4555, 5585
4556, 5233
4558, 8528
4559, 6891
4560, 5872
4561, 8481
4562, 9208
4563, 6733
4564, 5366
4565, 5967
3728, 4566
4567, 7453
4568, 5007
3810, 4570
4572, 5779
2303, 4574
4575, 6304
4576, 6786
4577, 8728
1291, 4578
4579, 7461
1364, 4580
4582, 8559
4583, 9795
4585, 6411
4586, 9998
3871, 4587
4588, 7365
4589, 9460
4591, 9589
4592, 8162
4593, 6166
4594, 7461
4596, 8586
4597, 5358
4598, 7019
4007, 4599
4601, 5645
4602, 9591
4603, 8668
4604, 8579
4608, 5238
4610, 8658
3932, 4611
4612, 9824
2921, 4613
4614, 5594
4615, 6444
4616, 4812
40, 4617
4618, 7664
4619, 7135
4620, 6292
4621, 6455
4623, 7026
2809, 4626
4419, 4627
4630, 7715
1961, 4631
2620, 4632
4633, 7305
4634, 8423
4636, 9829
4637, 9454
4638, 4973
4639, 7733
4640, 7181
4641, 8167
2366, 4644
4645, 6863
4646, 5033
4647, 7017
4650, 5531
4651, 5142
458, 4652
4654, 5812
4655, 6897
751, 4657
4658, 6600
3206, 4659
2721, 4660
4661, 7583
567, 4662
782, 4663
753, 4665
4666, 9530
4668, 9544
4669, 7657
4670, 5654
4671, 6828
4672, 9515
1643, 4673
4674, 5758
4676, 8187
333, 4677
4679, 6020
3995, 4680
4682, 8605
2712, 4683
4688, 7551
4689, 9177
4690, 9908
4691, 7616
2386, 4693
4694, 8911
4696, 5829
4447, 4697
4698, 5307
4699, 9787
4700, 6081
2921, 4701
4678, 4702
4703, 6886
4704, 6648
4705, 9194
4706, 7314
4710, 6080
4711, 5105
4712, 6741
4713, 6623
4714, 6274
1397, 4715
198, 4716
4717, 4840
4718, 8139
4581, 4719
4720, 6222
4721, 5031
2413, 4722
4723, 5722
4724, 5395
1291, 4725
4726, 5461
4727, 7149
4728, 8538
4729, 9388
4731, 8836
1219, 4732
1759, 4734
2604, 4735
4737, 6270
1554, 4738
4739, 5819
4741, 8528
4742, 9758
4743, 6693
4744, 6272
4745, 5635
4747, 7878
4748, 7139
4749, 5392
4753, 4831
2223, 4754
4756, 7807
4758, 5909
4759, 7112
4760, 7682
4761, 6505
2405, 4763
4764, 9093
2883, 4765
4767, 6658
4768, 9009
4769, 7556
4771, 7424
945, 4772
4773, 6847
2692, 4774
4776, 7246
4779, 6501
4781, 8554
3044, 4782
2070, 4783
4784, 5681
4785, 5287
4786, 9026
452, 4787
4788, 5102
3026, 4790
1958, 4791
4792, 5652
4793, 6360
4794, 7492
4795, 5531
4569, 4796
4797, 5895
4798, 9003
4800, 9969
2857, 4801
1738, 4802
4803, 6465
4805, 6270
4809, 7100
4810, 5038
4811, 6344
114, 4813
4815, 6083
4816, 7082
2967, 4818
4819, 7447
4821, 8418
4822, 7226
2931, 4823
2774, 4824
806, 4825
4827, 4907
3587, 4828
4051, 4830
4831, 8031
4832, 7534
3898, 4833
3597, 4834
4836, 5408
4841, 7642
975, 4843
4845, 4908
4847, 6841
4848, 7442
2592, 4849
4850, 6670
4851, 7449
4852, 9895
4853, 5141
4092, 4854
4855, 6965
4856, 9029
4857, 9240
4859, 5019
4860, 8144
4861, 5602
4863, 7994
3725, 4864
4868, 5032
4870, 8721
4872, 9965
1925, 4873
4874, 5384
859, 4876
4877, 5869
4878, 8955
4879, 5915
4880, 6829
4881, 7554
2989, 4882
963, 4883
4183, 4884
4886, 7116
3461, 4887
3074, 4888
456, 4889
4890, 7321
4891, 6837
4892, 8075
4141, 4894
2073, 4895
4896, 5465
4899, 9885
4900, 5036
4901, 6782
3476, 4902
4904, 5156
4905, 4967
1602, 4906
169, 4908
4909, 8776
4910, 6342
1978, 4911
3575, 4912
4913, 5209
4914, 7689
3749, 4916
3695, 4917
4918, 8366
4919, 6083
4920, 5003
4921, 6909
3466, 4922
4923, 7343
4924, 8486
4925, 5900
2190, 4926
4927, 7792
4928, 7431
2536, 4929
40, 4930
4933, 7358
4934, 7214
2306, 4935
4936, 9041
4937, 6295
4939, 6933
3719, 4940
4941, 8614
4942, 5626
4943, 8678
4944, 7757
3006, 4945
4946, 7827
4430, 4948
2137, 4950
4951, 8325
4954, 6439
4956, 5672
1346, 4958
4960, 8401
313, 4961
4964, 9671
4965, 6828
2459, 4966
4967, 5378
4968, 9098
4971, 6560
3858, 4972
4975, 9614
4976, 9918
4977, 5629
1691, 4978
4979, 7011
4981, 8977
4983, 6165
4984, 7293
4985, 7449
90, 4987
4988, 7405
4989, 7964
4990, 9405
4991, 6626
1921, 4992
4993, 5978
4994, 9183
848, 4995
4996, 5625
3278, 4999
5002, 8486
5004, 9157
5005, 6687
5006, 5932
5008, 5936
5010, 9210
5012, 7257
5013, 7778
5014, 6877
3885, 5015
383, 5016
5017, 9510
3456, 5020
5021, 8744
5022, 8710
5023, 7963
5024, 6800
5025, 5239
238, 5027
5029, 8014
5032, 9135
5034, 8964
5035, 9017
5037, 8371
5038, 5689
3319, 5039
5041, 7891
5043, 8728
5044, 6979
5045, 6705
5046, 9683
770, 5047
5048, 6113
5049, 5849
526, 5050
4093, 5052
604, 5054
1802, 5055
5056, 8266
5057, 5431
5058, 5999
5059, 7471
5060, 8067
2890, 5061
5062, 9096
4729, 5063
2585, 5064
2429, 5065
5066, 9925
5068, 5823
5069, 7612
5070, 9137
5071, 8925
413, 5072
5073, 9005
5074, 5205
5076, 8716
5077, 8643
5079, 8324
5080, 9629
5081, 7080
5082, 8351
2836, 5083
5084, 8523
5085, 5244
4495, 5086
5087, 7290
5088, 5849
1801, 5089
5090, 9262
5091, 6829
5093, 5790
5094, 7574
5095, 6589
5096, 9961
5098, 9814
5100, 9829
5103, 5483
4256, 5104
5105, 9607
2583, 5106
5107, 5322
5108, 6508
5109, 6791
5110, 8878
1647, 5111
5112, 7031
5113, 5706
5114, 9675
5115, 9748
5117, 6030
5118, 8391
5122, 9634
5124, 9631
5125, 9349
2985, 5126
4963, 5127
5128, 8355
5129, 8566
4812, 5131
3760, 5132
2398, 5133
5134, 9648
5135, 8230
5136, 5818
1759, 5137
5138, 6054
2777, 5139
5140, 7747
470, 5141
2263, 5143
5144, 8766
5146, 8048
5147, 5380
2716, 5148
2387, 5149
5150, 7593
5151, 8557
5152, 5321
5140, 5153
5154, 7946
5156, 9912
357, 5157
5158, 9358
1125, 5159
5160, 7459
1291, 5161
5162, 9281
5163, 6201
498, 5164
5165, 8551
5166, 9049
2176, 5169
5171, 6809
2357, 5172
5173, 9538
5175, 8551
65, 5177
5178, 8591
4463, 5179
5180, 9147
5181, 7016
5182, 6525
5183, 9507
4035, 5185
1626, 5186
5188, 6989
5189, 8507
5190, 7738
5191, 7939
5193, 6580
3884, 5194
5195, 5554
5196, 9501
5197, 5880
5198, 7973
5199, 8435
5200, 8227
641, 5201
5202, 7679
5134, 5203
5204, 5912
2722, 5206
2523, 5207
4329, 5208
5210, 6299
4294, 5211
5212, 9804
5214, 6017
5215, 5304
2621, 5216
5217, 9697
5218, 6408
5219, 8052
5220, 9923
1142, 5221
5223, 8735
5224, 7643
5225, 5647
5143, 5227
5228, 5714
5229, 5814
3413, 5230
2762, 5231
4869, 5233
5234, 7884
564, 5236
5238, 8422
5241, 8785
3252, 5243
5245, 9507
5247, 7632
5248, 6830
5250, 9866
5251, 7101
3097, 5252
5253, 8070
1622, 5254
5256, 6539
5257, 7578
3055, 5258
5259, 9017
5260, 6216
5261, 7398
5262, 7151
5263, 8930
375, 5264
2359, 5265
5266, 9031
5268, 6993
5271, 7948
5272, 9126
3878, 5274
3528, 5275
5276, 8900
4198, 5277
1097, 5278
5279, 8050
1676, 5280
3970, 5282
266, 5284
3960, 5285
5286, 9133
4052, 5288
5290, 8088
2396, 5291
5292, 9389
5294, 6707
5295, 8210
540, 5296
5297, 8497
5298, 9423
5299, 6603
5301, 5606
5302, 6870
5303, 5357
705, 5305
154, 5306
5308, 9976
4429, 5309
5310, 6277
5311, 9653
5312, 6121
5313, 9330
5315, 5888
2734, 5316
5317, 9286
5318, 7472
5319, 7539
5320, 7812
2330, 5321
5325, 7428
2102, 5326
5184, 5328
5329, 6720
4733, 5330
4148, 5333
5334, 6018
5335, 9426
806, 5337
2070, 5338
3779, 5343
5344, 5519
5345, 5431
5347, 6582
3320, 5349
5322, 5350
5352, 9311
5353, 8422
1966, 5354
5355, 9127
4598, 5356
5359, 6353
5360, 8778
5361, 6620
5185, 5362
5363, 9874
5364, 8065
5365, 7297
1741, 5367
5368, 5814
5371, 9728
5372, 9871
4316, 5373
5375, 5414
5376, 7007
5377, 7487
3967, 5379
910, 5381
5383, 8777
5384, 9711
5385, 6978
5386, 5710
3874, 5387
5388, 7553
5390, 6960
5394, 6233
832, 5395
3749, 5398
4893, 5399
5400, 6316
5401, 8739
5402, 9275
1710, 5403
1025, 5404
5405, 7759
5406, 9423
5407, 7591
5408, 9812
5410, 5773
5411, 7282
5412, 8921
5413, 5617
5415, 8976
5418, 9784
5420, 8460
1503, 5421
5422, 8742
5423, 8203
5425, 8064
5358, 5426
5427, 6148
5429, 7548
5430, 7038
5434, 5732
5437, 5643
5034, 5438
5335, 5439
5440, 7427
5441, 8625
5443, 5902
5444, 8902
2136, 5445
2342, 5446
5447, 9696
5451, 7434
5452, 9427
1856, 5453
5454, 6675
5455, 7558
5456, 6322
5457, 6077
2589, 5458
480, 5459
5460, 8834
5462, 5625
293, 5464
2581, 5465
4197, 5466
2871, 5467
2664, 5468
1310, 5469
5471, 6666
414, 5473
3436, 5474
5476, 6104
1786, 5477
5479, 7859
5480, 7452
5481, 7221
5483, 6809
5484, 6893
5486, 7245
5488, 7922
2301, 5489
5491, 7657
5492, 5966
5493, 7327
5494, 9860
5497, 8762
3303, 5498
5499, 7393
5500, 9705
3415, 5501
5502, 7770
4683, 5503
5505, 6277
3607, 5506
838, 5508
3243, 5510
5511, 8487
5512, 5611
3567, 5513
5515, 6555
2883, 5516
2845, 5517
5520, 8923
5521, 6736
4166, 5522
5524, 6439
5323, 5525
4869, 5527
4932, 5528
5529, 6502
5531, 7027
5533, 7343
4519, 5534
121, 5535
5536, 6600
5537, 7668
5538, 6280
5539, 7831
4178, 5542
5543, 9574
4807, 5546
5547, 9657
5548, 9071
1391, 5549
5550, 5647
5551, 8184
5552, 8156
5555, 6138
5556, 5835
5557, 6092
5558, 5727
5560, 9135
5563, 6994
4542, 5565
5566, 8186
5567, 6667
5569, 6328
999, 5570
4978, 5571
5445, 5574
4986, 5575
2933, 5578
266, 5579
5581, 7987
5583, 7182
600, 5584
5585, 9770
5586, 9035
5587, 5649
5588, 8983
5589, 6785
5590, 8236
1996, 5592
5593, 8256
2772, 5595
3895, 5596
4841, 5597
5599, 7460
5600, 8073
5602, 8857
1790, 5603
1723, 5605
5606, 8700
5607, 8099
3210, 5608
5609, 9445
5610, 7966
960, 5612
5614, 5631
5615, 9050
5616, 6411
5619, 7587
724, 5620
3455, 5621
5622, 9630
5623, 7087
5627, 8333
5628, 8340
686, 5630
3801, 5632
5634, 7551
5636, 8066
260, 5639
2502, 5640
5641, 8999
5642, 8176
4784, 5644
5646, 7068
3055, 5648
5649, 7489
5650, 9902
5653, 7876
5656, 8826
5658, 6114
2198, 5660
2093, 5661
1299, 5662
5663, 6907
5664, 6902
1011, 5665
5667, 6587
2660, 5668
5669, 7022
5670, 7309
4576, 5671
891, 5674
5675, 9205
5676, 7341
4691, 5677
5678, 7806
5679, 7205
1508, 5680
3870, 5682
5683, 8941
3229, 5684
3446, 5685
5686, 6795
5687, 9376
3807, 5688
4733, 5690
5691, 7318
3012, 5693
5694, 6377
3208, 5697
5698, 6478
3857, 5699
5702, 9424
5704, 6640
3336, 5705
5707, 9921
5708, 6821
523, 5709
5711, 8006
5713, 9868
5716, 7906
5720, 7185
4623, 5721
5725, 9311
5726, 8240
2023, 5729
5730, 8737
5731, 9593
5733, 8147
5734, 6895
446, 5735
5736, 9216
4472, 5738
5739, 6848
5740, 7431
5286, 5741
5742, 8245
5378, 5743
5744, 7432
5745, 7890
5746, 7280
5747, 6281
4104, 5748
5749, 6770
5750, 7953
5751, 5951
1214, 5752
5754, 8821
4698, 5755
39, 5756
4461, 5757
5759, 5824
5760, 9203
3865, 5761
5765, 7593
3995, 5766
5767, 7792
5769, 7676
5201, 5770
165, 5772
116, 5774
893, 5775
5776, 8507
5777, 7625
5778, 7388
5780, 9904
2905, 5781
418, 5783
5784, 9360
5785, 9566
5787, 5817
5788, 7826
5789, 6081
2891, 5791
3083, 5792
203, 5793
4397, 5794
5795, 6741
3496, 5796
5798, 9221
4497, 5799
965, 5800
5801, 8628
5802, 7049
5804, 5945
5806, 8895
1746, 5807
5808, 7140
1237, 5809
874, 5812
5813, 8864
5815, 6065
5816, 7302
5820, 9828
3887, 5821
3983, 5823
201, 5825
5826, 7167
5827, 6841
5830, 7380
5831, 9606
5832, 6444
917, 5833
5834, 7060
5836, 9547
5837, 9301
5838, 7372
5839, 7410
5840, 7143
5841, 9204
5842, 9570
5843, 9957
5844, 7462
5846, 9082
5847, 8915
5848, 6739
5851, 9131
5852, 9122
4502, 5853
3424, 5854
5855, 8315
2915, 5857
5617, 5858
5860, 7382
5862, 8470
5863, 9371
2947, 5864
5867, 9057
587, 5868
5870, 9826
5871, 7057
2592, 5874
5875, 8725
779, 5877
5879, 9881
5880, 7515
5881, 5899
5882, 7979
5884, 8926
1728, 5885
5886, 8731
5890, 9579
3833, 5894
5895, 9759
5896, 8857
5897, 9695
5898, 9157
5899, 9572
5901, 6165
456, 5902
377, 5904
5905, 9716
5906, 9668
5908, 6137
5910, 6450
4333, 5912
4995, 5913
5914, 8236
4214, 5915
5916, 8412
1212, 5917
3985, 5918
4579, 5919
5922, 7801
1513, 5923
5924, 6829
5926, 7673
5927, 9752
5928, 6354
5931, 6271
5933, 9245
5934, 8702
5935, 6833
4011, 5936
5937, 7957
5938, 6390
5939, 8374
5940, 6702
414, 5941
4516, 5942
5943, 6872
4687, 5944
5455, 5945
4334, 5947
2105, 5948
5949, 7087
947, 5951
5952, 7092
5954, 7368
5955, 8329
5957, 8601
2793, 5959
1491, 5964
5965, 8423
5967, 9289
5968, 7003
5969, 9470
5971, 7318
5972, 9134
5973, 7835
5974, 8166
5975, 6494
5976, 9434
5977, 9382
2933, 5979
5980, 6967
4714, 5981
5982, 9503
5984, 9146
5985, 8015
5986, 9878
5987, 8283
2816, 5988
5248, 5989
59, 5991
5993, 8767
4672, 5994
5996, 9076
5997, 9859
202, 5998
5999, 6235
904, 6000
4441, 6001
2072, 6002
382, 6003
1420, 6004
5435, 6005
6007, 8971
6010, 8920
6011, 7757
6012, 7121
6015, 9896
6016, 9055
6021, 6116
6022, 7875
4601, 6025
2212, 6026
6027, 9073
3089, 6028
6029, 7973
6030, 9436
6031, 7360
4485, 6032
6033, 9009
6034, 6442
1723, 6035
6036, 7308
79, 6037
6038, 6466
1702, 6039
6040, 9864
6041, 6900
6043, 6531
3740, 6044
4868, 6045
3783, 6046
6047, 7515
6049, 9458
6050, 7868
5176, 6052
6053, 6207
3869, 6054
6055, 6961
6058, 9310
4658, 6059
6060, 6432
1120, 6062
4511, 6063
6064, 8271
773, 6066
6067, 8517
6068, 8424
6069, 9734
6071, 6538
6072, 6457
3498, 6073
6074, 6677
6075, 8495
4319, 6076
3881, 6077
6078, 8138
6079, 8440
6080, 9101
3596, 6081
6082, 6637
6084, 9583
6085, 8741
6086, 6871
2066, 6088
4236, 6090
6091, 6699
6093, 9744
6094, 8512
2584, 6095
1970, 6096
6097, 7172
2286, 6099
6100, 9539
3150, 6101
2848, 6105
6106, 8118
6107, 6419
6108, 6823
6109, 9184
6111, 7984
6112, 9045
5949, 6114
2984, 6115
6116, 9103
6117, 6613
6119, 7244
6120, 9989
5952, 6122
6123, 7135
6124, 8413
6125, 7649
6126, 6751
6127, 9502
6128, 7540
6129, 6877
6131, 8347
6133, 7622
3179, 6134
2980, 6135
6139, 6580
6143, 7416
1460, 6144
6145, 6602
6146, 6771
6147, 8964
6148, 8119
6149, 7706
1328, 6150
3810, 6151
2729, 6152
6153, 6417
4178, 6154
5968, 6155
4470, 6156
4643, 6157
6158, 6932
6161, 6741
6163, 9269
3603, 6164
6167, 7132
1778, 6172
2670, 6173
6174, 9848
1215, 6175
2476, 6176
6178, 8175
6179, 9807
6180, 6404
6181, 9307
2478, 6183
4514, 6184
6187, 9311
6188, 8369
5047, 6189
3663, 6191
6192, 7863
6193, 7377
5280, 6195
6197, 8823
1077, 6198
6199, 9136
6200, 9203
1370, 6201
6202, 7026
6203, 9170
911, 6204
6205, 9966
5369, 6208
3796, 6212
3230, 6213
2604, 6215
6219, 7822
6220, 7923
3308, 6221
6225, 8790
6226, 7578
209, 6227
6228, 9939
4517, 6229
1335, 6231
6232, 8824
6238, 9901
6239, 9266
6244, 8520
1214, 6246
6247, 9412
3315, 6249
6251, 7347
5461, 6252
6253, 9411
6254, 8844
383, 6255
801, 6256
6258, 9961
366, 6260
1756, 6261
1658, 6262
4575, 6263
5022, 6265
5417, 6267
6268, 8408
97, 6272
5963, 6273
6277, 8523
3607, 6278
6279, 8596
6282, 6423
6283, 9352
6285, 9278
6286, 8451
6287, 9743
4582, 6288
6289, 7628
6290, 7653
316, 6291
6294, 6923
3617, 6298
4898, 6300
2750, 6301
6302, 8819
5514, 6303
6304, 8365
6305, 8790
1986, 6306
5387, 6307
3255, 6308
6309, 8797
1324, 6310
2083, 6312
2504, 6313
6314, 6580
1938, 6316
6317, 7426
6321, 8847
2963, 6323
6324, 8637
6325, 8583
4647, 6326
6331, 8599
5932, 6332
631, 6335
6063, 6338
642, 6340
4597, 6341
6344, 6368
6345, 7299
6089, 6346
3825, 6347
105, 6348
2870, 6350
7, 6351
6353, 8947
6354, 9605
6355, 9479
5653, 6356
6357, 8408
6359, 9116
6361, 9458
1718, 6362
6363, 8448
5442, 6364
6365, 6971
6366, 6625
849, 6367
6369, 7451
6361, 6370
1781, 6371
6372, 8154
6375, 8043
880, 6376
6377, 9169
6378, 9374
5253, 6380
6160, 6381
2386, 6382
6383, 7282
6384, 6760
6385, 9422
6386, 6816
6292, 6388
5405, 6390
4342, 6391
6392, 9301
277, 6394
1719, 6395
6400, 6486
2173, 6401
3483, 6403
3671, 6404
3429, 6405
3539, 6406
6407, 8252
6409, 7267
6410, 7889
6412, 6504
6414, 9946
690, 6416
5214, 6417
856, 6420
6130, 6422
1162, 6423
2026, 6424
6425, 9453
6426, 7340
6427, 9217
6429, 7314
4976, 6430
3671, 6434
6435, 8529
1105, 6436
6437, 9657
1066, 6438
6440, 9429
2558, 6441
2399, 6443
5892, 6445
6446, 7519
733, 6447
3174, 6448
6449, 6484
799, 6450
6451, 9999
6453, 7885
6454, 7493
6456, 8037
4052, 6457
5369, 6460
6461, 8309
5304, 6462
6463, 7211
2597, 6464
5440, 6465
6468, 7133
6469, 7833
6471, 9983
6472, 9525
6281, 6473
6475, 9240
6477, 8041
6197, 6480
6011, 6482
6483, 7066
6485, 7645
4780, 6488
4705, 6489
495, 6490
6344, 6492
3437, 6493
4824, 6495
6496, 7364
6497, 6501
2056, 6498
6499, 6550
6500, 7182
1455, 6502
6503, 6646
4533, 6505
4479, 6506
4404, 6507
5141, 6509
3216, 6510
1560, 6511
4143, 6512
6035, 6513
6517, 7380
5410, 6518
592, 6520
2132, 6521
1431, 6524
6526, 8318
6527, 8135
1996, 6529
6530, 9274
6532, 8756
5394, 6533
655, 6534
1905, 6535
5878, 6536
5249, 6537
2891, 6540
864, 6541
6543, 6584
2579, 6545
6546, 7730
6547, 9208
2514, 6548
6549, 9881
2830, 6551
5820, 6552
6426, 6553
6556, 8950
6557, 9487
2542, 6559
6562, 7050
6563, 6608
4928, 6564
6565, 7316
6566, 8415
6549, 6567
6569, 8556
6572, 8628
6573, 9557
2364, 6574
1461, 6575
4338, 6576
1385, 6577
6578, 9927
6579, 6736
1609, 6583
3474, 6584
6585, 8338
6586, 6886
4433, 6588
6592, 8011
2624, 6593
6597, 9854
5334, 6598
6599, 9693
6604, 7256
6606, 9030
6607, 7904
6609, 9472
4230, 6612
5460, 6614
288, 6616
6617, 9074
1583, 6618
6620, 7677
3661, 6624
5530, 6626
6627, 8955
5223, 6628
6629, 7905
6630, 9434
3504, 6631
5395, 6633
3489, 6634
1271, 6635
2016, 6636
6638, 9997
5597, 6639
2582, 6641
898, 6643
6644, 7846
5922, 6645
3002, 6649
4251, 6651
2163, 6652
2676, 6653
6654, 7439
1198, 6655
3690, 6657
6661, 7578
1209, 6662
6663, 8990
4927, 6664
1272, 6670
6671, 7940
6672, 9257
6673, 8880
6674, 7411
6675, 7744
6678, 7093
20, 6679
6680, 6805
6682, 8815
1275, 6683
6684, 6935
1484, 6685
6687, 7911
4035, 6688
6689, 8302
6690, 7170
6691, 7278
6692, 7822
6693, 6987
184, 6694
4164, 6695
6697, 7313
5841, 6698
6519, 6700
6703, 9485
6704, 9801
6705, 9190
3564, 6706
6710, 9431
6711, 8876
848, 6714
6715, 7678
90, 6716
757, 6717
3092, 6718
2729, 6722
6723, 9524
5072, 6724
2093, 6725
2707, 6726
6727, 7051
6730, 9828
4414, 6731
4288, 6734
6366, 6735
6737, 6968
6738, 7849
1105, 6739
1945, 6740
1722, 6742
6644, 6743
1224, 6744
6745, 9466
5991, 6746
5382, 6747
3256, 6748
6749, 6797
496, 6750
6334, 6751
6752, 9909
6753, 9356
3163, 6754
1999, 6755
6758, 8587
5673, 6762
6764, 7785
6765, 7848
6766, 8455
3461, 6767
4725, 6768
6769, 6967
6770, 7060
6771, 8693
4323, 6772
3467, 6773
6774, 7278
6775, 6891
1402, 6776
2489, 6778
6781, 9932
5357, 6783
596, 6784
3782, 6787
4501, 6789
5823, 6790
1216, 6792
6239, 6793
5822, 6796
6798, 9170
6799, 8803
5425, 6800
6801, 6924
3371, 6802
4341, 6803
6365, 6806
5099, 6808
6810, 8177
2903, 6811
154, 6812
1360, 6813
6815, 9310
6817, 9986
3445, 6818
6820, 9383
6824, 7297
6825, 9856
1567, 6831
6832, 9788
4448, 6833
6834, 8119
6836, 8037
3374, 6837
4295, 6838
1723, 6840
6842, 8169
6674, 6843
3441, 6844
6845, 7924
6846, 9755
6850, 8184
6851, 9436
6852, 8419
3571, 6853
6855, 7711
3323, 6856
3375, 6857
6185, 6858
6859, 7338
6763, 6860
6861, 7471
3269, 6864
892, 6865
3862, 6866
5127, 6867
6717, 6868
1453, 6869
6871, 8439
6874, 9333
6876, 9467
5553, 6877
5852, 6878
5736, 6879
6880, 7056
1175, 6881
5656, 6882
6884, 7401
4467, 6885
6887, 9632
6888, 8026
6889, 8412
6891, 9377
4872, 6892
1761, 6894
5572, 6895
6896, 9337
5445, 6898
6899, 6911
3785, 6900
2501, 6901
6600, 6904
5836, 6906
6907, 7315
6461, 6908
745, 6910
6911, 7727
6912, 7908
6913, 9450
6914, 9127
1218, 6915
2300, 6916
5651, 6917
1092, 6918
6921, 7730
84, 6925
527, 6926
505, 6927
2386, 6928
6929, 9127
6924, 6930
6931, 9599
6937, 9565
6939, 7541
6940, 7285
6941, 9635
6942, 8961
6943, 7871
6945, 7063
6946, 7381
366, 6947
3194, 6948
3453, 6949
5013, 6950
6951, 7267
6953, 9448
3380, 6954
5149, 6956
4624, 6957
309, 6958
1057, 6959
4484, 6962
6377, 6963
1281, 6964
6965, 8446
2520, 6966
6969, 7362
6970, 7368
5429, 6972
4985, 6973
6974, 7457
6975, 8696
3631, 6976
6977, 8851
6979, 8406
4302, 6980
222, 6981
6983, 9789
6984, 7159
6018, 6985
567, 6986
6988, 7794
6990, 7272
6992, 9219
6993, 7328
6665, 6995
6997, 9355
7001, 9352
783, 7002
5915, 7004
7005, 7033
790, 7006
7009, 9828
846, 7010
4419, 7012
7014, 9326
7015, 8651
162, 7018
1108, 7020
7023, 9651
1450, 7024
4153, 7025
7028, 7167
1252, 7029
7030, 9716
7032, 9008
7033, 8149
5547, 7036
7037, 9491
1174, 7039
7040, 7252
7042, 8977
3237, 7043
4158, 7044
1980, 7045
5362, 7046
7047, 9083
4139, 7052
3461, 7053
1444, 7054
7055, 9836
7059, 9541
1206, 7061
7062, 9790
2014, 7064
5050, 7067
5530, 7068
7070, 8800
7071, 8744
7072, 8864
3100, 7073
7074, 7307
528, 7076
5202, 7077
4382, 7078
7079, 9795
3101, 7081
142, 7084
7086, 8691
4799, 7088
1867, 7089
814, 7090
7091, 8752
7093, 7784
1188, 7094
5990, 7095
7096, 9011
5108, 7097
7026, 7098
7099, 7342
55, 7101
7103, 9815
6978, 7104
7105, 8473
4963, 7107
5586, 7108
184, 7110
497, 7111
1157, 7113
7116, 9107
5700, 7117
2692, 7118
4035, 7119
7120, 8160
7122, 7454
7123, 8071
5954, 7125
7126, 7430
2090, 7128
5167, 7130
3650, 7131
6729, 7136
7137, 7436
2798, 7138
3683, 7140
4341, 7141
7145, 8236
2692, 7149
5611, 7150
7152, 8944
4883, 7154
3673, 7157
4109, 7158
5310, 7160
5900, 7161
563, 7164
1355, 7165
805, 7166
7168, 7750
1107, 7169
7170, 9114
4873, 7171
7173, 7930
6422, 7174
7175, 7439
6428, 7176
3577, 7177
3764, 7178
4132, 7179
5922, 7180
7183, 8123
7184, 8269
2680, 7187
2392, 7188
7192, 7276
6436, 7193
7196, 8483
4645, 7197
7199, 9571
7200, 9824
7201, 9387
7202, 9274
7203, 7482
7167, 7205
1831, 7207
2126, 7209
527, 7210
2072, 7212
7213, 9844
3310, 7215
7216, 7536
1959, 7218
7219, 9505
460, 7220
6235, 7221
4700, 7223
2471, 7225
7226, 9546
2016, 7227
4815, 7228
2065, 7229
528, 7230
6809, 7231
7232, 8896
7234, 8904
332, 7235
5353, 7236
470, 7237
3286, 7239
489, 7240
4126, 7241
3755, 7242
1779, 7243
6064, 7244
7245, 7493
124, 7249
7250, 7681
7251, 8526
6180, 7253
4798, 7254
7257, 8544
7258, 8754
7260, 9848
1543, 7261
5667, 7262
248, 7263
1801, 7264
1931, 7265
7266, 7864
223, 7270
7271, 9862
7273, 7425
7274, 8703
7275, 8387
4631, 7276
7277, 9711
7090, 7281
6924, 7283
4973, 7284
7288, 7664
1803, 7291
250, 7292
7293, 9203
6551, 7294
7296, 7375
849, 7298
7299, 9672
5714, 7300
3100, 7301
6256, 7302
6088, 7303
4379, 7304
7305, 7797
1445, 7306
7307, 8099
7310, 7932
2945, 7311
7312, 7544
7313, 8275
4649, 7314
2432, 7315
5847, 7317
7320, 9969
7323, 9256
3482, 7326
5602, 7329
7330, 7707
2267, 7331
3179, 7332
3730, 7334
6361, 7336
6462, 7339
7341, 8304
2059, 7342
453, 7344
3265, 7345
5373, 7346
7348, 9873
7349, 8985
986, 7350
7351, 8038
3293, 7353
7355, 8720
3003, 7356
1940, 7359
7361, 8048
3100, 7363
7366, 8084
2260, 7367
7073, 7371
7373, 7922
7374, 8075
7375, 8975
7376, 7568
7378, 8441
400, 7379
5484, 7380
3440, 7383
7384, 7684
990, 7385
2282, 7386
3921, 7387
7388, 9398
2015, 7389
3083, 7390
6763, 7391
7392, 8386
6992, 7394
978, 7395
7075, 7397
7399, 8965
2289, 7400
7402, 9323
7404, 9036
7406, 9170
105, 7408
3149, 7412
2637, 7413
7414, 9056
1610, 7415
308, 7417
6237, 7418
7419, 9289
7420, 8974
7421, 9897
1163, 7423
7428, 9919
1178, 7429
7430, 9252
6426, 7433
7434, 8252
7435, 9893
7437, 9729
7438, 8398
7441, 9526
6237, 7443
6982, 7445
7450, 9801
7451, 9860
7452, 9869
351, 7454
7455, 9071
3843, 7457
3650, 7458
7333, 7464
2637, 7465
5031, 7467
4363, 7469
3948, 7471
6886, 7473
6915, 7474
4687, 7476
5855, 7478
7479, 9155
7483, 8696
6062, 7484
7485, 7775
3754, 7486
7292, 7488
1901, 7490
7492, 7625
7494, 9465
965, 7495
297, 7496
7500, 7580
4773, 7501
7502, 8234
7503, 7921
7504, 9859
7505, 9156
5067, 7506
2636, 7507
2776, 7508
7509, 9344
7511, 9072
7512, 8652
3399, 7514
7516, 8087
4714, 7517
4367, 7518
7520, 8709
5335, 7521
4052, 7522
7523, 8754
6858, 7525
7526, 9857
1307, 7527
7528, 9128
505, 7529
3539, 7532
7533, 9473
4672, 7534
4, 7536
7538, 7784
7539, 7749
2053, 7541
7542, 8331
7545, 8728
7546, 7987
7550, 8801
3605, 7552
7555, 8731
2828, 7557
7559, 9540
44, 7560
7561, 9127
7562, 9898
7563, 9207
1679, 7565
7569, 8635
89, 7570
3719, 7571
7572, 8573
5719, 7573
6297, 7575
4497, 7576
2845, 7577
7506, 7579
3386, 7580
7581, 8133
7488, 7582
5041, 7583
7584, 9085
3701, 7585
7587, 9384
5823, 7588
5726, 7590
326, 7594
7595, 9698
2527, 7596
5342, 7597
4262, 7598
3024, 7599
4649, 7600
4476, 7601
7603, 8507
3664, 7605
7163, 7606
5681, 7607
869, 7609
2020, 7610
7611, 8726
4666, 7614
4755, 7615
3082, 7617
2005, 7618
3637, 7619
2125, 7620
7622, 8326
7623, 7631
7626, 7753
321, 7627
1034, 7629
6602, 7630
7631, 9563
7093, 7633
1001, 7634
6288, 7635
7636, 8735
271, 7637
3057, 7639
2115, 7640
7642, 7808
6505, 7644
7646, 8786
6816, 7647
4029, 7648
4635, 7649
6643, 7650
3235, 7651
7652, 9235
2643, 7656
4629, 7658
7060, 7660
125, 7662
3467, 7663
7666, 8040
7667, 8813
3144, 7669
7670, 9688
5582, 7671
7327, 7672
7674, 9398
4166, 7675
5695, 7680
2467, 7685
7686, 9935
7687, 9760
4104, 7688
7689, 8730
5652, 7690
7691, 9932
7692, 9775
6013, 7693
4205, 7694
1729, 7696
7697, 8811
7698, 9509
5628, 7699
4988, 7700
7702, 8873
7704, 8554
1679, 7708
5889, 7709
7711, 9403
6214, 7712
1050, 7713
7714, 7928
7425, 7716
7717, 8731
4145, 7718
6982, 7719
7720, 9301
497, 7721
7723, 9429
6053, 7724
7726, 8961
4816, 7728
956, 7729
1413, 7731
3473, 7732
4526, 7734
7736, 7827
3595, 7737
7739, 9787
97, 7740
7741, 8030
5373, 7742
7743, 9211
7368, 7746
3152, 7750
6562, 7751
3307, 7752
7753, 9297
7754, 8275
7755, 9066
2065, 7756
7760, 9517
2269, 7761
4078, 7762
7763, 7867
7764, 8172
5417, 7767
3982, 7769
7770, 9733
7773, 8408
4339, 7776
7777, 9955
2264, 7781
5412, 7782
3046, 7783
7787, 8917
7788, 9947
7553, 7789
7791, 7892
4917, 7793
7795, 8044
7796, 8371
7799, 8432
7800, 9855
5918, 7803
7804, 9179
7805, 9592
4982, 7806
6043, 7809
5413, 7810
5779, 7813
7814, 9232
7815, 8434
7492, 7816
3211, 7818
1253, 7819
5694, 7820
7821, 9621
7823, 9981
4867, 7826
4309, 7829
7830, 9907
6043, 7833
7834, 8464
7835, 9541
6148, 7836
6139, 7837
5398, 7839
7840, 8515
6746, 7841
7780, 7842
7844, 9934
972, 7847
4954, 7850
3435, 7852
6478, 7853
4166, 7855
3605, 7856
7857, 9984
3006, 7858
838, 7860
7861, 8805
4954, 7862
7863, 8761
6893, 7865
7866, 8804
5805, 7869
6291, 7870
3706, 7872
1140, 7873
2884, 7874
3484, 7877
7700, 7880
6442, 7882
7422, 7883
6627, 7885
7567, 7887
7888, 8476
6603, 7892
4066, 7893
7895, 8461
424, 7897
608, 7898
7900, 9417
5933, 7901
4755, 7902
7903, 8496
606, 7904
7906, 9264
7907, 8499
7504, 7909
5205, 7910
4279, 7912
1962, 7913
7914, 8785
3121, 7915
4155, 7917
7918, 8161
7919, 8086
7548, 7920
7925, 9259
6467, 7927
7928, 8913
5638, 7931
332, 7933
3689, 7934
7935, 8413
7936, 8572
2171, 7937
4007, 7938
2473, 7939
1260, 7942
4203, 7943
3387, 7945
6132, 7947
4111, 7949
7950, 8311
7951, 8931
15, 7953
4581, 7954
1882, 7956
11, 7959
7505, 7961
7962, 8647
7963, 8571
7964, 9290
5929, 7965
5695, 7967
3134, 7968
6092, 7969
912, 7970
3982, 7971
7337, 7972
2731, 7976
6099, 7977
6295, 7978
808, 7980
7982, 9907
3778, 7983
374, 7984
4062, 7985
7986, 8168
3692, 7988
1966, 7989
4296, 7990
4060, 7991
7993, 8941
7462, 7995
493, 7997
272, 7998
7926, 7999
8000, 9092
7963, 8001
8002, 9368
1563, 8003
8004, 9935
3263, 8005
8007, 8044
8008, 8457
3876, 8010
6053, 8011
5803, 8012
323, 8016
8017, 9820
8018, 9511
1915, 8019
2633, 8020
1769, 8021
8022, 8181
8023, 8886
5932, 8024
8025, 8499
6487, 8027
8028, 9165
7328, 8029
4113, 8032
6872, 8033
6345, 8034
8035, 9249
8039, 8970
8042, 9390
8044, 9845
1971, 8045
4789, 8047
7427, 8049
8051, 8451
8053, 8427
8054, 8115
8055, 8679
2101, 8056
8057, 9878
3064, 8059
7404, 8062
4196, 8071
7196, 8072
8075, 8765
2910, 8076
8077, 9454
3637, 8078
1294, 8080
6757, 8082
8083, 9978
2364, 8085
8087, 8162
1673, 8090
8091, 8346
8092, 8788
8094, 8896
2034, 8095
8096, 9308
1325, 8098
4009, 8100
6218, 8101
6701, 8102
2070, 8103
8104, 8484
8106, 8281
8108, 9009
5095, 8110
4413, 8111
8112, 9400
8117, 8845
2279, 8120
400, 8121
4120, 8125
8126, 8854
8128, 9463
5556, 8130
8131, 8562
8132, 9028
1942, 8134
3612, 8138
8142, 8392
6648, 8143
8144, 8398
2164, 8146
1053, 8148
8150, 9451
8151, 9535
4525, 8152
1340, 8153
8155, 9595
8159, 8221
6557, 8160
1939, 8163
7352, 8164
8165, 8366
3719, 8169
8170, 9947
16, 8171
8172, 8178
8173, 9159
8174, 9803
5346, 8178
5050, 8179
107, 8181
4806, 8182
735, 8183
7022, 8185
8186, 9750
2671, 8188
2739, 8189
3493, 8190
4869, 8191
8192, 8335
1737, 8193
5033, 8194
8195, 9634
7308, 8196
3871, 8197
35, 8199
4469, 8200
806, 8201
1844, 8202
6102, 8203
3672, 8204
7389, 8205
4434, 8207
4915, 8208
4554, 8209
4481, 8213
3044, 8214
3699, 8215
1236, 8217
8219, 9465
4448, 8220
6824, 8221
8222, 9655
3160, 8223
8224, 9425
2325, 8225
6675, 8226
5731, 8228
1183, 8229
3317, 8230
1036, 8231
1121, 8232
3208, 8233
8234, 9820
7300, 8238
4124, 8239
3073, 8241
4357, 8242
672, 8243
2931, 8244
3256, 8245
2973, 8246
4292, 8247
8248, 9201
4335, 8250
7384, 8251
634, 8254
3083, 8255
6478, 8259
8260, 8604
3324, 8261
2268, 8262
6763, 8263
8264, 9433
8265, 8487
8267, 8920
4777, 8270
8272, 9295
1951, 8273
4114, 8274
3687, 8276
3047, 8277
717, 8278
3371, 8279
8240, 8280
1818, 8281
3897, 8282
7001, 8284
8285, 9797
660, 8286
8287, 8338
7384, 8288
8289, 9885
3603, 8290
3943, 8291
4969, 8292
1583, 8293
4089, 8294
7441, 8295
3738, 8296
8297, 8914
4979, 8299
8301, 9348
1441, 8303
8305, 8677
3363, 8306
8307, 8663
4795, 8308
2295, 8310
1892, 8311
8312, 9185
643, 8313
2185, 8314
7788, 8316
8319, 8600
5790, 8320
8322, 9639
1793, 8323
8327, 9227
8040, 8328
4008, 8331
1299, 8332
7989, 8334
8335, 8586
5043, 8337
3777, 8339
8341, 9536
3430, 8342
115, 8343
1759, 8344
8345, 8591
37, 8349
6897, 8352
8353, 8838
3706, 8354
6375, 8356
1653, 8357
8358, 8437
2148, 8359
8360, 8814
6413, 8361
5241, 8362
2769, 8363
8364, 9459
728, 8368
1423, 8370
4511, 8372
7125, 8376
6030, 8378
8379, 8692
3936, 8380
6893, 8382
8384, 9183
4996, 8387
7308, 8388
2446, 8389
8390, 9771
5123, 8392
8393, 8796
2687, 8394
5597, 8396
8397, 8949
2298, 8399
8400, 8835
2064, 8401
3630, 8402
6120, 8404
7703, 8405
4141, 8407
8409, 9646
8411, 9122
8414, 9168
6169, 8416
3336, 8417
2238, 8420
4791, 8421
6789, 8424
5946, 8426
4883, 8428
8429, 8467
1821, 8430
1324, 8436
3976, 8437
3815, 8438
8441, 8552
2164, 8442
7924, 8443
8398, 8444
5811, 8445
8446, 8676
8448, 9356
7791, 8449
1994, 8452
1974, 8453
8455, 9963
3447, 8456
6492, 8459
4112, 8460
6799, 8462
7191, 8463
115, 8466
8467, 9820
1700, 8469
2953, 8471
4725, 8472
8474, 9838
7274, 8475
7032, 8477
2987, 8478
1569, 8479
6590, 8482
7382, 8490
7806, 8492
1652, 8493
8495, 9195
3066, 8498
5876, 8500
4358, 8502
5066, 8503
8504, 9402
1523, 8505
6678, 8507
8511, 8523
8512, 9485
5565, 8513
2441, 8514
2063, 8516
7560, 8518
7278, 8519
3885, 8521
2624, 8525
8526, 9681
4059, 8527
8529, 9469
6463, 8532
5146, 8533
6887, 8534
1884, 8535
4922, 8536
8537, 9538
7104, 8539
8540, 9577
3491, 8541
8542, 8553
7582, 8545
1543, 8546
428, 8547
8548, 8712
8549, 9427
7202, 8550
7278, 8553
6097, 8555
8556, 8745
3104, 8557
6137, 8558
7441, 8561
2529, 8562
5540, 8563
7137, 8564
4244, 8566
3780, 8567
8568, 9082
3554, 8570
4007, 8571
8565, 8574
8575, 9165
8576, 9571
8577, 8674
8578, 9614
1254, 8580
7022, 8581
3114, 8582
8534, 8584
7858, 8586
3558, 8588
8589, 9809
6494, 8590
8591, 9486
5119, 8592
2131, 8593
3071, 8594
2637, 8595
7156, 8597
629, 8598
8599, 9168
7156, 8601
39, 8602
1526, 8603
3317, 8605
8001, 8606
8607, 8908
6477, 8609
854, 8611
2386, 8612
6774, 8613
8615, 9619
8178, 8616
8617, 9598
8619, 9080
3521, 8620
6130, 8621
2748, 8622
3005, 8623
2073, 8624
8626, 9029
8629, 8648
7905, 8630
2004, 8631
8387, 8633
8634, 9910
552, 8636
8637, 9470
2120, 8638
5320, 8639
6819, 8640
1703, 8644
1905, 8645
8646, 9224
8649, 8785
8650, 9418
1669, 8653
3469, 8654
2917, 8656
8657, 8809
4419, 8659
3417, 8662
5553, 8664
4244, 8665
4650, 8666
1466, 8667
8496, 8670
1512, 8671
8672, 9378
8673, 9826
7962, 8676
8678, 9020
7203, 8681
8682, 8702
761, 8684
4326, 8685
5974, 8686
1390, 8687
6608, 8689
6350, 8690
1565, 8691
139, 8694
8695, 9707
7167, 8697
2131, 8698
6708, 8699
8701, 9345
8704, 9433
6777, 8705
1370, 8706
8707, 9634
7380, 8711
3300, 8712
8713, 9209
8715, 9035
5305, 8717
3782, 8718
8719, 9431
5431, 8720
787, 8722
8723, 9105
3873, 8724
242, 8727
6305, 8729
8427, 8730
2908, 8733
4369, 8734
4114, 8736
5939, 8737
7797, 8746
1186, 8748
8749, 9168
3965, 8750
565, 8751
1910, 8755
7723, 8757
8758, 9484
3740, 8759
5998, 8760
8762, 9106
6555, 8764
5602, 8765
3952, 8766
8674, 8768
3935, 8771
6919, 8772
4293, 8773
3550, 8775
68, 8776
4042, 8777
8780, 9464
6459, 8781
3402, 8782
2802, 8783
8784, 9354
8786, 9430
6759, 8787
8789, 9084
4805, 8791
3012, 8792
8793, 9574
5653, 8794
3621, 8795
5964, 8796
8797, 9225
8798, 9547
8799, 9417
8725, 8800
8805, 9033
1958, 8806
1059, 8808
8810, 9260
7187, 8812
5284, 8816
5442, 8817
426, 8818
1302, 8819
8820, 9886
8177, 8822
6972, 8824
6359, 8825
180, 8826
8827, 9122
2744, 8828
683, 8829
8433, 8830
1067, 8831
7923, 8832
5844, 8833
8835, 9101
8836, 8887
7762, 8837
7664, 8840
8842, 9784
932, 8843
679, 8845
8846, 9573
915, 8847
817, 8848
1941, 8849
3472, 8852
331, 8855
8856, 9348
3596, 8862
732, 8866
5487, 8867
8868, 9464
272, 8870
8873, 9993
4735, 8874
7826, 8877
1112, 8880
5236, 8881
8882, 9247
4903, 8883
8538, 8884
8668, 8893
3611, 8894
8281, 8898
2485, 8899
7427, 8902
5087, 8903
3104, 8905
1368, 8906
4041, 8907
221, 8908
1440, 8909
4747, 8910
1064, 8912
2283, 8915
6431, 8916
2078, 8918
8809, 8919
6131, 8920
6295, 8922
5886, 8923
1919, 8924
8927, 9527
1424, 8929
2040, 8932
8934, 9988
6785, 8935
8937, 9967
8715, 8938
6775, 8939
374, 8943
8948, 8967
2504, 8949
4561, 8951
8953, 9493
5484, 8956
4451, 8957
8958, 9519
5622, 8959
2657, 8960
4459, 8961
8788, 8962
793, 8966
2522, 8967
3189, 8969
8971, 9219
1368, 8972
6794, 8973
8976, 9022
2447, 8979
4663, 8981
3588, 8984
1050, 8986
5990, 8987
2085, 8989
1499, 8991
6709, 8993
6883, 8996
5367, 8997
968, 8998
3210, 9000
3154, 9001
9002, 9277
4109, 9006
338, 9010
9013, 9042
9014, 9783
3847, 9016
5043, 9017
5195, 9019
4655, 9021
8501, 9023
498, 9024
9027, 9982
7127, 9031
350, 9038
7253, 9040
6896, 9043
6763, 9045
3983, 9047
143, 9048
2379, 9049
9050, 9981
6909, 9051
1077, 9052
4994, 9053
9054, 9363
7520, 9058
2495, 9059
3359, 9060
8315, 9061
9062, 9382
5871, 9063
5121, 9064
5140, 9065
9067, 9583
9069, 9782
5184, 9070
2167, 9075
5855, 9078
7797, 9079
5662, 9080
5296, 9085
7235, 9087
117, 9090
2990, 9094
6880, 9095
1917, 9099
3689, 9100
9104, 9259
9108, 9875
6602, 9109
7753, 9110
9111, 9611
2319, 9112
8178, 9115
9117, 9564
4841, 9118
1368, 9120
4728, 9123
3108, 9124
5119, 9125
613, 9128
3684, 9129
1178, 9132
3328, 9138
5336, 9140
8150, 9142
942, 9143
4419, 9144
6187, 9148
5921, 9149
9150, 9942
1917, 9154
2493, 9155
573, 9158
7359, 9162
9163, 9623
844, 9164
4762, 9167
3117, 9170
9061, 9171
5794, 9173
7385, 9174
9175, 9296
3591, 9176
9177, 9476
8675, 9180
564, 9181
3925, 9182
3086, 9185
4253, 9187
8156, 9188
288, 9189
6695, 9191
9192, 9269
3771, 9193
4238, 9197
339, 9198
62, 9206
2329, 9210
4084, 9212
9213, 9891
2926, 9220
9025, 9221
9225, 9849
2739, 9226
4884, 9228
7896, 9229
8971, 9230
6985, 9231
4287, 9232
3881, 9233
1749, 9234
3897, 9235
9236, 9843
5887, 9237
8755, 9242
3009, 9243
9248, 9533
5531, 9249
332, 9251
9255, 9869
2749, 9258
2354, 9261
4031, 9263
9264, 9441
2833, 9265
6422, 9266
3543, 9267
4019, 9268
8763, 9270
9271, 9371
7620, 9272
2078, 9273
1386, 9275
7695, 9276
8062, 9279
2953, 9281
4029, 9282
9283, 9972
9284, 9548
5078, 9285
134, 9287
1345, 9288
8710, 9290
6798, 9293
2276, 9294
2053, 9295
319, 9296
6518, 9299
9301, 9723
6334, 9302
9304, 9409
6984, 9305
9306, 9991
6210, 9309
5226, 9312
9313, 9865
285, 9315
1502, 9316
9031, 9317
4182, 9318
6163, 9320
2963, 9321
9322, 9519
9324, 9403
5829, 9325
3835, 9328
6472, 9329
8708, 9330
8648, 9332
9335, 9991
7502, 9336
9338, 9905
9339, 9999
3773, 9340
3490, 9341
3020, 9342
4185, 9343
4007, 9345
7571, 9346
7582, 9347
444, 9351
9353, 9827
7986, 9357
9360, 9921
7478, 9361
9362, 9512
6606, 9364
5136, 9365
2099, 9367
9369, 9889
8663, 9372
4870, 9373
2788, 9376
1219, 9381
8006, 9384
3326, 9385
6170, 9391
1134, 9392
59, 9393
4021, 9395
2135, 9397
5810, 9399
3068, 9400
9401, 9452
9184, 9404
9405, 9702
364, 9407
5444, 9408
4677, 9410
6334, 9411
613, 9412
2952, 9414
4099, 9415
1904, 9419
8367, 9420
9152, 9421
375, 9428
1028, 9429
6448, 9435
6864, 9437
6402, 9438
3361, 9439
7425, 9440
1395, 9443
2991, 9444
9402, 9445
9201, 9447
807, 9449
9453, 9652
2599, 9455
4292, 9457
6145, 9459
6702, 9461
917, 9462
4747, 9467
449, 9469
2944, 9472
8895, 9473
6290, 9474
226, 9477
3935, 9478
9480, 9517
898, 9481
1862, 9483
8108, 9484
6665, 9488
9490, 9996
1833, 9492
4653, 9493
6799, 9494
7155, 9495
8836, 9496
23, 9497
2343, 9498
9499, 9999
1504, 9500
6322, 9501
9502, 9742
1126, 9503
4439, 9504
935, 9506
4603, 9508
3082, 9509
7475, 9512
8047, 9514
1907, 9518
4449, 9520
6147, 9521
5047, 9522
1992, 9523
6771, 9529
2467, 9531
9532, 9677
8369, 9534
3401, 9536
9072, 9537
8273, 9542
6749, 9543
5627, 9549
66, 9550
3654, 9551
6819, 9552
6924, 9554
1891, 9556
4314, 9559
6640, 9564
4234, 9567
4403, 9568
8410, 9569
3904, 9573
6470, 9575
240, 9576
2226, 9578
2005, 9581
1850, 9584
8758, 9586
2982, 9587
8780, 9590
7252, 9594
1670, 9596
5695, 9599
9530, 9600
3869, 9601
6904, 9603
3531, 9604
3274, 9608
3286, 9612
6661, 9613
2750, 9615
7649, 9616
5363, 9617
2467, 9620
4202, 9622
7452, 9624
7515, 9625
7380, 9626
7666, 9627
6333, 9628
3065, 9633
7153, 9636
993, 9638
9170, 9640
9641, 9716
2897, 9642
3348, 9643
692, 9647
261, 9649
557, 9650
430, 9652
6659, 9654
9442, 9655
8109, 9656
3111, 9659
5296, 9661
7243, 9662
7001, 9663
7817, 9664
5581, 9665
3144, 9669
2181, 9670
1720, 9673
9375, 9674
2910, 9679
7052, 9680
4961, 9684
3024, 9685
5800, 9687
6992, 9688
4185, 9689
5941, 9690
4605, 9691
7436, 9692
2091, 9693
2658, 9694
8488, 9696
2545, 9697
1196, 9698
3875, 9699
2660, 9701
8295, 9703
8907, 9704
161, 9706
4655, 9707
7946, 9708
1727, 9710
9036, 9712
2211, 9714
4498, 9715
1401, 9717
3595, 9719
9133, 9720
6804, 9722
5979, 9724
5310, 9726
5860, 9727
4975, 9730
6908, 9731
8798, 9736
1596, 9737
737, 9738
9574, 9739
2298, 9740
5990, 9741
6335, 9745
515, 9746
7307, 9747
3649, 9748
233, 9752
2776, 9754
3780, 9756
5540, 9757
9758, 9792
747, 9760
2349, 9761
848, 9762
5325, 9763
7772, 9764
8218, 9765
6330, 9766
5185, 9769
8742, 9770
7523, 9772
2976, 9773
4642, 9774
5631, 9775
3324, 9776
9241, 9778
4903, 9779
5115, 9780
8099, 9784
1121, 9786
4927, 9787
61, 9788
4770, 9791
2147, 9793
6691, 9796
9470, 9798
4644, 9799
9384, 9800
3033, 9802
6720, 9805
3410, 9806
6516, 9808
9573, 9810
202, 9811
6386, 9813
2756, 9814
9188, 9815
1807, 9816
3005, 9817
1975, 9818
7470, 9822
552, 9823
3834, 9835
8982, 9839
6748, 9841
3698, 9844
1638, 9846
9847, 9984
8354, 9850
9033, 9853
2643, 9858
7567, 9861
3327, 9863
6761, 9864
4503, 9867
3014, 9868
7556, 9870
7542, 9872
6140, 9876
9458, 9878
3472, 9879
9880, 9908
8864, 9882
2732, 9883
8441, 9884
9886, 9961
6661, 9887
9723, 9888
7860, 9889
5442, 9890
479, 9891
7212, 9892
2340, 9894
478, 9900
3372, 9903
3457, 9911
5187, 9912
6379, 9914
4322, 9915
3689, 9917
2459, 9922
6537, 9924
4567, 9926
411, 9929
7871, 9930
6206, 9931
7867, 9934
4799, 9936
91, 9938
2388, 9941
7221, 9943
2593, 9948
9718, 9949
6873, 9950
8704, 9951
5244, 9952
2284, 9953
1110, 9954
9485, 9956
2846, 9957
8351, 9958
942, 9960
1157, 9968
4979, 9970
5442, 9971
8435, 9973
4047, 9974
9861, 9977
1910, 9978
2879, 9979
3751, 9980
8024, 9984
2383, 9985
9338, 9986
1833, 9987
3286, 9989
4684, 9990
5233, 9992
2843, 9994
7184, 9995
9595, 9998
3, 694
4278, 9909
8709, 9456
6461, 9557
472, 2540
19, 2093
4238, 6462
672, 3145
23, 9572
1886, 2636
3400, 6782
27, 2886
3228, 8464
3607, 6375
32, 3984
35, 8110
36, 8441
91, 5349
38, 9015
1552, 6522
41, 2721
2467, 6934
1064, 8978
517, 3865
4812, 5434
2228, 2687
5610, 7811
5652, 9448
1474, 6051
8841, 8892
5310, 6269
1314, 9022
58, 4533
62, 785
63, 592
810, 1543
27, 3054
1954, 3785
4236, 6816
2086, 8039
1523, 3636
3411, 6279
2093, 6780
5471, 9256
377, 9489
2838, 7513
79, 6314
210, 6808
81, 5802
579, 3122
6624, 9200
1318, 8950
815, 6428
2223, 7916
94, 2066
2460, 6494
4471, 6601
98, 4359
5116, 7001
345, 2805
101, 8460
3252, 7867
213, 7705
104, 9141
5810, 6348
1317, 3489
1292, 4829
113, 3764
7955, 9101
117, 433
5362, 8955
120, 9150
124, 2473
3758, 5626
25, 126
127, 6713
128, 6284
2620, 9512
5022, 7003
2714, 3374
134, 4528
135, 7378
136, 338
2212, 8784
2998, 8132
139, 2437
3125, 7798
608, 8524
143, 7199
693, 3947
6984, 7300
3990, 5270
1481, 8150
4814, 7064
1334, 7677
5185, 9471
154, 972
9466, 9770
1490, 8790
157, 3909
2494, 6671
4476, 6337
1986, 8127
1602, 7567
473, 2530
166, 6466
167, 3794
8509, 9886
5264, 5833
172, 2432
1693, 3704
322, 1652
1147, 7388
1608, 1832
6888, 9771
1457, 2514
5496, 5878
7879, 9406
5413, 6955
446, 1248
1764, 9842
1547, 6659
191, 8166
1439, 1579
193, 1806
1334, 6905
196, 8891
197, 2125
4574, 6681
199, 4155
1161, 9722
201, 3869
6479, 7391
4641, 8383
4479, 5811
205, 3690
8704, 9438
208, 660
211, 4108
4870, 8805
5894, 7131
8898, 9147
5298, 7399
491, 9989
1057, 7104
795, 5356
7825, 8565
917, 9251
6066, 9992
2070, 9314
6826, 7229
5232, 7190
3156, 8790
2421, 9390
2622, 7436
1752, 4204
5433, 7491
318, 6366
2184, 9486
6240, 9153
5153, 7326
3773, 5758
253, 3420
618, 8540
255, 1011
258, 5215
259, 2389
260, 633
6538, 9254
265, 8155
267, 1034
268, 7944
269, 2181
6539, 9096
2166, 7122
4897, 7237
4766, 6961
658, 8531
889, 3461
9024, 9807
4032, 5007
2945, 7050
758, 8415
281, 5238
1653, 8317
2479, 4158
4026, 8178
286, 2900
287, 4183
2757, 3265
289, 2544
746, 6419
1410, 4503
6478, 7220
7846, 9705
3391, 9186
389, 6729
298, 4899
299, 8137
301, 7001
302, 2153
1549, 6629
2297, 5556
305, 8849
3258, 6886
308, 3456
309, 9669
310, 4636
6105, 7831
312, 9860
1470, 7565
2959, 7547
317, 9592
321, 7948
2839, 5476
1376, 9785
330, 6188
362, 1414
5824, 6660
6061, 8089
2375, 6582
3747, 9786
790, 2583
2620, 6982
7834, 9553
306, 1741
7323, 8528
5573, 8647
1607, 8123
352, 9788
353, 9452
1087, 7031
1247, 8732
4844, 8730
361, 1804
406, 4902
365, 1547
2013, 7322
1899, 9762
412, 2604
5021, 9684
5701, 8631
1924, 9428
1460, 8748
1382, 2238
380, 6677
6034, 6360
2447, 4679
1082, 4885
3300, 9611
386, 5623
1629, 3149
389, 4699
4297, 7655
392, 4571
6117, 6516
395, 6306
1046, 5462
958, 2247
1834, 9817
2090, 3835
7798, 8858
209, 2035
291, 7628
407, 5542
2478, 7659
1715, 6245
1917, 7589
411, 7284
3500, 5072
5941, 9533
415, 2946
546, 2045
5749, 8247
418, 9822
419, 2678
420, 4501
3550, 6241
423, 5556
3215, 4680
426, 4830
920, 3297
429, 4704
3582, 7362
7362, 7725
2557, 5684
175, 7146
9139, 9755
4830, 9279
9503, 9856
7341, 9135
4048, 8931
6366, 6733
2286, 7087
5637, 9856
4713, 6733
459, 5053
461, 1914
3490, 4028
3565, 3766
468, 5550
3614, 4755
1638, 6480
7892, 8508
2743, 9859
3005, 9831
6642, 7243
4307, 5404
2450, 8928
482, 3138
3008, 5071
485, 749
2971, 7566
1506, 4812
2015, 5547
2000, 6318
5937, 8381
493, 5949
494, 7798
495, 6462
1349, 6750
497, 1838
5505, 5552
6733, 8175
1002, 4675
696, 9742
1986, 4587
505, 7715
3063, 6889
509, 4802
510, 4690
1252, 8208
1156, 6348
3001, 6814
4594, 7148
6922, 9020
627, 9338
4514, 5762
1887, 8240
6237, 6816
5331, 9921
121, 6408
561, 6042
759, 9068
5456, 9015
7708, 8850
6902, 7279
2040, 8081
2615, 3052
5963, 6100
5487, 8978
8124, 8550
4265, 8619
457, 7437
1763, 9012
5863, 9823
5222, 9819
554, 7710
555, 3678
4799, 5801
557, 2432
4352, 8501
1538, 9214
5125, 6863
5431, 6193
568, 8094
7541, 9854
570, 4431
2291, 6896
1631, 4264
6074, 7805
2740, 3238
576, 2212
577, 3024
158, 5371
5860, 8474
582, 7785
4427, 5728
1705, 3401
5167, 6287
4484, 8473
9257, 9482
589, 9538
590, 1252
3229, 3903
654, 6741
596, 1613
597, 3005
1968, 8181
1817, 9254
600, 2571
3185, 8902
603, 4352
7073, 8116
1755, 6327
4050, 4070
1874, 8559
2024, 5342
7251, 7974
1945, 2706
614, 1115
2755, 4097
5440, 8139
994, 5051
2609, 5586
623, 6404
1544, 3231
3357, 9386
1667, 9308
4973, 8722
5563, 5673
632, 4849
633, 7822
771, 4816
2552, 6476
639, 7623
640, 5869
3062, 5201
6857, 9199
5050, 8886
651, 6671
4612, 7642
4457, 7846
1795, 1901
5373, 6349
664, 5893
4632, 4900
667, 3815
3506, 5554
5419, 5496
674, 2793
4541, 9787
677, 5934
5526, 6445
1502, 3587
682, 9216
807, 4006
811, 1993
685, 9573
2188, 4704
6712, 8680
2778, 3654
982, 5647
2639, 5057
2555, 8897
8477, 9560
1513, 4332
702, 5037
1366, 7318
1651, 4376
5321, 8804
707, 5234
242, 709
1714, 2086
2298, 2823
5114, 8228
1985, 2007
7531, 8278
5388, 6774
1125, 3646
1285, 7208
282, 727
729, 2384
730, 9396
2283, 3230
732, 9145
6483, 7506
3415, 6874
4252, 9248
737, 9103
792, 4785
1291, 9002
741, 1451
742, 5689
1837, 6088
744, 9371
752, 4210
592, 1074
5883, 9460
732, 8431
1500, 4097
4928, 9246
764, 8060
3493, 9801
3834, 7184
3068, 5029
3948, 9584
3579, 9916
3621, 4451
3534, 4392
398, 4736
1905, 5463
1565, 4663
5712, 7738
4605, 9945
520, 6230
1788, 2960
7668, 9583
718, 791
793, 7805
796, 7022
2009, 8716
798, 2151
1214, 1364
802, 8430
1700, 6839
4216, 9729
4068, 4751
814, 7512
3138, 7059
817, 2890
6631, 9876
819, 7571
7759, 8216
3028, 7045
316, 3154
15, 236
826, 2729
5700, 7174
921, 3685
6857, 8147
7532, 9834
1918, 7802
1346, 1927
4620, 8836
1487, 6455
601, 840
1012, 7561
1230, 3117
845, 6763
846, 3255
1303, 5370
1034, 8058
5965, 6248
2566, 4885
7194, 9244
2277, 3510
2043, 4282
1722, 8569
1300, 8669
2101, 4876
4978, 7604
861, 2318
2909, 6343
4933, 5077
4403, 5308
3383, 7609
1247, 4826
872, 4308
2807, 5955
2354, 4590
2705, 8709
4772, 7438
5860, 6376
3069, 9135
883, 2652
2161, 4159
886, 1492
4377, 6568
4966, 9877
4623, 6775
1496, 4016
5401, 6024
4018, 4817
897, 3598
898, 1481
2337, 7902
900, 8859
8377, 9067
904, 6702
67, 2947
2582, 3269
908, 5556
909, 3820
2833, 5341
912, 1116
4923, 5384
1626, 5430
5078, 8506
924, 5855
349, 950
927, 9002
929, 6484
2701, 7273
3677, 8976
933, 8117
2787, 6223
281, 9591
3623, 5921
2695, 2908
3157, 9960
5398, 7340
4806, 6206
3667, 3960
948, 1388
396, 6393
1363, 6281
2963, 4292
954, 7047
957, 4994
5912, 8268
1525, 9180
4937, 6436
5432, 5800
2196, 7921
969, 8947
5842, 8099
9490, 9906
1622, 7013
6461, 7923
979, 8873
6820, 8814
7396, 9184
984, 5891
4263, 8992
483, 986
1659, 7288
6819, 9605
438, 6433
1401, 7437
7473, 7863
3885, 9374
7634, 9565
3372, 5360
6485, 8403
5815, 6250
1367, 8904
5232, 7875
241, 355
2547, 7375
1024, 1842
1029, 9396
1030, 9767
1110, 6539
3607, 6209
1033, 3248
4104, 8008
3486, 7017
6137, 9091
6222, 8863
7725, 8458
5091, 9836
272, 9610
1047, 1474
1049, 5080
3437, 7713
6131, 8617
6218, 8533
1820, 4668
1441, 9160
1071, 7218
1075, 1863
3284, 4537
8709, 8777
4287, 9974
4439, 7998
1950, 6148
113, 6546
3552, 7757
1091, 3546
1093, 4318
1234, 8785
1095, 1609
1101, 2897
6244, 7837
3902, 9549
6709, 7962
1866, 4481
3862, 6514
1120, 8216
1123, 7031
4306, 8198
1625, 8906
5053, 6289
1083, 2551
9238, 9426
7842, 9905
2011, 9102
4369, 8680
1325, 8027
5409, 8197
1723, 7936
1145, 7868
3491, 9944
1149, 1450
564, 2490
8871, 9473
5824, 8524
6480, 6998
3693, 5613
4232, 4256
5293, 5745
3307, 5395
6797, 9207
2056, 6330
1168, 2020
1988, 2426
1540, 3110
4827, 8722
3972, 9547
3127, 8980
5150, 6173
337, 1188
1189, 4862
4649, 7427
1191, 7812
3707, 4462
3363, 5781
4255, 7235
1454, 6483
1198, 3773
221, 1559
1202, 3147
2550, 5089
3620, 4400
5170, 6701
2617, 3801
593, 1034
1213, 6613
6399, 8971
4852, 7498
2680, 8157
1812, 6185
2020, 3012
1224, 4787
898, 3571
4453, 9762
6053, 7564
8643, 8743
1232, 7919
4361, 7460
2046, 6372
844, 2739
6075, 6276
2075, 5691
8775, 9825
566, 4057
2561, 6202
3122, 4176
5087, 7986
1268, 8432
2749, 9523
5850, 6036
1273, 9138
1815, 4870
1276, 6890
7259, 9255
1280, 1467
6804, 7774
3586, 4302
5897, 9716
5514, 7017
1319, 6230
1704, 7851
5754, 7716
3628, 5822
5569, 8239
2018, 6897
4955, 5621
1305, 9256
1306, 9024
2634, 7527
6264, 6350
3201, 3648
6999, 9364
4359, 5492
1316, 2022
1608, 7463
1323, 7335
2867, 3478
1395, 3963
1327, 2684
9010, 9558
2279, 5370
5410, 9056
1342, 4775
4182, 6606
2877, 4629
6683, 7748
6580, 7623
1354, 7877
1357, 6408
1358, 3295
1371, 7219
1178, 1372
1373, 7746
2683, 6006
5328, 5786
1378, 7683
5004, 6688
1733, 9041
2180, 6991
3974, 4569
3158, 3939
4450, 8942
481, 2282
1391, 8706
541, 8128
5682, 7164
1395, 9107
8911, 9730
1395, 1397
2979, 6883
1400, 3698
4060, 6776
4353, 7613
1547, 7509
1408, 8331
5900, 9669
1234, 7731
2366, 7290
350, 1717
202, 9284
2944, 4149
8483, 9297
1431, 9277
4151, 5033
7929, 9860
1420, 8489
1478, 3623
1797, 5000
1889, 5598
7333, 8212
1420, 1444
4815, 7608
1450, 6295
4125, 8273
3169, 9904
1663, 3846
1463, 4262
1408, 1465
5236, 6969
1468, 2048
5092, 6756
1633, 6452
2942, 8976
2561, 2984
3792, 6932
1992, 5768
186, 6168
1484, 8660
2993, 5069
107, 3650
1494, 9060
1495, 5922
4409, 4692
1498, 2650
1505, 7476
4130, 5253
4933, 8270
1855, 8805
4673, 7156
3301, 8592
30, 1519
437, 3665
5413, 7441
1524, 3568
4572, 7373
2084, 8485
3878, 8591
4281, 4362
3331, 3912
4394, 8141
5810, 6984
1548, 5774
1372, 6721
5710, 9710
1556, 6862
6252, 8616
1560, 4337
1175, 6920
1567, 2924
1569, 3144
3036, 4354
661, 1572
5219, 7681
692, 7944
1464, 1576
1577, 8132
6938, 8995
5859, 6711
1584, 5302
1585, 2501
2694, 3983
2935, 8512
4385, 5127
8140, 9821
1183, 7318
366, 8231
6176, 7077
1601, 1672
4748, 5819
4950, 8585
9495, 9635
766, 1609
1449, 9403
5606, 8650
2371, 3491
4558, 4635
1617, 6439
539, 1744
990, 5295
3895, 9916
3468, 9146
1328, 8738
1637, 5258
4687, 4778
1480, 1642
4996, 8084
3453, 5267
4418, 6525
1658, 6029
3559, 4219
2798, 4784
1664, 2199
4020, 8132
3101, 4355
5420, 8337
6718, 8305
1675, 8776
1395, 1680
610, 6294
9513, 9593
1735, 5724
3823, 8048
1688, 2939
9337, 9598
5449, 6141
4704, 6830
3890, 9561
1698, 5741
3065, 3126
1703, 5071
3041, 5326
5051, 9652
1709, 9186
4392, 6647
4819, 5926
3024, 5635
4222, 6395
7891, 8793
1722, 2635
5605, 6000
4407, 7996
4831, 9147
1816, 8461
4836, 7241
1731, 2345
2031, 2390
3498, 4317
2953, 3810
2146, 9032
6637, 6993
6275, 6894
260, 6632
2813, 5887
1770, 5727
1772, 4345
1843, 8252
2041, 5970
1775, 9105
4576, 9366
1933, 5317
6048, 7806
5715, 6057
1796, 5322
7412, 7983
1799, 6052
3707, 4389
5070, 6014
1930, 9696
116, 9119
4674, 8525
201, 3471
2848, 7864
1882, 8869
6682, 9004
3075, 7695
2571, 5592
1833, 2373
4055, 9636
5512, 9256
4458, 4821
4339, 9260
7134, 7370
1152, 1846
2940, 7135
4, 5350
2553, 3383
3517, 6481
1852, 6223
3351, 4957
2146, 5453
2379, 4030
910, 6439
4814, 7926
4204, 8696
2131, 9629
679, 1870
5999, 7771
3721, 6612
3267, 5600
1876, 4508
1877, 3235
7048, 9184
1881, 5038
4131, 8686
9335, 9356
3698, 6233
3099, 9820
765, 7121
5518, 6895
1901, 9955
1931, 3783
4856, 9701
1282, 1911
7520, 8046
801, 4384
1923, 7998
2072, 8994
5145, 6066
2573, 6029
7195, 7269
8496, 8908
5908, 6132
3618, 7960
4251, 6444
4676, 6217
4242, 8715
2943, 5154
1963, 7322
6860, 7267
5804, 6789
6096, 6940
5344, 9119
6500, 6935
333, 6650
1974, 4202
2678, 9616
1978, 4345
4862, 6293
6578, 8122
1994, 5634
4705, 6463
1666, 9327
1999, 2437
2002, 2516
3237, 5615
2005, 9627
6676, 8637
4160, 6580
2012, 4848
697, 1399
2016, 6389
2019, 9829
2101, 5526
5254, 7448
2027, 7155
5702, 9438
1826, 5414
217, 3456
7031, 8140
2044, 2081
4721, 9688
5961, 9386
2892, 8611
1103, 3296
2052, 8324
5903, 6066
5420, 9772
358, 3162
5570, 8366
2067, 7052
705, 6938
2913, 9609
2077, 9715
3279, 5899
3826, 8074
6828, 8109
3149, 4479
4367, 5731
4061, 4588
3974, 9830
3139, 3386
3144, 7573
673, 2105
4494, 4871
2110, 8854
2112, 8717
2115, 6230
6595, 8485
1902, 8860
2125, 4409
2138, 6421
2579, 8947
4290, 6611
2142, 5918
3136, 5439
1140, 2148
351, 2940
4396, 6970
1608, 2157
1855, 7271
1993, 5099
6770, 9757
6187, 7653
2165, 4091
2168, 5299
2169, 9140
2170, 4484
2176, 6564
1779, 9920
2182, 8283
2187, 2429
5651, 5953
2193, 9689
2230, 8779
728, 2204
4410, 7921
1278, 9064
340, 5960
2210, 2651
4185, 9545
7824, 8711
4594, 9246
7391, 9368
3376, 4343
8435, 8480
1751, 2231
2237, 3798
8297, 8465
2242, 5916
2248, 4906
2252, 9232
793, 6561
1700, 9122
2258, 3575
2259, 2825
4564, 7367
613, 8551
2262, 8397
339, 5143
584, 3566
6692, 7402
5037, 7817
2268, 4006
9055, 9530
4076, 9848
1448, 4217
4336, 4849
3593, 7440
7684, 8668
480, 2292
3352, 6720
2296, 4254
3417, 3777
1794, 2301
5791, 8642
4146, 8020
2310, 5689
2386, 3073
2313, 6167
2315, 8405
2322, 4315
1924, 2327
2331, 4228
2883, 8888
2814, 9372
2154, 2335
253, 2337
2339, 4862
2902, 6427
833, 2344
3138, 4458
5168, 5909
4927, 9222
2584, 7984
2364, 8930
1919, 9301
299, 4656
3663, 6613
1930, 4423
2947, 6629
3169, 9880
3186, 7045
2278, 2402
1060, 2405
2408, 6935
2409, 8350
8225, 9614
287, 9074
2418, 6055
2411, 3851
2423, 6234
5048, 9721
2427, 9783
1169, 9244
2999, 8665
9476, 9658
1707, 2440
8442, 9468
7551, 7553
4047, 9042
7621, 8647
2466, 8960
2716, 8732
8692, 9750
6990, 9250
66, 3942
2486, 2957
1796, 6170
4185, 6599
6675, 7556
5954, 8476
2916, 8806
4837, 6384
3829, 8937
2920, 8681
4690, 8129
55, 3479
3298, 5205
2541, 8715
4770, 7594
3915, 7040
1657, 7619
3958, 8025
6151, 8517
1136, 6822
6545, 9298
5827, 7938
2575, 6847
4453, 6641
4095, 7391
2056, 9054
3495, 3570
241, 2593
3475, 4438
3687, 5167
2329, 9455
2830, 9716
2376, 6177
3523, 3973
9088, 9928
2623, 6485
3931, 4496
5741, 8082
2637, 4257
3383, 6249
2652, 5420
2114, 5397
2654, 5507
2198, 3491
5150, 9701
2667, 4341
7405, 9824
4717, 9241
2674, 5689
6849, 8575
2684, 6162
2685, 3281
254, 8763
4979, 9082
7051, 9949
9237, 9604
4092, 6097
4061, 6726
3534, 6699
266, 9747
59, 5729
2730, 9199
5985, 7976
1436, 4609
2736, 7450
4082, 7250
6322, 8274
4007, 6902
1448, 1821
1781, 9869
2747, 6276
2755, 2906
5849, 5929
68, 6238
854, 2976
3135, 9668
2768, 7680
1162, 3436
6118, 6696
3473, 4497
7015, 8683
2785, 8228
5873, 5894
2628, 2793
481, 7293
4020, 4205
939, 2147
136, 4438
2809, 8384
2811, 4542
2816, 3320
2812, 2822
2182, 2823
2827, 5653
5627, 6629
2834, 7792
4043, 5645
4264, 5435
1885, 9713
2842, 9752
2843, 5410
4845, 6181
4916, 5321
3396, 9720
2494, 2853
1110, 2854
6163, 7201
2856, 4695
2857, 3014
2387, 2860
1399, 2861
912, 5307
2869, 9187
2870, 3639
7551, 8990
3304, 4226
4667, 6527
4678, 7930
3993, 4104
3669, 4812
7196, 7918
3879, 8614
2885, 5865
703, 7041
6339, 6647
2883, 7487
2898, 8126
2899, 5220
483, 3323
2910, 6789
2581, 5260
2912, 3293
3154, 8365
2918, 5079
5490, 7754
8079, 8776
8457, 9089
5021, 7591
8742, 9081
2948, 6757
5732, 6887
4983, 5797
6474, 8269
3249, 6685
2974, 5963
2980, 9379
1850, 7745
1422, 4375
4712, 9185
6186, 7016
2995, 3382
2996, 4819
6467, 8673
3003, 5405
3279, 9555
6773, 9789
3066, 8448
5693, 9644
3017, 9458
6319, 9505
3403, 3642
45, 573
7049, 9183
3038, 3553
3421, 3641
8699, 8758
3051, 7989
1818, 7142
4804, 8067
5030, 5445
6504, 7586
4219, 6160
1837, 3629
4980, 6675
2683, 4709
3076, 5324
7416, 7541
4891, 6615
3404, 5949
989, 9763
5226, 8878
6247, 9394
2132, 4163
3068, 6933
3108, 7297
2925, 3272
9404, 9828
1818, 7431
8132, 8176
3129, 3871
3110, 3130
3424, 4081
3208, 8520
3872, 4221
2639, 3163
1038, 8885
8040, 9446
3166, 3179
49, 3535
4666, 4767
2413, 8627
4510, 9896
1272, 3181
854, 3182
1014, 5042
6810, 8071
9473, 9854
3205, 5013
1061, 3210
8369, 9779
5801, 9741
2053, 9770
757, 4309
3484, 6808
1622, 4151
1796, 3242
3245, 5796
1157, 1325
2046, 5450
770, 5013
7932, 9848
3263, 8705
1966, 9751
2760, 7309
2288, 8375
406, 3306
7147, 8360
3310, 4541
4689, 5191
3330, 8177
3332, 6441
3333, 3742
6564, 6880
8462, 9315
6679, 9077
9058, 9795
3348, 7784
5922, 7859
3356, 5290
7829, 9618
4527, 6623
4972, 9245
3369, 8154
3569, 7142
24, 3376
3382, 5369
1449, 9732
2364, 6093
2135, 4665
6977, 8168
1097, 5841
3412, 5655
113, 3427
3428, 8878
7884, 7931
3434, 8745
5547, 7881
3445, 3939
4228, 4988
3463, 7679
3464, 4680
7922, 9686
3494, 7736
3455, 7072
3502, 9770
252, 5045
1122, 4628
1777, 4245
9419, 9852
3520, 5720
3610, 9833
3522, 9254
7124, 9039
3529, 5686
3537, 6035
8157, 9821
1020, 4449
3589, 4606
3725, 4748
5327, 7125
5396, 7888
3326, 5965
2905, 7151
3588, 8124
3589, 6016
4916, 9254
3593, 9208
331, 3595
2631, 8740
3611, 7874
316, 6526
5705, 9046
1696, 6794
3636, 6021
2581, 4314
449, 5926
6620, 6624
2198, 9034
4111, 5914
3680, 4199
8173, 8373
3708, 9946
4625, 6602
4755, 9949
4534, 9835
4480, 6290
3711, 8742
4651, 6404
1118, 3717
553, 3726
3728, 6375
3730, 6758
4653, 5675
1364, 1570
1147, 8236
1979, 8531
2099, 3883
3768, 8882
3772, 9373
4960, 7075
4537, 6064
6610, 8064
7302, 9940
5602, 9196
1675, 3791
2024, 5995
5329, 9682
5688, 9519
3540, 3809
2497, 7162
4981, 8950
6955, 8115
666, 3837
8002, 9178
934, 3255
3849, 6620
2749, 6485
4902, 5120
3859, 9245
850, 6758
5346, 6523
1749, 5850
9425, 9811
7308, 7701
4934, 5101
3901, 9725
1366, 7063
7623, 8069
8975, 9259
1356, 7305
331, 7154
3935, 9311
127, 3944
3971, 4107
3577, 9829
2992, 3982
3987, 7314
1872, 4964
4004, 5878
5782, 9546
1867, 6110
2802, 6370
8153, 9263
2247, 4038
5372, 8907
4707, 9710
1616, 4054
7480, 9991
4058, 6828
4800, 6827
4807, 6826
4068, 6132
2376, 5108
6171, 6987
2073, 8180
4080, 6430
5558, 6277
4805, 8122
2219, 4201
705, 2232
3643, 4101
4105, 4116
9081, 9161
4733, 5785
3081, 4120
4123, 6581
2756, 4134
151, 7337
7526, 9111
5920, 7732
4143, 6886
5515, 5778
4152, 5092
7693, 8330
4155, 7427
4157, 7791
4162, 4539
1396, 5139
6668, 7677
1005, 4741
4180, 7711
2771, 4181
5116, 6358
7691, 8865
979, 4191
836, 8012
4198, 4333
6605, 9501
3253, 9964
979, 6970
7407, 7934
3278, 8608
2727, 8097
6195, 9567
7131, 8258
6040, 7537
2239, 7710
3570, 4249
912, 4253
4272, 6166
4277, 8042
6554, 8911
3242, 4281
5470, 8367
5352, 9655
4288, 9224
5553, 7101
1375, 4299
4302, 7798
3771, 4311
6257, 8913
6629, 7325
2747, 4327
362, 4330
5255, 7032
4932, 7354
3646, 6342
5703, 9128
3514, 4357
3585, 4358
4366, 7993
3208, 4367
6679, 7856
136, 6544
2230, 7078
529, 8661
6084, 6274
4846, 8635
3474, 4397
3192, 9519
2702, 4404
1934, 8461
4411, 7519
6539, 7035
5046, 6979
1610, 4429
7379, 9583
4363, 9011
4672, 7898
4835, 6424
4266, 4473
9286, 9566
4496, 5625
436, 6259
2895, 3698
7200, 9511
1653, 4512
1012, 4809
613, 9912
5822, 9666
4538, 5011
2184, 4696
7667, 9208
7419, 8282
4567, 8661
4591, 7398
2267, 4593
4500, 5358
5949, 8579
4589, 5594
4032, 8423
8077, 9198
2221, 7733
4640, 8105
5622, 7027
2932, 7891
5491, 6602
1956, 4670
5134, 9880
7223, 8753
5105, 9479
1459, 4723
8686, 9792
3897, 6987
618, 7740
605, 4749
1498, 4759
7424, 9028
654, 7246
1391, 7704
5644, 8557
4210, 4792
2926, 9759
625, 3279
1272, 5123
4851, 7410
5019, 5734
1212, 8144
1040, 4863
4905, 9480
4126, 4920
5490, 6909
1609, 8486
5424, 8325
2064, 8040
2356, 9098
3820, 4971
5280, 8977
4162, 5022
9246, 9405
3059, 5530
4993, 7373
7491, 7911
4011, 7323
3544, 8544
8266, 9460
3149, 5058
3073, 5066
6398, 7080
1164, 5085
5094, 8402
6589, 8248
5432, 6809
3053, 5109
6851, 9225
5118, 6804
616, 8195
5128, 8766
1653, 8605
9286, 9365
3952, 9471
4553, 5380
1565, 5158
2710, 5160
5166, 8271
5188, 7467
2199, 5196
6047, 8315
851, 9804
4161, 5220
5224, 8872
3279, 5814
545, 9866
6994, 7398
3955, 9031
2493, 6993
2870, 5271
5276, 8977
551, 8050
7333, 9389
6707, 7858
3482, 8497
2169, 5357
3629, 9653
5315, 7513
7472, 9241
112, 7539
4990, 5320
9231, 9521
8065, 8634
5372, 9229
5376, 8719
3054, 7282
4554, 8921
6102, 8397
202, 6148
5437, 9978
5441, 9022
360, 5452
3957, 5460
1777, 3670
5493, 8813
5499, 7302
2511, 5511
4441, 7555
2912, 5551
5557, 8550
6667, 7586
1607, 5581
6385, 7489
2267, 8983
8136, 8256
8, 9402
3179, 9981
2386, 5628
5641, 9641
2198, 6587
8041, 8697
6963, 7804
6821, 7809
5866, 9441
3670, 5939
295, 7890
3124, 7280
3355, 7676
464, 3860
4016, 8436
5815, 6957
1113, 5887
5596, 7372
7410, 9047
7143, 8017
6873, 8063
5428, 5844
1748, 9131
3903, 5862
1921, 5867
7057, 8859
5890, 6728
5166, 8735
5926, 5950
4714, 5931
5937, 6628
3948, 5943
5972, 8801
6879, 8767
3489, 9076
6031, 8046
4489, 6314
1423, 6055
4579, 6058
6099, 9734
1217, 5092
477, 4962
5820, 8440
6085, 6137
3148, 8851
6106, 7120
8719, 9184
3300, 8413
2121, 3274
887, 7622
6771, 7759
4262, 6932
2830, 6480
358, 6205
1063, 7548
1490, 7347
2195, 6254
6268, 8258
358, 915
0, 3048
5058, 8594
9440, 9672
6355, 7524
1460, 6359
1739, 6400
2091, 9429
6456, 8229
2161, 6043
6230, 9983
3690, 6483
7364, 8411
6550, 7500
6527, 7872
2816, 6532
6584, 9260
4984, 6565
6585, 8317
6604, 9045
6638, 9139
24, 7439
7411, 8776
2692, 6680
4992, 6935
6683, 8302
4572, 7170
5149, 7678
429, 6968
5100, 7849
2660, 7848
8324, 8455
4044, 6781
7163, 9554
7370, 8443
6779, 7338
8065, 9467
6884, 8432
3308, 5876
2779, 5695
2372, 6941
1624, 2924
3843, 6640
4145, 6988
9355, 9573
4514, 7014
7023, 7108
7037, 7701
4643, 8752
2059, 9660
3879, 8944
6808, 7960
387, 8094
6130, 8904
1333, 7250
5799, 8526
5530, 7707
7348, 9480
3454, 7349
3357, 8038
7376, 8064
698, 8386
1175, 8974
367, 9893
640, 7775
8305, 9156
6975, 9537
388, 8087
150, 7559
1977, 9898
1368, 8635
9, 8573
4870, 7581
540, 2181
6083, 7611
453, 9430
8004, 8500
751, 6422
4448, 7697
5655, 8030
5929, 9211
3908, 7755
2493, 9517
5485, 8917
982, 9947
1695, 5299
9359, 9855
5194, 7815
2010, 7821
7830, 8925
710, 7834
2711, 5932
5011, 7907
1892, 3978
5380, 8000
1656, 8679
4304, 7022
3340, 8346
4321, 8788
4651, 8484
7754, 8126
3391, 8151
107, 6824
3239, 8586
6623, 8604
3276, 8704
4074, 8285
3672, 9348
2775, 8322
3121, 8838
1252, 8409
1548, 8674
8657, 9460
8157, 9378
9707, 9794
3581, 9464
1497, 9084
3904, 4441
7045, 9247
9290, 9988
404, 9783
649, 5390
1268, 9236
6538, 9283
5154, 9313
8460, 9353
210, 9401
1032, 9532
5600, 6752
2965, 8309
3453, 7910
257, 1780
2754, 8243
126, 9183
197, 9503
2032, 4067
1230, 4451
5222, 8248
4998, 6592
1659, 3535
54, 5025
5101, 9022
225, 2115
2594, 8298
136, 6816
737, 6406
2057, 8596
5824, 9489
3868, 8515
2286, 4471
5966, 9164
269, 7891
213, 5112
104, 4369
189, 1317
3559, 9942
1640, 3758
1825, 6284
428, 4632
478, 6397
3965, 6040
2788, 4575
2437, 7082
1352, 5262
6471, 9902
9305, 9430
5744, 7347
4075, 4677
6225, 8423
7140, 8936
6418, 7940
1794, 6533
4704, 8102
6038, 8011
322, 2872
8026, 8632
5897, 6548
185, 8225
7879, 7988
5880, 9526
6178, 8494
193, 2774
771, 9300
1763, 2587
1681, 7842
4276, 9423
5452, 6014
5629, 8565
5527, 7894
4685, 6371
5186, 8968
243, 5256
1975, 7402
3317, 4619
3755, 6696
889, 7096
1627, 9024
3037, 6566
2963, 9115
2900, 3355
1864, 6889
3850, 5442
376, 6728
1366, 5911
5698, 6689
2748, 4017
7160, 9222
1259, 2308
2601, 9238
3069, 6224
2668, 3862
2351, 7669
2116, 2222
8098, 9595
1707, 2389
3905, 4493
204, 2375
7834, 9999
1336, 3258
1610, 7230
2584, 8732
4812, 4961
1164, 7032
8457, 9701
2490, 6823
3010, 3382
4885, 5896
4383, 4571
801, 3403
6773, 7090
399, 7151
4983, 5013
1924, 9234
111, 9685
9248, 9836
3382, 8984
422, 2450
4562, 8861
3229, 4028
7464, 9755
2110, 9036
5322, 9856
3069, 8430
8560, 8931
463, 1888
369, 8418
6236, 6851
2622, 3976
7303, 8925
539, 2628
3373, 6437
1529, 6318
986, 4603
1943, 6922
3198, 7067
147, 5631
1453, 3092
553, 7802
6131, 6375
290, 6509
1542, 3618
3046, 8765
437, 2781
2597, 7451
1563, 6413
2571, 5753
7818, 9023
4008, 9086
605, 1142
5240, 6538
2327, 8223
1949, 2947
2373, 4576
1667, 2922
787, 8053
121, 2552
7529, 8988
470, 4956
1550, 8303
3623, 9955
5334, 5893
3081, 3155
1882, 4829
1855, 3706
9079, 9220
3066, 3749
714, 6465
2086, 4541
4332, 4455
2007, 2364
1292, 7190
4381, 6774
5436, 8167
734, 5851
792, 7354
1129, 4810
1499, 8657
5155, 9145
4789, 4917
4892, 5463
9786, 9945
2609, 5076
816, 8305
4403, 4575
4338, 4703
5508, 6713
1169, 3147
752, 8081
4064, 8840
8, 2269
2205, 9922
2984, 7576
3688, 6471
1885, 3624
848, 3935
6524, 7343
1488, 7273
936, 9836
2029, 2250
3157, 8979
456, 2431
339, 5812
2056, 6670
3803, 4947
1450, 4600
7874, 7921
563, 6971
1313, 8057
3054, 9383
4263, 4699
1001, 5226
2992, 7313
5607, 7071
9040, 9767
4647, 9570
2996, 3760
1049, 4417
7378, 8139
6620, 8422
2191, 3189
3975, 4548
1617, 4287
3239, 7092
7102, 7861
3927, 7426
4358, 6932
1817, 5652
1529, 5389
2524, 6702
6050, 8111
5600, 6286
2472, 3451
3508, 5500
1368, 2820
7279, 7427
3707, 5853
4806, 7365
1199, 3144
2949, 6299
6185, 8605
315, 4869
6102, 9219
9195, 9652
1064, 5850
551, 1276
2297, 4983
3190, 8116
4981, 6522
1310, 3352
4425, 6292
2877, 8487
3026, 7962
1184, 7661
3992, 6563
2180, 3633
1340, 8852
8696, 9055
8556, 9303
2351, 4767
1812, 4815
6549, 9781
2993, 6585
1431, 3150
659, 8168
2519, 2793
1438, 7109
4729, 6023
160, 3303
7911, 7944
884, 4590
4021, 6770
2935, 9003
2198, 7149
4940, 7139
5182, 9140
2226, 6666
990, 2329
4564, 5741
5060, 6344
2044, 4182
439, 8812
2389, 4653
1934, 8982
1120, 6306
2031, 8861
1209, 9480
817, 4345
3691, 4983
1775, 8046
4084, 5317
116, 1345
230, 8053
7779, 8043
456, 4440
6217, 8381
1940, 2101
1296, 9350
3658, 7442
2616, 6396
5622, 6463
4288, 7303
5949, 6494
2278, 2327
1717, 6457
3429, 5725
452, 1826
141, 6665
455, 7381
1707, 6932
2053, 2890
4461, 8914
1320, 8469
8105, 8709
6109, 7152
2370, 4558
1716, 9880
5965, 7124
4316, 8480
5706, 9832
2239, 6187
3155, 6600
2480, 3974
313, 5193
2575, 8460
4807, 9338
959, 8156
5756, 7173
2531, 6552
1198, 2503
647, 2702
2851, 7899
2820, 8595
623, 5185
289, 9693
5771, 7498
7200, 8137
3317, 4717
1826, 9970
7172, 7798
1538, 8571
2749, 8805
36, 4069
8651, 9566
2827, 5439
2093, 2836
1302, 5435
17, 2856
4698, 5366
8072, 8742
415, 5706
3110, 5369
1587, 9826
4994, 5737
533, 3638
1162, 3105
7657, 9184
2657, 5894
2742, 9009
528, 5990
5917, 7829
7799, 9254
3650, 8579
6645, 9379
1654, 5881
623, 4681
2360, 6391
6283, 6651
1343, 2857
7827, 8058
5813, 6016
452, 1260
1892, 7185
3610, 9618
5686, 9953
1999, 7047
224, 1147
7283, 9335
3635, 9159
4445, 9946
2592, 3883
7010, 7142
2502, 7654
283, 4061
4547, 6896
5417, 7795
2727, 9969
4266, 6288
1915, 2024
2934, 4436
4411, 5667
5238, 8406
5057, 6828
1916, 6762
4650, 7082
219, 7223
5263, 6355
8558, 9792
627, 3897
254, 6648
1137, 8676
244, 5672
201, 8064
1006, 9382
5432, 9541
2638, 6313
2850, 9836
4705, 7028
5549, 6963
7314, 9921
4867, 9511
4437, 5471
503, 1047
649, 3578
6038, 8706
2581, 6369
2944, 9531
5818, 6542
4623, 7813
4727, 5364
3139, 6927
3843, 8765
8822, 8997
2547, 9339
867, 5556
4168, 9842
4129, 9101
3719, 5637
4292, 4451
1153, 5341
8132, 8506
3366, 8600
5373, 9192
1407, 8611
3837, 5625
721, 7301
5753, 7908
5781, 9195
1700, 9430
5007, 5904
333, 9363
1553, 6648
1484, 1590
5356, 9995
557, 2313
1466, 9641
4071, 7669
4622, 6276
1035, 6391
3545, 4963
5787, 9188
3104, 4444
1643, 9359
3103, 8145
5231, 9271
814, 4271
1420, 8912
1320, 3132
3816, 5607
4917, 8247
1554, 7875
822, 1699
3779, 8612
6539, 7441
939, 7290
4092, 4542
816, 2578
133, 404
1165, 7135
7646, 8146
2662, 5384
9196, 9591
810, 9974
5068, 6436
3190, 7061
1915, 3352
578, 9644
475, 1442
8643, 9850
5558, 9268
803, 9096
908, 5872
2716, 8715
1857, 3948
2010, 6084
4936, 7779
3702, 8254
346, 4816
7487, 9156
4065, 9282
5596, 8337
1958, 7806
616, 2295
5544, 6158
1279, 1671
1505, 5900
117, 8339
3382, 6533
2778, 9541
243, 6816
3099, 6567
1444, 2659
5520, 8217
3253, 5196
3460, 7727
185, 1328
141, 5006
3858, 4662
270, 3761
1368, 4005
5747, 6711
7886, 9733
1716, 6895
6959, 8273
6797, 9238
88, 5413
